,Restaurante,Valoraci√≥n,Nota,Delivery_Fee,ETA,Tag,Precio,Direcci√≥n,Barrio,lat,lon
0,Badsha India Restaurant,200,4.4,1.0,15‚Äì35,India,‚Ç¨,"Calle De Embajadores,   Madrid",Centro,4.040.069,-369.925
1,TUTTO PASTA!,26,2.8,2.5,40‚Äì60,Family Meals,‚Ç¨,"Calle De N√∫√±ez De Arce, 11,  Madrid",Centro,4.041.538,-370.124
2,Pizza Central,31,3.8,2.99,35‚Äì55,Pizza,‚Ç¨,"Plaza Del Emperador Carlos V, 10,  Madrid",Centro,4.040.861,-369.288
4,La Tagliatella,15,3.9,0.9,25‚Äì35,Pizza,‚Ç¨,"Calle De Toledo 27,   Madrid",Centro,4.041.377,-370.737
5,Fritz Foods,41,4.5,0.4,30‚Äì40,Pizza,‚Ç¨,"Calle De Luchana 17,   Madrid",Centro,40.43,-370.099
6,Pizzart Luchana,28,3.1,1.9,50‚Äì60,Pizza,‚Ç¨,"Paseo De La Virgen Del Puerto, 45,  Madrid",Centro,4.040.922,-372.105
8,Kahuna,25,4.6,1.4,45‚Äì55,Burritos,‚Ç¨,"Calle De La Aduana 25,   Madrid",Centro,4.041.841,-370.073
9,Wacamole,50,3.9,0.9,40‚Äì50,De Latinoam√©rica,‚Ç¨,"Calle De Arriaza, 6,  Madrid",Centro,4.042.104,-371.579
10,El Imperio de la Empanada,28,3.1,0.9,45‚Äì55,Empanada,‚Ç¨,"Calle De San Andr√©s, 26,   Madrid",Centro,4.042.735,-370.352
12,Roost Chicken,28,3.1,1.4,45‚Äì55,Pollo,‚Ç¨,"Calle Mayor, 38,  Madrid",Centro,4.041.611,-370.831
13,Popeyes,200,4.3,0.4,30‚Äì40,Pollo,‚Ç¨,"Paseo Del Doctor Vallejo N√°gera, 25 ,   Madrid",Centro,4.040.163,-370.811
14,Papa John's,200,4.3,1.9,30‚Äì40,Pizza,‚Ç¨,"Calle De C√°ceres 1,  Madrid",Centro,4.039.854,-369.618
15,Comida china yonghe,50,4.3,2.4,40‚Äì50,China,‚Ç¨,"Calle Preciados, 29 ,  Madrid",Centro,4.041.959,-370.641
17,Taco Bell,145,4.3,0.9,30‚Äì40,Hamburguesas,‚Ç¨,"P.¬∫ De La Florida, 2,    Madrid",Centro,4.042.149,-371.954
18,KFC - Principe Pio,28,3.1,1.4,50‚Äì60,Pollo,‚Ç¨,"Traves√≠a De La Parada 6,  Madrid",Centro,4.042.286,-370.803
19,EL LAT√ìN GRIS,66,3.7,0.9,45‚Äì55,Pollo,‚Ç¨‚Ç¨,"Calle De Mira El Sol, 1,   Madrid",Centro,4.040.781,-370.452
21,TAMCOC,28,3.1,1.4,40‚Äì50,Italiana,‚Ç¨‚Ç¨‚Ç¨,"Calle De La Alianza 33,   Madrid",Centro,4.035.775,-368.689
22,Chinawokexpress,200,4.2,4.25,30‚Äì50,China,‚Ç¨,"Calle Dos Hermanas, 22,   Madrid",Centro,4.041.041,-370.607
23,La Alegr√≠a de la Huerta,28,3.1,0.9,25‚Äì35,Vegetariano,‚Ç¨,"Calle De N√∫√±ez De Arce 11,  Madrid",Centro,4.041.538,-370.124
25,Empanadas BAIRES,28,3.1,2.99,35‚Äì55,Empanada,‚Ç¨,"Atocha, 64,  Madrid",Centro,4.041.154,-36.983
26,Domino's,89,4.4,1.0,15‚Äì25,Pizza,‚Ç¨‚Ç¨,"Calle De Los Donados 2,   Madrid",Centro,4.041.799,-370.834
27,Cor & Cor,28,3.1,0.4,30‚Äì40,Postres,‚Ç¨,"Calle De Carranza 3,   Madrid",Centro,4.042.895,-370.276
28,Tiendas 7x24,70,4.6,1.9,50‚Äì60,Tienda,‚Ç¨,"Calle De Tudescos, 4,  Madrid",Centro,403.747,-365.969
30,Super naan,28,3.1,0.9,50‚Äì60,India,‚Ç¨,"Calle Azabache, 6,   Madrid",Centro,4.039.215,-372.487
31,Super Dog,25,3.7,0.9,30‚Äì50,Hamburguesas,‚Ç¨,"Calle Gran V√≠a, 16,   Madrid",Centro,4.041.966,-369.894
32,Steak Burger,168,4.2,1.4,45‚Äì55,Americana,‚Ç¨,"Calle De La Cruz, 20,   Madrid",Centro,4.041.553,-370.175
34,Galipan,23,4.2,0.9,45‚Äì55,Halal,‚Ç¨,"Calle Del Dr Cortezo, 7,   Madrid",Centro,4.041.347,-370.389
35,El Turkito,200,4.1,0.9,30‚Äì40,Asiatica,‚Ç¨,"Paseo De Santa Mar√≠a De La Cabeza 14,   Madrid",Centro,4.040.615,-369.478
36,Arepish,186,4.4,1.9,35‚Äì45,Venezolana,‚Ç¨,"Hilarion Eslava 42,   Madrid",Centro,4.043.649,-371.684
38,CONVEXO,69,4.6,2.4,40‚Äì50,Pollo,‚Ç¨,"Calle Del Mes√≥n De Paredes 52,   Madrid",Centro,4.040.597,-370.127
39,Mandela 100,28,3.1,0.9,40‚Äì50,India,‚Ç¨,"Calle Del Esp√≠ritu Santo 16,   Madrid",Centro,4.042.557,-370.629
40,MY Pasta Room,59,4.6,1.4,40‚Äì50,Italiana,‚Ç¨,"Calle C√°ceres, 34,  Madrid",Centro,4.039.879,-36.959
41,Ristorante Pizzer√≠a Dante,61,4.1,2.4,45‚Äì55,Pizza,‚Ç¨,"Calle Gran V√≠a 74,   Madrid",Centro,4.042.146,-37.075
43,Trek Taco,28,3.1,0.9,40‚Äì50,Empanada,‚Ç¨,"Calle De San Bernardino, 20,   Madrid",Centro,4.042.541,-371.112
44,MILA TOWN,28,3.1,1.4,35‚Äì45,Americana,‚Ç¨,"Plaza Del Comandante Las Morenas 3,   Madrid",Centro,4.041.624,-370.883
45,Pollo Criollo,28,3.1,0.4,45‚Äì55,Pollo,‚Ç¨,"Paseo De Los Jesuitas 18,   Madrid",Centro,4.041.054,-373.129
47,Gourmet Madrid,24,3.3,2.4,60‚Äì70,Pizza,‚Ç¨,"Calle De Luchana 13,  Madrid",Centro,40.43,-370.099
48,Freedom Pizza,53,4.5,1.9,45‚Äì55,Pizza,‚Ç¨,"Calle De Mira El Sol 23b,   Madrid",Centro,4.040.763,-370.495
49,La Cochinita Loca,19,4.3,1.4,40‚Äì50,Colombiana,‚Ç¨,"Calle De Lavapi√©s 34,  Madrid",Centro,4.041.107,-370.275
51,Sonali Indian Restaurante,58,4.1,1.4,25‚Äì35,India,‚Ç¨,"Calle De Ayala 28,   Madrid",Centro,4.042.774,-368.571
52,SANABRIA,28,3.1,2.4,55‚Äì65,Tapas y raciones,‚Ç¨,"Plaza De La Cebada, 10,   Madrid",Centro,4.041.156,-371.008
53,Taberna La Buha,24,4.2,0.9,45‚Äì55,Tapas,‚Ç¨,"Calle De Galer√≠a De Vallehermoso 4,  Madrid",Centro,4.043.946,-370.777
54,Real Fried Chicken,15,4.3,2.4,50‚Äì60,Alitas de pollo,‚Ç¨,"Calle De Moncada 122,  Madrid",Centro,4.034.096,-369.201
56,Pollos a la brasa el Corral,31,4.6,3.0,30‚Äì50,Pollo,‚Ç¨,"Calle Mayor, 42,   Madrid",Centro,4.041.606,-370.853
57,Las Muns,28,3.1,0.4,35‚Äì45,Panader√≠a,‚Ç¨,"Calle Mayor, 31,   Madrid",Centro,4.041.613,-370.744
58,Chocolateria Tacita de Plata,13,4.1,0.4,35‚Äì45,Postres,‚Ç¨,"Calle Gran V√≠a, 22,   Madrid",Centro,4.042.011,-37.007
60,TGB,89,3.9,1.4,50‚Äì60,Hamburguesas,‚Ç¨‚Ç¨‚Ç¨,"Calle Vergara 3,   Madrid",Centro,4.041.775,-371.025
61,Mr. Pizza Madrid,28,3.1,0.9,35‚Äì45,Italiana,‚Ç¨,"Calle De Toledo, 63,   Madrid",Centro,4.041.122,-370.801
62,McDonald's,200,4.3,0.9,25‚Äì35,Hamburguesas,‚Ç¨,"Calle Libertad, 9,  Madrid",Centro,4.042.072,-369.767
64,Puccias Chueca,28,3.1,1.4,30‚Äì40,Americana,‚Ç¨,"Paseo De Santa Mar√≠a De La Cabeza, 86,   Madrid",Centro,4.039.875,-370.153
65,Beiben,14,4.2,1.9,30‚Äì40,Tapas,‚Ç¨,"Calle Andr√©s Mellado 43,  Madrid",Centro,4.044.112,-371.427
66,La Bruja del Vesuvio,28,3.1,1.9,40‚Äì50,Comida r√°pida,‚Ç¨,"Calle De Cea Berm√∫dez 49,   Madrid",Centro,4.043.905,-370.972
67,Cerveceria Ria√±o,28,3.1,2.9,45‚Äì55,Cerveza,‚Ç¨,"Calle De Jos√© Calvo 6,   Madrid",Centro,4.045.883,-370.845
69,Badsha India Restaurant,200,4.4,1.0,15‚Äì35,India,‚Ç¨,"Calle De Embajadores,   Madrid",Arganzuela,4.040.069,-369.925
70,TUTTO PASTA!,26,2.8,2.5,40‚Äì60,Especialidades,‚Ç¨,"Calle De C√°ceres 1,   Madrid",Arganzuela,4.039.854,-369.618
71,Pizza Central,31,3.8,2.99,35‚Äì55,Pizza,‚Ç¨,"Calle C√°ceres, 34,  Madrid",Arganzuela,4.039.879,-36.959
73,Ristorante Pizzer√≠a Dante,61,4.1,2.4,40‚Äì60,Pizza,‚Ç¨,"Paseo Del Doctor Vallejo N√°gera, 25 ,  Madrid",Arganzuela,4.040.163,-370.811
74,Papa John's,200,4.3,0.9,20‚Äì30,Pizza,‚Ç¨,"Paseo Delicias, 65,   Madrid",Arganzuela,4.039.908,-369.435
75,Domino's,33,4.3,1.0,15‚Äì35,Pizza,‚Ç¨,"Calle De Toledo 27,   Madrid",Arganzuela,4.041.377,-370.737
77,Fritz Foods,41,4.5,1.9,45‚Äì55,Pizza,‚Ç¨,"Paseo De La Virgen Del Puerto, 45,  Madrid",Arganzuela,4.040.922,-372.105
78,Kahuna,25,4.6,2.4,50‚Äì60,Burritos,‚Ç¨,"Plaza Emperador Carlos V 11 ,   Madrid",Arganzuela,404.085,-369.295
79,Taco Bell,200,4.2,1.4,20‚Äì30,Hamburguesas,‚Ç¨,"Av. Del Manzanares, 210,  Madrid",Arganzuela,4.039.021,-370.016
80,La Tagliatella,15,3.9,2.4,25‚Äì35,Pizza,‚Ç¨,"Paseo De Santa Mar√≠a De La Cabeza 14,   Madrid",Arganzuela,4.040.615,-369.478
82,Arepish,186,4.4,1.4,25‚Äì35,Venezolana,‚Ç¨,"Paseo De Las Acacias, 22,  Madrid",Arganzuela,4.040.391,-370.708
83,McDonald's,200,4.4,1.4,15‚Äì25,Hamburguesas,‚Ç¨,"Calle Monederos 12,   Madrid",Arganzuela,4.038.776,-370.159
84,Precio Calidad y sabor,17,4.4,2.0,40‚Äì60,Bar Food,‚Ç¨‚Ç¨,"Calle De Mira El Sol, 1,   Madrid",Arganzuela,4.040.781,-370.452
86,TAMCOC,28,3.1,1.4,45‚Äì55,Italiana,‚Ç¨‚Ç¨‚Ç¨,"Calle De La Alianza 33,   Madrid",Arganzuela,4.035.775,-368.689
87,Chinawokexpress,200,4.2,4.25,30‚Äì50,China,‚Ç¨‚Ç¨‚Ç¨,"Calle Azabache, 6,   Madrid",Arganzuela,4.039.215,-372.487
88,Super Dog,25,3.7,1.4,30‚Äì50,Hamburguesas,‚Ç¨,"Calle Del Gral. Ricardos, 92,   Madrid",Arganzuela,4.039.347,-372.325
90,Autoservicio,77,4.8,2.4,30‚Äì40,Tienda,‚Ç¨,"Avenida De Rafaela Ybarra 37,   Madrid",Arganzuela,4.036.433,-371.421
91,Perla del Pacifico,66,4.1,2.4,40‚Äì50,Mediterr√°nea,‚Ç¨,"Avenida De Oporto 14,   Madrid",Arganzuela,4.038.512,-372.238
92,TROPICALISSIMA,84,4.4,2.4,35‚Äì45,Americana,‚Ç¨,"Paseo De Santa Mar√≠a De La Cabeza, 86,   Madrid",Arganzuela,4.039.875,-370.153
93,Beiben,14,4.2,0.4,25‚Äì35,Tapas,‚Ç¨,"Calle Del Pico De La Maliciosa 6,   Madrid",Arganzuela,4.045.069,-367.173
95,Streat Lab,50,4.6,2.9,50‚Äì60,Pollo,‚Ç¨,"Calle Mayor, 38,  Madrid",Arganzuela,4.041.611,-370.831
96,Popeyes,200,4.3,2.4,55‚Äì65,Pollo,‚Ç¨,"Calle Felipe Fraile 5,   Madrid",Arganzuela,403.971,-366.602
97,On Rush,14,4.8,2.4,50‚Äì60,Burritos,‚Ç¨,"Avenida De La Albufera, 40,   Madrid",Arganzuela,4.039.682,-366.662
99,El Sabroso Albufera,30,3.9,2.9,30‚Äì40,Comida r√°pida,‚Ç¨,"Calle N√∫√±ez De Arce, 11,   Madrid",Arganzuela,4.041.537,-370.106
100,Pizzer√≠a Argentina El Tr√©bol,24,4.3,2.99,35‚Äì55,Pizza,‚Ç¨,"Calle Dos Hermanas, 22,   Madrid",Arganzuela,4.041.041,-370.607
101,La Alegr√≠a de la Huerta,28,3.1,1.9,30‚Äì40,Vegetariano,‚Ç¨,"Traves√≠a De La Parada 6,   Madrid",Arganzuela,4.042.286,-370.803
103,EL LAT√ìN GRIS,66,3.7,2.4,70‚Äì80,Pollo,‚Ç¨,"Calle Del Mes√≥n De Paredes 52,  Madrid",Arganzuela,4.040.597,-370.127
104,Mandela 100,28,3.1,1.4,40‚Äì50,India,‚Ç¨,"Calle De Mira El Sol 23b,   Madrid",Arganzuela,4.040.763,-370.495
105,Pollo Rico Al carb√≥n,68,4.5,1.9,40‚Äì50,Pollo,‚Ç¨,"Calle De Moncada 122,   Madrid",Arganzuela,4.034.096,-369.201
106,Pollos a la brasa el Corral,31,4.6,3.0,30‚Äì50,Pollo,‚Ç¨,"Calle De La Antracita 12,   Madrid",Arganzuela,4.039.295,-368.724
108,Empanadas Malv√≥n,31,5.0,1.4,25‚Äì35,Empanada,‚Ç¨,"Calle Del Dr Cortezo, 7,   Madrid",Arganzuela,4.041.347,-370.389
109,El Turkito,200,4.1,1.9,40‚Äì50,Asiatica,‚Ç¨,"Calle De La Cruz, 20,   Madrid",Arganzuela,4.041.553,-370.175
110,Galipan,23,4.2,1.9,55‚Äì65,Halal,‚Ç¨,"Calle Gran V√≠a, 16,   Madrid",Arganzuela,4.041.966,-369.894
112,Steak Burger,168,4.2,2.4,55‚Äì65,Americana,‚Ç¨,"Calle De Antonio L√≥pez 109,   Madrid",Arganzuela,4.038.678,-369.811
113,Pollo Criollo,28,3.1,1.4,45‚Äì55,Pollo,‚Ç¨,"Calle De N√∫√±ez De Arce 11,   Madrid",Arganzuela,4.041.538,-370.124
114,Empanadas BAIRES,28,3.1,2.99,35‚Äì55,Empanada,‚Ç¨,"Calle De Tudescos, 4,   Madrid",Arganzuela,403.747,-365.969
116,Super naan,30,3.1,2.4,65‚Äì75,India,‚Ç¨,"Calle De Lavapi√©s 34,   Madrid",Arganzuela,4.041.107,-370.275
117,Sonali Indian Restaurante,58,4.1,1.4,30‚Äì40,India,‚Ç¨‚Ç¨‚Ç¨,"Calle De Los Donados 2,   Madrid",Arganzuela,4.041.799,-370.834
118,Cor & Cor,30,3.1,2.4,55‚Äì65,Postres,‚Ç¨,"Calle Libertad, 9,  Madrid",Arganzuela,4.042.072,-369.767
119,Puccias Chueca,30,3.1,2.4,40‚Äì50,Americana,‚Ç¨,"Ronda De Valencia, 14,   Madrid",Arganzuela,4.040.547,-370.151
121,Aloha Poke,200,4.5,1.4,20‚Äì30,Poke,‚Ç¨,"Calle De Atocha 98,   Madrid",Arganzuela,4.041.053,-36.958
122,Capasso Pizza,30,3.1,1.4,35‚Äì45,Pizza,‚Ç¨,"Calle De Lavapi√©s, 34,   Madrid",Arganzuela,4.041.107,-370.275
123,Shapla Indian,31,4.3,1.4,35‚Äì45,Pizza,‚Ç¨,"Calle Arechavaleta 6,   Madrid",Arganzuela,4.040.605,-370.752
125,Pura Italia,109,3.2,1.9,35‚Äì55,Italiana,‚Ç¨,"Plaza Del Comandante Las Morenas 3,   Madrid",Arganzuela,4.041.624,-370.883
126,Pollo Criollo,30,3.1,1.9,60‚Äì70,Pollo,‚Ç¨,"Plaza De La Cebada, 10,   Madrid",Arganzuela,4.041.156,-371.008
127,Taberna La Buha,24,4.2,1.9,55‚Äì65,Tapas,‚Ç¨,"Calle Ariel,15,   Madrid",Arganzuela,4.041.056,-371.352
129,El Buen Gusto,17,4.5,1.9,45‚Äì55,Bar Food,‚Ç¨,"Calle De Palos De La Frontera 38,  Madrid",Arganzuela,4.040.302,-369.613
130,La Pizza √© Bella,12,4.5,1.4,25‚Äì35,Pizza,‚Ç¨,"Calle Mayor, 42,   Madrid",Arganzuela,4.041.606,-370.853
131,Las Muns,30,3.1,2.4,50‚Äì60,Panader√≠a,‚Ç¨,"Calle De Atocha, 117,   Madrid",Arganzuela,4.041.013,-369.412
132,Halal Steak House Grill,30,3.1,1.4,30‚Äì40,Carne,‚Ç¨,"Calle De Silva, 25,   Madrid",Arganzuela,4.042.186,-370.571
134,Home Burger Bar,200,4.3,2.4,60‚Äì70,Hamburguesas,‚Ç¨,"Plaza De Puerta Cerrada 6,   Madrid",Arganzuela,4.041.375,-370.816
135,LaRegustosa,26,4.2,1.9,60‚Äì70,Empanada,‚Ç¨,"Calle De Embajadores, 12,  Madrid",Arganzuela,4.040.069,-369.925
136,TUTTO PASTA!,26,2.8,2.5,40‚Äì60,Platos a base de harina,‚Ç¨,"Plaza Del Emperador Carlos V, 10,  Madrid",Retiro,4.040.861,-369.288
138,Scarlett Real Food,30,3.1,1.4,35‚Äì45,Postres,‚Ç¨,"Calle De C√°ceres 1,   Madrid",Retiro,4.039.854,-369.618
139,Comida china yonghe,50,4.3,0.9,25‚Äì35,China,‚Ç¨,"Calle C√°ceres, 34,  Madrid",Retiro,4.039.879,-36.959
140,Ristorante Pizzer√≠a Dante,61,4.1,2.4,40‚Äì60,Pizza,‚Ç¨,"Paseo Del Doctor Vallejo N√°gera, 25 ,   Madrid",Retiro,4.040.163,-370.811
142,Papa John's,200,4.3,0.9,20‚Äì30,Pizza,‚Ç¨,"Paseo Delicias, 65,   Madrid",Retiro,4.039.908,-369.435
143,Domino's,33,4.3,1.0,15‚Äì35,Pizza,‚Ç¨,"Calle Azulejo 2,   Madrid",Retiro,4.033.274,-371.905
144,Pizzer√≠a Argentina El Tr√©bol,30,3.1,1.9,40‚Äì50,Pizza,‚Ç¨,"Calle De C√°ceres 1,   Madrid",Retiro,4.039.854,-369.618
145,Comida china yonghe,50,4.3,1.9,40‚Äì50,China,‚Ç¨‚Ç¨‚Ç¨,"Calle De La Alianza 33,   Madrid",Retiro,4.035.775,-368.689
147,Chinawokexpress,200,4.2,4.25,30‚Äì50,China,‚Ç¨,"Calle Del Pico De La Maliciosa 6,   Madrid",Retiro,4.045.069,-367.173
148,Streat Lab,50,4.6,1.9,40‚Äì50,Pollo,‚Ç¨‚Ç¨‚Ç¨,"Calle Azabache, 6,   Madrid",Retiro,4.039.215,-372.487
149,Super Dog,25,3.7,4.25,30‚Äì50,Hamburguesas,‚Ç¨,"Calle Felipe Fraile 5,   Madrid",Retiro,403.971,-366.602
151,On Rush,14,4.8,1.4,40‚Äì50,Burritos,‚Ç¨,"Avenida De La Albufera, 40,  Madrid",Retiro,4.039.682,-366.662
152,El Sabroso Albufera,30,3.9,1.9,20‚Äì30,Comida r√°pida,‚Ç¨,"Paseo De Santa Mar√≠a De La Cabeza 14,  Madrid",Retiro,4.040.615,-369.478
153,Arepish,186,4.4,1.9,35‚Äì45,Venezolana,‚Ç¨,"Av. De La Albufera, 91,   Madrid",Retiro,403.944,-366.152
155,Pizz-a-porter,30,3.1,1.9,40‚Äì50,Pizza,‚Ç¨‚Ç¨,"Calle De Mira El Sol, 1,   Madrid",Retiro,4.040.781,-370.452
156,TAMCOC,30,3.1,2.4,55‚Äì65,Italiana,‚Ç¨,"Calle Alcala 191,  Madrid",Retiro,4.042.654,-367.232
157,Pastamore,98,4.6,1.9,30‚Äì40,Italiana,‚Ç¨,"Calle C√°ceres, 34,  Madrid",Retiro,4.039.879,-36.959
158,Ristorante Pizzer√≠a Dante,61,4.1,2.4,45‚Äì55,Pizza,‚Ç¨,"Calle Azulejo 2,   Madrid",Retiro,4.033.274,-371.905
160,Empanadas BAIRES,30,3.1,1.9,45‚Äì55,Empanada,‚Ç¨,"Calle De Ayala 28,   Madrid",Retiro,4.042.774,-368.571
161,SANABRIA,30,3.1,2.4,50‚Äì60,Tapas y raciones,‚Ç¨,"Calle Dos Hermanas, 22, 28012 , Espa√±a,    Madrid",Retiro,4.041.041,-370.607
162,La Alegr√≠a de la Huerta,30,3.1,2.9,40‚Äì50,Vegetariano,‚Ç¨,"Calle De Moncada 122,   Madrid",Retiro,4.034.096,-369.201
164,Pollos a la brasa el Corral,31,4.6,3.0,30‚Äì50,Pollo,‚Ç¨,"Calle De Narv√°ez, 60,  Madrid",Retiro,4.041.965,-367.588
165,Empanadas Malv√≥n,35,4.8,1.4,25‚Äì35,Empanada,‚Ç¨,"Calle Gran V√≠a, 16,  Madrid",Retiro,4.041.966,-369.894
166,Steak Burger,168,4.2,2.4,55‚Äì65,Americana,‚Ç¨,"Calle Del Pico De La Maliciosa 6,   Madrid",Retiro,4.045.069,-367.173
168,Bur Burger,50,4.4,2.4,40‚Äì50,Hamburguesas,‚Ç¨,"Calle De N√∫√±ez De Arce 11,   Madrid",Retiro,4.041.538,-370.124
169,Empanadas BAIRES,30,3.1,2.99,35‚Äì55,Empanada,‚Ç¨,"Calle De La Cruz, 20,   Madrid",Retiro,4.041.553,-370.175
170,Galipan,23,4.2,2.4,60‚Äì70,Halal,‚Ç¨,"Calle Del Dr Cortezo, 7,   Madrid",Retiro,4.041.347,-370.389
171,El Turkito,200,4.1,2.4,50‚Äì60,Asiatica,‚Ç¨,"Paseo De Santa Mar√≠a De La Cabeza, 86,  Madrid",Retiro,4.039.875,-370.153
173,Beiben,14,4.2,2.4,35‚Äì45,Tapas,‚Ç¨,"Calle Del Mes√≥n De Paredes 52,   Madrid",Retiro,4.040.597,-370.127
174,Mandela 100,30,3.1,2.4,50‚Äì60,India,‚Ç¨,"Calle De Lavapi√©s 34,  Madrid",Retiro,4.041.107,-370.275
175,Sonali Indian Restaurante,58,4.1,2.4,40‚Äì50,India,‚Ç¨,"Av. De La Albufera, 20,   Madrid",Retiro,4.039.744,-36.679
177,Popeyes,187,4.1,1.99,20‚Äì40,Pollo,‚Ç¨,"Calle De Mira El Sol 23b,  Madrid",Retiro,4.040.763,-370.495
178,La Cochinita Loca,19,4.3,2.4,45‚Äì55,Colombiana,‚Ç¨,"Calle De Las Naciones 5,   Madrid",Retiro,4.042.685,-36.736
179,PaellaGood,30,3.1,1.9,45‚Äì55,Mediterr√°nea,‚Ç¨,"Paseo Del Marqu√©s De Zafra 38,  Madrid",Retiro,4.042.547,-366.303
181,DIVE`S FOOD,30,3.1,1.9,40‚Äì50,Hamburguesas,‚Ç¨‚Ç¨,"Calle Lopez de Hoyos 15,  Madrid",Retiro,4.044.861,-366.712
182,100 % Sano,30,3.1,1.9,35‚Äì45,Saludable,‚Ç¨,"Calle Libertad, 9,  Madrid",Retiro,4.042.072,-369.767
183,Puccias Chueca,30,3.1,2.4,40‚Äì50,Americana,‚Ç¨,"Calle Del Gral. Pardi√±as, 32,  Madrid",Retiro,4.042.651,-367.813
184,Rude Burger,36,4.8,1.9,35‚Äì45,Hamburguesas,‚Ç¨‚Ç¨,"Calle Conde De Penalver 35,   Madrid",Retiro,4.042.846,-367.524
186,Cor & Cor,35,4.3,1.9,45‚Äì55,Postres,‚Ç¨,"Av. De La Albufera, 1,  Madrid",Retiro,4.039.833,-366.869
187,McDonald's,200,4.4,1.4,20‚Äì30,Hamburguesas,‚Ç¨,"Calle Del Marqu√©s De Mond√©jar, 4,   Madrid",Retiro,4.042.681,-366.684
188,Thai Zafra,38,4.6,1.9,30‚Äì40,Pasta,‚Ç¨,"Calle Ariel,15,   Madrid",Retiro,4.041.056,-371.352
190,El Buen Gusto,17,4.5,1.9,45‚Äì55,Bar Food,‚Ç¨,"Avenida De La Albufera 119,   Madrid",Retiro,4.039.331,-365.945
191,Kebab Rayo,117,3.8,2.4,35‚Äì45,Kebab,‚Ç¨,"Calle De Atocha 98,   Madrid",Retiro,4.041.053,-36.958
192,Capasso Pizza,30,3.1,1.9,35‚Äì45,Pizza,‚Ç¨,"Calle De Lavapi√©s, 34,  Madrid",Retiro,4.041.107,-370.275
194,Shapla Indian,31,4.3,2.4,40‚Äì50,Comida reconfortante,‚Ç¨,"Calle De Silva, 25,  Madrid",Retiro,4.042.186,-370.571
195,Home Burger Bar,200,4.3,2.9,60‚Äì70,Hamburguesas,‚Ç¨,"Calle Del Dr. Esquerdo, 10,  Madrid",Retiro,4.042.661,-366.826
196,Empanadas Pampas,30,3.1,1.9,35‚Äì45,Empanada,‚Ç¨,"Calle Gran V√≠a, 22,  Madrid",Retiro,4.042.011,-37.007
197,TGB,89,3.9,2.4,60‚Äì70,Hamburguesas,‚Ç¨,"Calle Hortaleza,6,  Madrid",Retiro,4.042.047,-370.087
199,Bosforos Turkish Restaurant,34,4.3,2.9,50‚Äì60,India,‚Ç¨,"Calle De Atocha, 117,  Madrid",Retiro,4.041.013,-369.412
200,Halal Steak House Grill,30,2.9,1.9,35‚Äì45,Carne,‚Ç¨,"Calle De Barcel√≥ 6,  Madrid",Retiro,4.042.659,-370.073
201,Mad Pollo,45,4.0,1.9,15‚Äì35,Pollo,‚Ç¨,"Av. Del Mediterr√°neo, 30,  Madrid",Retiro,4.040.675,-367.267
203,Mahalo Poke,30,2.9,2.5,30‚Äì50,Poke,‚Ç¨‚Ç¨,"Calle Del Puerto De Balbar√°n 31,   Madrid",Retiro,4.037.649,-365.629
204,Kebab Entrevias,43,4.5,2.9,35‚Äì45,Kebab,‚Ç¨,"Calle De Santa Isabel, 5,  Madrid",Retiro,4.041.136,-36.987
205,Mo√±etes,30,2.9,1.9,35‚Äì45,Pizza,‚Ç¨,"Calle De Embajadores, 15,  Madrid",Retiro,4.040.069,-369.925
207,TUTTO PASTA!,26,2.8,2.5,40‚Äì60,Postres,‚Ç¨,"Avda. Felipe II, 17,  Madrid",Salamanca,4.042.413,-367.285
208,La Tagliatella,38,4.5,1.9,25‚Äì35,Pizza,‚Ç¨,"Plaza Del Emperador Carlos V, 10,  Madrid",Salamanca,4.040.861,-369.288
209,Scarlett Real Food,30,2.9,1.9,35‚Äì45,Postres,‚Ç¨,"Calle Del Conde De Pe√±alver, 13,  Madrid",Salamanca,4.042.635,-367.538
210,La Cuchara,30,2.9,2.4,40‚Äì50,Gourmet,‚Ç¨,"Alcalde Luis De Marichala 3,   Madrid",Salamanca,404.361,-36.722
212,Papa John's,127,4.1,1.4,35‚Äì45,Pizza,‚Ç¨,"Calle De √Ångel Gonz√°lez Tejedor 5,   Madrid",Salamanca,4.043.173,-365.658
213,Taco Bell,200,4.2,1.9,25‚Äì35,Hamburguesas,‚Ç¨,"Plaza Del Emperador Carlos V, 10,  Madrid",Salamanca,4.040.861,-369.288
214,Scarlett Real Food,29,2.9,2.4,45‚Äì55,Postres,‚Ç¨,"Calle Azulejo 2,   Madrid",Salamanca,4.033.274,-371.905
216,Pizzer√≠a Argentina El Tr√©bol,29,2.9,1.4,30‚Äì40,Pizza,‚Ç¨,"Calle De Jos√© Ortega Y Gasset 94,  Madrid",Salamanca,4.042.986,-367.176
217,Empanadas Malv√≥n,48,4.9,0.9,15‚Äì25,Empanada,‚Ç¨,"Calle De Luchana 17,   Madrid",Salamanca,40.43,-370.099
218,Pizzart Luchana,29,2.9,2.4,55‚Äì65,Pizza,‚Ç¨,"Calle Alcala 191,   Madrid",Salamanca,4.042.654,-367.232
220,Pastamore,98,4.6,0.9,15‚Äì25,Italiana,‚Ç¨,"Calle De San Andr√©s, 26,  Madrid",Salamanca,4.042.735,-370.352
221,Roost Chicken,29,2.9,2.4,50‚Äì60,Pollo,‚Ç¨,"Plaza Emperador Carlos V, 11 ,  Madrid",Salamanca,404.085,-369.295
222,Taco Bell,200,4.2,2.4,35‚Äì45,Hamburguesas,‚Ç¨‚Ç¨,"Calle De La Alianza 33,  Madrid",Salamanca,4.035.775,-368.689
223,Chinawokexpress,200,4.2,4.25,30‚Äì50,China,‚Ç¨,"Plaza Bami, 26,  Madrid",Salamanca,4.045.866,-364.638
225,El Burrito Borracho,29,2.9,1.9,35‚Äì45,Burritos,‚Ç¨‚Ç¨,"Calle De Azcona 36,   Madrid",Salamanca,4.038.927,-37.415
226,Arepish,186,4.6,0.9,25‚Äì35,Venezolana,‚Ç¨‚Ç¨‚Ç¨,"Calle De Alcal√°, 344,    Madrid",Salamanca,4.044.291,-361.886
227,Little Caesars Pizza,200,4.5,2.4,30‚Äì40,Pizza,‚Ç¨‚Ç¨‚Ç¨,"Calle Azulejo 2,   Madrid",Salamanca,4.033.274,-371.905
229,Empanadas BAIRES,29,2.9,1.4,35‚Äì45,Empanada,‚Ç¨,"Calle De Ayala 28,   Madrid",Salamanca,4.042.774,-368.571
230,SANABRIA,29,2.9,1.4,50‚Äì60,Tapas y raciones,‚Ç¨,"Calle Del Gral. Pardi√±as, 32,  Madrid",Salamanca,4.042.651,-367.813
231,Rude Burger,36,4.8,0.9,25‚Äì35,Hamburguesas,‚Ç¨‚Ç¨,"Calle Lopez de Hoyos 15,  Madrid",Salamanca,4.044.861,-366.712
233,100 % Sano,29,2.9,0.9,20‚Äì30,Saludable,‚Ç¨‚Ç¨‚Ç¨,"Calle Conde De Penalver 35,   Madrid",Salamanca,4.042.846,-367.524
234,Cor & Cor,35,4.3,0.4,35‚Äì45,Postres,‚Ç¨,"L√≥pez De Hoyos , 153,   Madrid",Salamanca,4.044.872,-366.864
235,Popeyes,200,4.4,2.4,35‚Äì45,Pollo,‚Ç¨,"Calle Del Pr√≠ncipe De Vergara, 210,    Madrid",Salamanca,4.042.562,-367.992
236,Home Burger Bar,198,4.1,2.4,30‚Äì40,Hamburguesas,‚Ç¨,"Calle Maldonado 07,  Madrid",Salamanca,4.043.367,-368.057
238,Artisan Burger,29,2.9,0.9,40‚Äì50,Hamburguesas,‚Ç¨,"Calle Del Marqu√©s De Mond√©jar, 4,  Madrid",Salamanca,4.042.681,-366.684
239,Thai Zafra,38,4.6,0.9,15‚Äì25,Everyday Essentials,‚Ç¨,"Calle De Maldonado, 51,  Madrid",Salamanca,4.043.378,-36.789
240,Tiendas 7x24,140,4.8,0.9,20‚Äì30,Saludable,‚Ç¨,"Calle De Vel√°zquez, 118,  Madrid",Salamanca,4.043.525,-368.349
242,Makan Saj Manoushe,200,4.9,1.4,30‚Äì40,India,‚Ç¨,"Paseo Del Marqu√©s De Zafra 38,   Madrid",Salamanca,4.042.547,-366.303
243,DIVE`S FOOD,29,2.9,1.4,35‚Äì45,Hamburguesas,‚Ç¨,"Calle De Mar√≠a De Molina, 44,  Madrid",Salamanca,4.043.794,-368.459
244,Flame,29,2.9,1.4,40‚Äì50,Hamburguesas,‚Ç¨,"Calle De Luchana 13,   Madrid",Salamanca,40.43,-370.099
246,Freedom Pizza,53,4.5,2.4,45‚Äì55,Pizza,‚Ç¨,"Calle Del Esp√≠ritu Santo 16,   Madrid",Salamanca,4.042.557,-370.629
247,MY Pasta Room,59,4.6,2.4,50‚Äì60,Italiana,‚Ç¨,"Calle Gran V√≠a, 16,    Madrid",Salamanca,4.041.966,-369.894
248,Steak Burger,168,4.2,2.4,55‚Äì65,Americana,‚Ç¨,"Calle De Goya, 70,  Madrid",Salamanca,4.042.469,-367.663
249,McDonald's,200,4.6,0.9,15‚Äì25,Hamburguesas,‚Ç¨,"Calle De Las Naciones 5,   Madrid",Salamanca,4.042.685,-36.736
251,PaellaGood,29,2.9,0.4,30‚Äì40,Mediterr√°nea,‚Ç¨,"Calle De N√∫√±ez De Arce 11,   Madrid",Salamanca,4.041.538,-370.124
252,Empanadas BAIRES,29,2.9,2.99,35‚Äì55,Empanada,‚Ç¨,"Calle De Carranza 3,   Madrid",Salamanca,4.042.895,-370.276
253,Tiendas 7x24,70,4.6,2.4,45‚Äì55,Comida r√°pida,‚Ç¨,"Calle Del Dr. Esquerdo, 10,  Madrid",Salamanca,4.042.661,-366.826
255,Empanadas Pampas,29,2.9,0.9,25‚Äì35,Empanada,‚Ç¨,"Calle Esteban Collantes, 31,   Madrid",Salamanca,4.043.166,-364.089
256,Croqueteria Focos,29,2.9,2.9,35‚Äì45,Croquetas,‚Ç¨,"Calle De La Cruz, 20,    Madrid",Salamanca,4.041.553,-370.175
257,Galipan,23,4.2,2.9,60‚Äì70,Halal,‚Ç¨,"Calle De Tudescos, 4,  Madrid",Salamanca,403.747,-365.969
259,Super naan,29,2.9,2.4,60‚Äì70,India,‚Ç¨,"Calle Mateo Garc√≠a, 13,  Madrid",Salamanca,404.316,-365.271
260,Pollos Gourmet,29,2.9,1.9,30‚Äì40,Pollo,‚Ç¨,"Calle De Gonzalo De Berceo 63,   Madrid",Salamanca,4.042.865,-36.399
261,Asador Perla del Pacifico Ascao,39,4.6,2.9,40‚Äì50,Carne,‚Ç¨,"Calle Libertad, 9,  Madrid",Salamanca,4.042.072,-369.767
262,Puccias Chueca,29,2.9,2.4,40‚Äì50,Americana,‚Ç¨,"Calle Del Cardenal Cisneros 1,  Madrid",Salamanca,4.042.965,-370.165
264,Graal,29,2.9,2.4,60‚Äì70,Ramen,‚Ç¨,"Calle De M√©jico 20,   Madrid",Salamanca,4.043.736,-367.305
265,Restaurante Chino Diamante,100,4.0,1.4,25‚Äì35,China,‚Ç¨,"Calle De Jos√© Abascal 31,  Madrid",Salamanca,4.043.856,-369.891
266,Junk Burger,31,4.3,1.9,45‚Äì55,Hamburguesas,‚Ç¨,"Calle De Hermosilla, 91,  Madrid",Salamanca,4.042.607,-367.616
268,Esmirna Doner Kebap,48,4.7,0.9,25‚Äì35,Kebab,‚Ç¨,"Av. De Felipe II, 8,  Madrid",Salamanca,4.042.385,-36.765
269,Aloha Poke,200,4.7,0.9,20‚Äì30,Poke,‚Ç¨,"Calle Zabaleta 1,   Madrid",Salamanca,4.044.065,-367.537
270,CHUCK CHUCK CHICKEN,29,2.9,1.4,35‚Äì45,Pollo,‚Ç¨,"Calle Gran V√≠a, 22,  Madrid",Salamanca,4.042.011,-37.007
272,TGB,89,3.9,2.4,65‚Äì75,Hamburguesas,‚Ç¨,"Calle G√©nova 27,  Madrid",Salamanca,4.046.663,-365.361
273,VIPS,16,4.8,1.9,50‚Äì60,Americana,‚Ç¨,"Calle De Atocha 98,  Madrid",Salamanca,4.041.053,-36.958
274,Capasso Pizza,29,2.9,2.4,45‚Äì55,Pizza,‚Ç¨,"Calle De La Virgen De La Fuencisla, 19,   Madrid",Salamanca,4.039.654,-366.673
275,HyH Kebab Fried Chicken,23,3.6,1.0,40‚Äì60,Pollo,‚Ç¨,"Calle De Jos√© Calvo 6,  Madrid",Salamanca,4.045.883,-370.845
277,Badsha India Restaurant,200,4.4,1.0,15‚Äì35,India,‚Ç¨,"Calle De Embajadores, 17 ,  Madrid",Chamart√≠n,4.040.069,-369.925
278,TUTTO PASTA!,26,2.8,2.5,40‚Äì60,Postres,‚Ç¨,"Avda. Felipe Ii, 17,  Madrid",Chamart√≠n,4.042.413,-367.285
279,Papa John's,200,4.5,1.4,30‚Äì40,Pizza,‚Ç¨,"Calle Del Conde De Pe√±alver, 17,  Madrid",Chamart√≠n,4.042.665,-367.583
281,Papa John's,200,4.3,0.9,25‚Äì35,Pizza,‚Ç¨,"Calle Del Conde De Serrallo, 1,  Madrid",Chamart√≠n,4.046.554,-369.196
282,Taberna Andaluza,25,4.4,1.4,40‚Äì50,Tapas,‚Ç¨,"Paseo De La Castellana 191,   Madrid",Chamart√≠n,4.046.807,-368.995
283,Taco Bell,200,4.1,1.4,25‚Äì35,Hamburguesas,‚Ç¨,"Calle Araucaria 19,   Madrid",Chamart√≠n,4.046.046,-370.001
285,Roost Chicken,123,4.6,1.9,35‚Äì45,Pollo,‚Ç¨,"Av. De Brasil, 6,  Madrid",Chamart√≠n,4.045.833,-369.354
286,La Mordida,25,4.4,1.4,45‚Äì55,Mediterr√°nea,‚Ç¨,"Calle Del Pr√≠ncipe De Vergara, 210,    Madrid",Chamart√≠n,4.042.562,-367.992
287,Home Burger Bar,198,4.1,0.9,25‚Äì35,Hamburguesas,‚Ç¨‚Ç¨‚Ç¨,"Calle De Huesca, 19, Bajo,    Madrid",Chamart√≠n,4.045.804,-369.889
288,La caba√±a de cris,29,2.9,1.9,50‚Äì60,Pollo,‚Ç¨‚Ç¨,"Calle De Bravo Murillo 199,   Madrid",Chamart√≠n,4.045.622,-370.204
290,Pollos al Carb√≥n,21,3.6,5.0,15‚Äì35,Pollo,‚Ç¨,"Calle De Manuel De Falla 5,   Madrid",Chamart√≠n,4.045.502,-368.811
291,Limbo Player Two,29,2.9,0.9,45‚Äì55,Carne,‚Ç¨‚Ç¨,"Av. De Brasil, 17,  Madrid",Chamart√≠n,4.045.837,-369.289
292,Ala Sushi,29,2.9,1.4,30‚Äì40,Sushi,‚Ç¨‚Ç¨,"Calle De Bravo Murillo, 113,  Madrid",Chamart√≠n,4.044.805,-370.399
294,Little Caesars Pizza,200,4.6,3.0,5‚Äì25,Pizza,‚Ç¨,"Calle De La Infanta Mercedes, 17,  Madrid",Chamart√≠n,4.045.303,-369.951
295,Toro Burger Lounge,23,4.1,1.9,55‚Äì65,Alcohol,‚Ç¨,"Castellana, 123,  Madrid",Chamart√≠n,4.045.826,-369.067
296,Popeyes,200,4.0,1.4,30‚Äì40,Pollo,‚Ç¨,"Calle Castilla,4   Madrid",Chamart√≠n,4.045.286,-370.425
298,MANKA,52,4.9,2.4,55‚Äì65,Pizza,‚Ç¨,"Paseo De La Castellana 130,  Madrid",Chamart√≠n,404.502,-369.019
299,Yakitoro,26,4.5,1.4,55‚Äì65,Pollo,‚Ç¨,"Calle De Francos Rodr√≠guez, 42,  Madrid",Chamart√≠n,4.045.552,-370.451
300,EL ASADOR,40,2.9,2.4,60‚Äì70,Carne,‚Ç¨,"Calle Del Pr√≠ncipe De Vergara 256,   Madrid",Chamart√≠n,4.042.562,-367.992
301,Empanadas Malv√≥n,12,5.0,0.9,20‚Äì30,Empanada,‚Ç¨,"Paseo De La Castellana, 210,  Madrid",Chamart√≠n,404.632,-368.894
303,Taberna del Volapi√©,40,2.9,1.4,40‚Äì50,Tapas,‚Ç¨‚Ç¨‚Ç¨,"Calle De Azcona 36,   Madrid",Chamart√≠n,4.038.927,-37.415
304,Arepish,186,4.6,2.9,35‚Äì45,Venezolana,‚Ç¨‚Ç¨‚Ç¨,"Calle De Bravo Murillo 122,  Madrid",Chamart√≠n,404.491,-370.348
305,Arepish,53,4.6,2.4,55‚Äì65,Venezolana,‚Ç¨,"Calle De San Germ√°n, 64,  Madrid",Chamart√≠n,4.045.729,-370.018
307,Fast chicken chain,40,2.9,1.9,45‚Äì55,Pollo,‚Ç¨,"Av. De P√≠o Xii, 4,  Madrid",Chamart√≠n,4.047.213,-367.428
308,McDonald's,150,4.5,0.9,20‚Äì30,Hamburguesas,‚Ç¨,"Calle De Raimundo Fern√°ndez Villaverde, 33,  Madrid",Chamart√≠n,4.044.705,-370.016
309,Pizza Central,22,3.1,2.4,50‚Äì60,Pizza,‚Ç¨,"Calle De Vel√°zquez, 118,  Madrid",Chamart√≠n,4.043.525,-368.349
311,Makan Saj Manoushe,200,4.9,2.4,30‚Äì40,India,‚Ç¨,"Calle De Mar√≠a De Molina, 44,  Madrid",Chamart√≠n,4.043.794,-368.459
312,Flame,40,2.9,2.4,45‚Äì55,Hamburguesas,‚Ç¨,"Intercambiador De Plaza De Castilla,  Madrid",Chamart√≠n,4.046.847,-368.845
313,Busburguer,98,4.5,1.4,30‚Äì40,Hamburguesas,‚Ç¨,"Calle De L√©rida 58,   Madrid",Chamart√≠n,4.045.625,-370.013
314,Polloco Gourmet,40,2.9,3.0,30‚Äì50,Pollo,‚Ç¨,"Calle De Maldonado, 51,  Madrid",Chamart√≠n,4.043.378,-36.789
316,Tiendas 7x24,140,4.8,2.9,30‚Äì40,Opciones para alergias,‚Ç¨,"Calle Maldonado 07,  Madrid",Chamart√≠n,4.043.367,-368.057
317,Artisan Burger,40,2.9,2.4,45‚Äì55,Hamburguesas,‚Ç¨,"Bravo Murillo, 120,   Madrid",Chamart√≠n,4.044.861,-37.035
318,Pomodoro,87,3.8,2.4,55‚Äì65,Italiana,‚Ç¨,"Calle De Jos√© Abascal 31,  Madrid",Chamart√≠n,4.043.856,-369.891
320,Junk Burger,31,4.3,2.4,50‚Äì60,Hamburguesas,‚Ç¨,"Calle De Mar√≠a De Molina, 16,  Madrid",Chamart√≠n,4.043.794,-368.459
321,Aloha Poke,163,4.5,2.4,40‚Äì50,Poke,‚Ç¨,"Calle De Barcel√≥ 6, 318,   Madrid",Chamart√≠n,4.042.659,-370.073
322,Mad Pollo,45,4.0,2.4,15‚Äì35,Pollo,‚Ç¨,"Calle Zabaleta 1,   Madrid",Chamart√≠n,4.044.065,-367.537
324,CHUCK CHUCK CHICKEN,40,2.9,1.9,40‚Äì50,Pollo,‚Ç¨,"Calle De Arturo Soria, 189,  Madrid",Chamart√≠n,4.045.843,-365.932
325,Pasteleria Saul,27,4.2,1.9,25‚Äì35,Everyday Essentials,‚Ç¨,"Calle Bravo Murillo, 229,  Madrid",Chamart√≠n,4.046.448,-369.484
326,Galp,19,4.3,1.9,45‚Äì55,Tienda,‚Ç¨,"Calle Del Cactus, 42 ,   Madrid",Chamart√≠n,4.046.117,-37.001
327,Chili Houseüå∂,40,2.9,1.9,45‚Äì55,Mexicana,‚Ç¨,"Calle De M√©jico, 20,   Madrid",Chamart√≠n,4.043.736,-367.305
329,Restaurante Chino Diamante,100,4.0,2.4,30‚Äì40,China,‚Ç¨,"Plaza Sagrado Coraz√≥n De Jes√∫s, 2,  Madrid",Chamart√≠n,4.041.349,-369.582
330,Foster's Hollywood,65,4.2,1.4,30‚Äì40,Americana,‚Ç¨,"Calle Del Pr√≠ncipe De Vergara 258,   Madrid",Chamart√≠n,4.042.562,-367.992
331,Empanadas BAIRES,40,2.9,0.9,25‚Äì35,Empanada,‚Ç¨,"Calle Zabaleta 1,   Madrid",Chamart√≠n,4.044.065,-367.537
333,Golat Helados,40,2.9,1.9,35‚Äì45,Postres,‚Ç¨,"Calle De San Andr√©s, 31,  Madrid",Chamart√≠n,4.042.842,-370.346
334,Pic & Nic,200,4.4,3.4,60‚Äì70,Mediterr√°nea,‚Ç¨‚Ç¨‚Ç¨,"Calle Zabaleta 1,   Madrid",Chamart√≠n,4.044.065,-367.537
335,Frambons,40,2.9,1.9,35‚Äì45,Empanada,‚Ç¨,"Calle De Raimundo Fern√°ndez Villaverde 33,   Madrid",Chamart√≠n,4.044.705,-370.016
337,Empanadas BAIRES,13,4.0,2.4,55‚Äì65,Empanada,‚Ç¨,"Calle De Cartagena, 131,  Madrid",Chamart√≠n,4.044.257,-367.585
338,Doner kebap efes,23,4.7,1.9,25‚Äì35,Kebab,‚Ç¨‚Ç¨‚Ç¨,"Calle De L√≥pez De Hoyos 11,   Madrid",Chamart√≠n,4.044.849,-366.731
339,Crepes & Waffles,19,4.5,2.4,45‚Äì55,Postres,‚Ç¨‚Ç¨‚Ç¨,"Calle De L√≥pez De Hoyos, 139,  Madrid",Chamart√≠n,4.044.849,-366.731
340,Doner kebap efes,30,4.6,1.9,30‚Äì40,Kebab,‚Ç¨,"Calle Bravo Murillo 218,   Madrid",Chamart√≠n,4.046.448,-369.484
342,Sult√°n kebab,19,3.0,1.9,30‚Äì40,√Årabe,‚Ç¨‚Ç¨,"Calle De Bravo Murillo, 215,  Madrid",Chamart√≠n,4.045.761,-370.118
343,Great Kebab,40,2.9,1.9,40‚Äì50,Kebab,‚Ç¨,"Calle De Jos√© Calvo 6,   Madrid",Chamart√≠n,4.045.883,-370.845
344,Badsha India Restaurant,200,4.4,1.0,15‚Äì35,India,‚Ç¨,"Calle De Embajadores,  Madrid",Tetu√°n,4.040.069,-369.925
346,TUTTO PASTA!,26,2.8,2.6,40‚Äì60,Espa√±ola,‚Ç¨,"Calle De Jos√© Calvo 10,  Madrid",Tetu√°n,4.045.883,-370.845
347,La Tagliatella,61,3.8,1.4,25‚Äì35,Pizza,‚Ç¨,"Paseo De La Castellana 191,  Madrid",Tetu√°n,4.046.807,-368.995
348,Taco Bell,200,4.1,1.4,20‚Äì30,Hamburguesas,‚Ç¨,"Calle De Bravo Murillo 250,   Madrid",Tetu√°n,4.045.982,-369.898
350,Empanadas Malv√≥n,25,4.7,0.4,25‚Äì35,Empanada,‚Ç¨,"Av. De Brasil, 6,  Madrid",Tetu√°n,4.045.833,-369.354
351,La Mordida,25,4.4,0.9,45‚Äì55,Mediterr√°nea,‚Ç¨,"Calle De Bravo Murillo, 206,  Madrid",Tetu√°n,4.045.522,-370.284
352,Express 88,60,4.6,0.9,30‚Äì40,De Latinoam√©rica,‚Ç¨‚Ç¨‚Ç¨,"Calle De Huesca, 19, Bajo,  Madrid",Tetu√°n,4.045.804,-369.889
353,La caba√±a de cris,40,3.5,0.9,35‚Äì45,Pollo,‚Ç¨‚Ç¨‚Ç¨,"Calle De Bravo Murillo 199,   Madrid",Tetu√°n,4.045.622,-370.204
355,Pollos al Carb√≥n,21,3.6,5.0,15‚Äì35,Pollo,‚Ç¨,"Calle De La Infanta Mercedes 17,  Madrid",Tetu√°n,4.045.303,-369.951
356,Toro Burger Lounge,23,4.1,0.9,50‚Äì60,Empanada,‚Ç¨,"Calle De Raimundo Fern√°ndez Villaverde, 33,  Madrid",Tetu√°n,4.044.705,-370.016
357,Pizzer√≠a El Tr√©bol 24h,18,4.4,1.4,35‚Äì45,Pizza,‚Ç¨‚Ç¨,"Av. De Brasil, 17,  Madrid",Tetu√°n,4.045.837,-369.289
359,Ala Sushi,40,3.5,0.9,30‚Äì40,Sushi,‚Ç¨,"Calle Castilla,4 ,  Madrid",Tetu√°n,4.045.286,-370.425
360,MANKA,52,4.9,0.9,40‚Äì50,Pizza,‚Ç¨‚Ç¨‚Ç¨,"Calle De Bravo Murillo, 113,  Madrid",Tetu√°n,4.044.805,-370.399
361,Little Caesars Pizza,200,4.6,3.0,15‚Äì25,Pizza,‚Ç¨,"Calle De Francos Rodr√≠guez, 42,  Madrid",Tetu√°n,4.045.552,-370.451
363,EL ASADOR,40,3.5,0.9,55‚Äì65,Carne,‚Ç¨,"Calle De Manuel De Falla 5,   Madrid",Tetu√°n,4.045.502,-368.811
364,Limbo Player Two,40,3.5,1.4,45‚Äì55,Carne,‚Ç¨,"Castellana, 123,  Madrid",Tetu√°n,4.045.826,-369.067
365,Popeyes,200,4.0,0.9,25‚Äì35,Pollo,‚Ç¨,"Calle De San Germ√°n, 64,  Madrid",Tetu√°n,4.045.729,-370.018
366,Fast chicken chain,40,3.5,0.9,35‚Äì45,Pollo,‚Ç¨,"Paseo De La Castellana 130,  Madrid",Tetu√°n,404.502,-369.019
368,Yakitoro,26,4.5,1.4,55‚Äì65,Comida reconfortante,‚Ç¨,"Calle Del Pr√≠ncipe De Vergara, 210,  Madrid",Tetu√°n,4.042.562,-367.992
369,Home Burger Bar,198,4.1,1.9,35‚Äì45,Hamburguesas,‚Ç¨‚Ç¨,"Calle De Bravo Murillo 122,  Madrid",Tetu√°n,404.491,-370.348
370,Arepish,53,4.6,1.4,40‚Äì50,Venezolana,‚Ç¨,"C.C. La Vaguada, Av. De Monforte De Lemos, 32,  Madrid",Tetu√°n,4.047.888,-370.657
372,TGB,66,4.1,2.4,50‚Äì60,Hamburguesas,‚Ç¨,"Calle De Galer√≠a De Vallehermoso 4,  Madrid",Tetu√°n,4.043.946,-370.777
373,Real Fried Chicken,15,4.3,2.4,50‚Äì60,Alitas de pollo,‚Ç¨,"Avenida De Monforte De Lemos 36,  Madrid",Tetu√°n,4.047.932,-37.065
374,Pollo Criollo,40,3.5,2.4,55‚Äì65,Pollo,‚Ç¨,"Calle De L√©rida 58,   Madrid",Tetu√°n,4.045.625,-370.013
376,Polloco Gourmet,40,3.5,3.0,30‚Äì50,Pollo,‚Ç¨,"Paseo De La Castellana, 210,  Madrid",Tetu√°n,404.632,-368.894
377,Taberna del Volapi√©,40,3.5,1.4,40‚Äì50,Tapas,‚Ç¨,"Calle De Cea Berm√∫dez 49,  Madrid",Tetu√°n,4.043.905,-370.972
378,Cerveceria Ria√±o,40,3.5,2.9,40‚Äì50,Cerveza,‚Ç¨,"Calle Bravo Murillo, 229,  Madrid",Tetu√°n,4.046.448,-369.484
379,Galp,19,4.3,0.9,35‚Äì45,Tienda,‚Ç¨,"Calle De Bravo Murillo, 274,  Madrid",Tetu√°n,4.046.087,-369.813
381,McDonald's,200,4.2,0.4,20‚Äì30,Hamburguesas,‚Ç¨,"Intercambiador De Plaza De Castilla,   Madrid",Tetu√°n,4.046.847,-368.845
382,Busburguer,98,4.5,1.4,25‚Äì35,Hamburguesas,‚Ç¨,"Calle De Jos√© Abascal 31,  Madrid",Tetu√°n,4.043.856,-369.891
383,Junk Burger,31,4.3,1.9,45‚Äì55,Hamburguesas,‚Ç¨,"Calle Del Cactus 42,   Madrid",Tetu√°n,4.046.117,-37.001
385,Chili Houseüå∂,40,3.5,0.9,35‚Äì45,Mexicana,‚Ç¨,"Bravo Murillo, 120,   Madrid",Tetu√°n,4.044.861,-37.035
386,Pomodoro,87,3.8,1.4,40‚Äì50,Italiana,‚Ç¨,"Calle De Galileo, 75,  Madrid",Tetu√°n,4.043.769,-371.015
387,Tosty,40,3.5,2.4,50‚Äì60,Family Meals,‚Ç¨,"Calle De Barcel√≥ 6,   Madrid",Tetu√°n,4.042.659,-370.073
389,Mad Pollo,45,4.0,1.4,15‚Äì35,Pollo,‚Ç¨,"Calle De Mar√≠a De Molina, 16,  Madrid",Tetu√°n,4.043.794,-368.459
390,Aloha Poke,163,4.5,2.4,40‚Äì50,Poke,‚Ç¨,"Calle De San Andr√©s, 31,  Madrid",Tetu√°n,4.042.842,-370.346
391,Pic & Nic,200,4.4,2.9,55‚Äì65,Mediterr√°nea,‚Ç¨‚Ç¨,"Plaza Sagrado Coraz√≥n De Jes√∫s, 2,  Madrid",Tetu√°n,4.041.349,-369.582
392,Foster's Hollywood,65,4.2,2.4,35‚Äì45,Americana,‚Ç¨‚Ç¨,"Paseo De S. Fco. De Sales, 3,   Madrid",Tetu√°n,40.44,-371.705
394,Taste of America,40,3.5,2.4,35‚Äì45,Americana,‚Ç¨,"Calle De Raimundo Fern√°ndez Villaverde 33,   Madrid",Tetu√°n,4.044.705,-370.016
395,Empanadas BAIRES,13,4.0,1.4,45‚Äì55,Empanada,‚Ç¨,"Calle Bravo Murillo 218,   Madrid",Tetu√°n,4.046.448,-369.484
396,Sult√°n kebab,19,3.0,0.9,25‚Äì35,√Årabe,‚Ç¨‚Ç¨,"Calle De Bravo Murillo, 34,  Madrid",Tetu√°n,4.043.741,-370.402
398,Astros,40,3.5,2.4,45‚Äì55,Family Meals,‚Ç¨,"Calle Del Pr√≠ncipe De Vergara 258,   Madrid",Tetu√°n,4.042.562,-367.992
399,Empanadas BAIRES,40,3.5,1.9,35‚Äì45,Empanada,‚Ç¨,"Paseo De S. Fco. De Sales, 17,  Madrid",Tetu√°n,4.044.103,-371.533
400,Cherry Pecas,92,4.4,2.4,30‚Äì40,Comida r√°pida,‚Ç¨,"Calle De Jos√© Calvo 10,   Madrid",Tetu√°n,4.045.883,-370.845
402,Pops ¬¥n Bops,40,3.5,0.9,45‚Äì55,√Årabe,‚Ç¨‚Ç¨,"Calle De Bravo Murillo, 215,  Madrid",Tetu√°n,4.045.761,-370.118
403,Great Kebab,40,3.5,0.9,35‚Äì45,Kebab,‚Ç¨,"Calle De Bravo Murillo 193,  Madrid",Tetu√°n,4.045.457,-370.302
404,"Real Estambul Pizza, Doner y Kebab",15,3.4,0.9,40‚Äì50,Mediterr√°nea,‚Ç¨,"Cc La Vaguada Av Monforte De Lemos 36,   Madrid",Tetu√°n,4.047.888,-370.657
405,Willy Factory,40,3.5,2.4,40‚Äì50,Opciones para alergias,‚Ç¨,"Av. De Betanzos, 31,   Madrid",Tetu√°n,4.047.427,-371.128
407,Kebab Rico Rico,44,4.4,0.9,40‚Äì50,Kebab,‚Ç¨,"Calle Federico Sainz De Robles 3,  Madrid",Tetu√°n,4.039.652,-36.694
408,Oriental Palace,167,4.4,2.4,40‚Äì50,Asiatica,‚Ç¨,"Calle De La Infanta Mercedes, 103,  Madrid",Tetu√°n,4.046.341,-369.385
409,Pizzeria Nuns,40,3.5,0.9,40‚Äì50,Pizza,‚Ç¨,"Calle De Jos√© Calvo 6,  Madrid",Tetu√°n,4.045.883,-370.845
411,Badsha India Restaurant,200,4.4,2.4,40‚Äì50,India,‚Ç¨,"Calle De Jos√© Calvo 10,  Madrid",Chamber√≠,4.045.883,-370.845
412,Comida de Pueblo,40,3.5,0.9,25‚Äì35,Gourmet,‚Ç¨,"Calle Araucaria 19,   Madrid",Chamber√≠,4.046.046,-370.001
413,Papa John's,200,4.2,0.9,30‚Äì40,Pizza,‚Ç¨,"Calle Del Conde De Serrallo, 1,  Madrid",Chamber√≠,4.046.554,-369.196
415,Taberna Andaluza,25,4.4,1.4,35‚Äì45,Tapas,‚Ç¨,"Calle Del Conde De Pe√±alver, 13,  Madrid",Chamber√≠,4.042.635,-367.538
416,Papa John's,200,4.3,0.4,30‚Äì40,Pizza,‚Ç¨,"Calle De San Andr√©s, 26,  Madrid",Chamber√≠,4.042.735,-370.352
417,Roost Chicken,40,3.5,0.9,40‚Äì50,Pollo,‚Ç¨,"Calle De Toledo 27,   Madrid",Chamber√≠,4.041.377,-370.737
418,Fritz Foods,41,4.5,1.9,50‚Äì60,Pizza,‚Ç¨,"Calle Araucaria 19,   Madrid",Chamber√≠,4.046.046,-370.001
420,Roost Chicken,123,4.6,1.9,40‚Äì50,Pollo,‚Ç¨,"Calle De Raimundo Fern√°ndez Villaverde, 33,  Madrid",Chamber√≠,4.044.705,-370.016
421,Pizzer√≠a El Tr√©bol 24h,18,4.4,0.9,35‚Äì45,Pizza,‚Ç¨,"Calle De Arriaza, 6,  Madrid",Chamber√≠,4.042.104,-371.579
422,El Imperio de la Empanada,40,3.5,1.4,55‚Äì65,Empanada,‚Ç¨,"Hilarion Eslava 42,   Madrid",Chamber√≠,4.043.649,-371.684
424,CONVEXO,69,4.6,0.9,35‚Äì45,Pollo,‚Ç¨,"Calle De Galer√≠a De Vallehermoso 4,  Madrid",Chamber√≠,4.043.946,-370.777
425,Real Fried Chicken,15,4.3,0.4,40‚Äì50,Alitas de pollo,‚Ç¨‚Ç¨,"Calle De La Alianza 33,  Madrid",Chamber√≠,4.035.775,-368.689
426,Chinawokexpress,200,4.2,4.25,30‚Äì50,China,‚Ç¨,"Av. De Brasil, 6,  Madrid",Chamber√≠,4.045.833,-369.354
428,La Mordida,25,4.4,1.4,55‚Äì65,Mediterr√°nea,‚Ç¨,"Calle De Carranza 3,   Madrid",Chamber√≠,4.042.895,-370.276
429,Tiendas 7x24,70,4.6,0.9,35‚Äì45,Pizza,‚Ç¨‚Ç¨,"Calle De Bravo Murillo, 113,  Madrid",Chamber√≠,4.044.805,-370.399
430,Little Caesars Pizza,200,4.6,0.9,40‚Äì50,Pizza,‚Ç¨‚Ç¨‚Ç¨,"Calle Azabache, 6,  Madrid",Chamber√≠,4.039.215,-372.487
431,Super Dog,25,3.7,2.4,40‚Äì50,Hamburguesas,‚Ç¨‚Ç¨‚Ç¨,"Calle De Bravo Murillo 199,   Madrid",Chamber√≠,4.045.622,-370.204
433,Pollos al Carb√≥n,21,3.6,5.0,15‚Äì35,Pollo,‚Ç¨,"Calle Andr√©s Mellado 43,   Madrid",Chamber√≠,4.044.112,-371.427
434,La Bruja del Vesuvio,15,3.5,0.9,35‚Äì45,Comida r√°pida,‚Ç¨,"Calle De Luchana 13,   Madrid",Chamber√≠,40.43,-370.099
435,Freedom Pizza,53,4.5,0.4,35‚Äì45,Pizza,‚Ç¨‚Ç¨,"Calle De Huesca, 19,  Madrid",Chamber√≠,4.045.804,-369.889
437,La caba√±a de cris,15,3.5,1.9,50‚Äì60,Pollo,‚Ç¨,"P.¬∫ De La Florida, 2,  Madrid",Chamber√≠,4.042.149,-371.954
438,KFC - Principe Pio,15,3.5,1.9,55‚Äì65,Pollo,‚Ç¨,"Calle De La Infanta Mercedes 17,  Madrid",Chamber√≠,4.045.303,-369.951
439,Toro Burger Lounge,23,4.1,1.4,55‚Äì65,Hamburguesas,‚Ç¨,"Traves√≠a De La Parada 6,   Madrid",Chamber√≠,4.042.286,-370.803
441,EL LAT√ìN GRIS,66,3.7,1.4,55‚Äì65,Pollo,‚Ç¨,"Calle De Francos Rodr√≠guez, 42,  Madrid",Chamber√≠,4.045.565,-370.461
442,EL ASADOR,15,3.5,1.9,60‚Äì70,Carne,‚Ç¨,"Calle Castilla,4 ,  Madrid",Chamber√≠,4.045.286,-370.425
443,MANKA,52,4.9,1.4,40‚Äì50,Pizza,‚Ç¨,"Calle Del Cardenal Cisneros 1,  Madrid",Chamber√≠,4.042.965,-370.165
444,Graal,15,3.5,0.9,45‚Äì55,Ramen,‚Ç¨‚Ç¨,"Av. De Brasil, 17,  Madrid",Chamber√≠,4.045.837,-369.289
446,Ala Sushi,15,3.5,0.9,40‚Äì50,Sushi,‚Ç¨,"Calle De Sta Engracia, 108,  Madrid",Chamber√≠,4.043.755,-370.008
447,Home Burger Bar,181,4.1,2.4,40‚Äì50,Hamburguesas,‚Ç¨,"Calle De Luchana 3,   Madrid",Chamber√≠,4.042.927,-370.135
448,Empanadas Malv√≥n,32,4.8,0.4,30‚Äì40,Empanada,‚Ç¨,"Av. De Filipinas, 30,  Madrid",Chamber√≠,4.044.077,-370.768
450,Tiendas 7x24,62,4.5,0.4,25‚Äì35,Queso,‚Ç¨,"Calle De Ayala 28,   Madrid",Chamber√≠,4.042.774,-368.571
451,SANABRIA,15,3.5,1.4,50‚Äì60,Tapas y raciones,‚Ç¨,"Calle Del Esp√≠ritu Santo 16,  Madrid",Chamber√≠,4.042.557,-370.629
452,MY Pasta Room,59,4.6,0.9,35‚Äì45,Italiana,‚Ç¨,"Calle De Manuel De Falla 5,   Madrid",Chamber√≠,4.045.502,-368.811
454,Limbo Player Two,15,3.5,1.9,50‚Äì60,Carne,‚Ç¨,"Calle De Jos√© Abascal 31,  Madrid",Chamber√≠,4.043.856,-369.891
455,Junk Burger,31,4.3,1.9,50‚Äì60,Hamburguesas,‚Ç¨,"Calle De Bravo Murillo, 100,  Madrid",Chamber√≠,4.044.753,-370.407
456,Popeyes,200,4.2,0.9,35‚Äì45,Pollo,‚Ç¨‚Ç¨,"Calle De Bravo Murillo 122,   Madrid",Chamber√≠,404.491,-370.348
457,Arepish,53,4.6,0.9,40‚Äì50,Venezolana,‚Ç¨,"Calle De Cea Berm√∫dez 49,  Madrid",Chamber√≠,4.043.905,-370.972
459,Cerveceria Ria√±o,15,3.5,0.9,30‚Äì40,Cerveza,‚Ç¨,"Paseo De La Castellana 130,  Madrid",Chamber√≠,404.502,-369.019
460,Yakitoro,26,4.5,1.4,55‚Äì65,Con opciones veganas,‚Ç¨,"Calle De Tudescos, 4,  Madrid",Chamber√≠,403.747,-365.969
461,Super naan,15,3.5,1.4,60‚Äì70,India,‚Ç¨,"Calle Gran V√≠a, 16,  Madrid",Chamber√≠,4.041.966,-369.894
463,Steak Burger,168,4.2,1.9,50‚Äì60,Americana,‚Ç¨,"Calle De San Bernardino, 20,  Madrid",Chamber√≠,4.042.541,-371.112
464,MILA TOWN,15,3.5,0.9,35‚Äì45,Americana,‚Ç¨,"Calle De La Cruz, 20, Local 1,  Madrid",Chamber√≠,4.041.636,-37.006
465,Galipan,23,4.2,1.9,70‚Äì80,Halal,‚Ç¨,"Calle Gran V√≠a 74, Local,  Madrid",Chamber√≠,4.042.146,-37.075
467,Trek Taco,15,3.5,1.4,45‚Äì55,Halal,‚Ç¨,"Calle Del Dr Cortezo, 7,  Madrid",Chamber√≠,4.041.347,-370.389
468,El Turkito,200,4.1,1.9,50‚Äì60,Asiatica,‚Ç¨,"Calle Maldonado 07,  Madrid",Chamber√≠,4.043.367,-368.057
469,Artisan Burger,15,3.5,0.9,45‚Äì55,Hamburguesas,‚Ç¨,"Calle De Vel√°zquez, 118,  Madrid",Chamber√≠,4.043.525,-368.349
470,Makan Saj Manoushe,200,4.9,1.4,30‚Äì40,India,‚Ç¨‚Ç¨,"Calle De Azcona 36,   Madrid",Chamber√≠,4.038.927,-37.415
472,Arepish,186,4.6,2.4,35‚Äì45,Venezolana,‚Ç¨‚Ç¨‚Ç¨,"Calle De Los Donados 2,   Madrid",Chamber√≠,4.041.799,-370.834
473,Cor & Cor,15,3.5,1.4,55‚Äì65,Postres,‚Ç¨,"Calle De Galileo, 75,   Madrid",Chamber√≠,4.043.769,-371.015
474,Tosty,15,3.5,0.4,40‚Äì50,Pollo,‚Ç¨,"Calle De San Germ√°n, 64,  Madrid",Chamber√≠,4.045.729,-370.018
476,Fast chicken chain,15,3.5,1.9,45‚Äì55,Pollo,‚Ç¨,"Calle De Jos√© Calvo 6,  Madrid",Chamber√≠,4.045.883,-370.845
477,Badsha India Restaurant,200,4.4,1.0,15‚Äì35,India,‚Ç¨,"Calle Bravo Murillo 108,  Madrid",Moncloa-Aravaca,4.046.448,-369.484
478,Taco Bell,200,4.3,0.9,30‚Äì40,Hamburguesas,‚Ç¨,"Calle De Embajadores, 13,  Madrid",Moncloa-Aravaca,4.040.069,-369.925
480,TUTTO PASTA!,26,2.8,2.6,40‚Äì60,Espa√±ola,‚Ç¨,"Calle De Jos√© Calvo 10,   Madrid",Moncloa-Aravaca,4.045.883,-370.845
481,Comida de Pueblo,15,3.5,1.9,35‚Äì45,Gourmet,‚Ç¨,"Calle De Isaac Peral, 4,  Madrid",Moncloa-Aravaca,4.043.515,-371.802
482,Pizzart Luchana,15,3.5,0.4,35‚Äì45,Pizza,‚Ç¨,"Calle De Isaac Peral 4,  Madrid",Moncloa-Aravaca,4.043.515,-371.802
483,Taco Bell,200,4.1,2.4,35‚Äì45,Hamburguesas,‚Ç¨,"Hilarion Eslava 42,   Madrid",Moncloa-Aravaca,4.043.649,-371.684
485,CONVEXO,69,4.6,2.9,35‚Äì45,Pollo,‚Ç¨‚Ç¨‚Ç¨,"Calle De Bravo Murillo 199,   Madrid",Moncloa-Aravaca,4.045.622,-370.204
486,Pollos al Carb√≥n,21,3.6,5.0,15‚Äì35,Pollo,‚Ç¨‚Ç¨,"Calle De Bravo Murillo, 113,  Madrid",Moncloa-Aravaca,4.044.805,-370.399
487,Little Caesars Pizza,200,4.6,3.0,5‚Äì25,Pizza,‚Ç¨,"Calle De Francos Rodr√≠guez, 42,   Madrid",Moncloa-Aravaca,4.045.552,-370.451
489,EL ASADOR,15,3.5,2.9,60‚Äì70,Carne,‚Ç¨,"Calle Castilla,4   Madrid",Moncloa-Aravaca,4.045.286,-370.425
490,MANKA,52,4.9,2.9,55‚Äì65,Pizza,‚Ç¨,"Calle De Galer√≠a De Vallehermoso 4,  Madrid",Moncloa-Aravaca,4.043.946,-370.777
491,Real Fried Chicken,15,4.3,2.9,45‚Äì55,Alitas de pollo,‚Ç¨,"Calle De La Infanta Mercedes 17,  Madrid",Moncloa-Aravaca,4.045.303,-369.951
493,Toro Burger Lounge,23,4.1,2.9,60‚Äì70,De Latinoam√©rica,‚Ç¨‚Ç¨,"Calle De Huesca, 19,  Madrid",Moncloa-Aravaca,4.045.804,-369.889
494,La caba√±a de cris,15,3.5,3.4,55‚Äì65,Pollo,‚Ç¨,"Calle Andr√©s Mellado 43,  Madrid",Moncloa-Aravaca,4.044.112,-371.427
495,La Bruja del Vesuvio,15,3.5,2.9,45‚Äì55,Comida r√°pida,‚Ç¨‚Ç¨,"Calle De Bravo Murillo 122,   Madrid",Moncloa-Aravaca,404.491,-370.348
496,Arepish,53,4.6,2.9,50‚Äì60,Venezolana,‚Ç¨,"Calle De Bravo Murillo, 100,  Madrid",Moncloa-Aravaca,4.044.753,-370.407
498,Popeyes,200,4.2,2.9,40‚Äì50,Pollo,‚Ç¨,"Calle De Cea Berm√∫dez 49,  Madrid",Moncloa-Aravaca,4.043.905,-370.972
499,Cerveceria Ria√±o,15,3.5,2.9,40‚Äì50,Cerveza,‚Ç¨,"Calle De San Germ√°n, 64,  Madrid",Moncloa-Aravaca,4.045.729,-370.018
500,Fast chicken chain,15,3.5,2.9,50‚Äì60,Pollo,‚Ç¨,"Calle De Sta Engracia, 108,  Madrid",Moncloa-Aravaca,4.043.755,-370.008
502,Home Burger Bar,181,4.1,3.4,45‚Äì55,Hamburguesas,‚Ç¨,"Calle Hilari√≥n Eslava, 38,  Madrid",Moncloa-Aravaca,4.043.623,-371.605
503,Empanadas Malv√≥n,21,4.7,2.4,30‚Äì40,Empanada,‚Ç¨,"Calle De Galileo, 75,  Madrid",Moncloa-Aravaca,4.043.769,-371.015
504,Tosty,15,3.5,2.9,45‚Äì55,Opciones para alergias,‚Ç¨,"Calle Ferraz 43,   Madrid",Moncloa-Aravaca,404.298,-372.104
506,Red Roo Australian Restaurant,15,3.5,2.9,45‚Äì55,Opciones para alergias,‚Ç¨,"Calle De L√©rida 58,   Madrid",Moncloa-Aravaca,4.045.625,-370.013
507,Polloco Gourmet,26,3.5,3.0,30‚Äì50,Pollo,‚Ç¨,"Bravo Murillo, 120,   Madrid",Moncloa-Aravaca,4.044.861,-37.035
508,Pomodoro,87,3.8,2.9,50‚Äì60,Italiana,‚Ç¨,"Av. De Filipinas, 30,  Madrid",Moncloa-Aravaca,4.044.077,-370.768
509,Tiendas 7x24,62,4.5,2.9,30‚Äì40,Family Meals,‚Ç¨,"Calle De Barcel√≥ 6, 318,   Madrid",Moncloa-Aravaca,4.042.659,-370.073
511,Mad Pollo,45,4.0,2.9,15‚Äì35,Pollo,‚Ç¨,"Calle De Raimundo Fern√°ndez Villaverde 33,   Madrid",Moncloa-Aravaca,4.044.705,-370.016
512,El tr√©bol empanadas,16,4.5,2.9,45‚Äì55,Comida r√°pida,‚Ç¨,"Calle De San Andr√©s, 31,  Madrid",Moncloa-Aravaca,4.042.842,-370.346
513,Pic & Nic,200,4.4,3.4,55‚Äì65,Mediterr√°nea,‚Ç¨‚Ç¨,"Paseo De S. Fco. De Sales, 3,  Madrid",Moncloa-Aravaca,40.44,-371.705
515,Taste of America,26,3.5,2.4,35‚Äì45,Americana,‚Ç¨‚Ç¨,"Calle De Bravo Murillo, 34,  Madrid",Moncloa-Aravaca,4.043.741,-370.402
516,Astros,26,3.0,2.9,45‚Äì55,Family Meals,‚Ç¨,"Calle De Guzm√°n El Bueno, 73,  Madrid",Moncloa-Aravaca,4.043.671,-371.355
517,Aloha Poke,200,4.7,2.9,25‚Äì35,Poke,‚Ç¨,"Calle De Fern√°ndez De Los R√≠os, 98,  Madrid",Moncloa-Aravaca,4.043.514,-37.113
519,Doner kebap efes,30,3.8,2.9,35‚Äì45,Kebab,‚Ç¨,"C. De La Princesa, 40,  Madrid",Moncloa-Aravaca,4.042.891,-37.155
520,Starbucks,63,4.3,3.4,35‚Äì45,Cafe,‚Ç¨,"Paseo De S. Fco. De Sales, 17,  Madrid",Moncloa-Aravaca,4.044.103,-371.533
521,Cherry Pecas,92,4.4,2.4,30‚Äì40,Comida r√°pida,‚Ç¨,"Calle De Vallehermoso, 42,  Madrid",Moncloa-Aravaca,40.435,-370.846
522,Basically Just Burrito Bowls,26,3.0,2.9,45‚Äì55,Bar Food,‚Ç¨,"Calle Bravo Murillo 218,   Madrid",Moncloa-Aravaca,4.046.448,-369.484
524,Sult√°n kebab,19,3.0,2.9,35‚Äì45,√Årabe,‚Ç¨‚Ç¨,"Calle De Bravo Murillo, 215,  Madrid",Moncloa-Aravaca,4.045.761,-370.118
525,Great Kebab,26,3.0,2.9,40‚Äì50,Kebab,‚Ç¨,"Calle De Bravo Murillo 193,  Madrid",Moncloa-Aravaca,4.045.457,-370.302
526,"Real Estambul Pizza, Doner y Kebab",15,3.4,2.9,45‚Äì55,Mediterr√°nea,‚Ç¨,"Calle De Jos√© Calvo 10,   Madrid",Moncloa-Aravaca,4.045.883,-370.845
528,Pops ¬¥n Bops,26,3.0,2.4,50‚Äì60,China,‚Ç¨,"Calle Federico Sainz De Robles 3,  Madrid",Moncloa-Aravaca,4.039.652,-36.694
529,Oriental Palace,167,4.4,2.9,45‚Äì55,Asiatica,‚Ç¨,"Calle De Galileo 40,   Madrid",Moncloa-Aravaca,404.335,-371.021
530,Shawarma palace,15,3.5,2.4,50‚Äì60,Americana,‚Ç¨,"Plaza Del Descubridor Diego De Ord√°s, 4,  Madrid",Moncloa-Aravaca,4.044.117,-370.029
532,Jimbo Smokehouse,68,4.7,2.9,45‚Äì55,Napolitana,‚Ç¨,"Calle Jose Calvo 10,   Madrid",Moncloa-Aravaca,4.042.338,-366.482
533,Napoli Gang by Bel Mondo,26,3.0,2.4,50‚Äì60,Pizza,‚Ç¨,"Calle Rodr√≠guez San Pedro 44,   Madrid",Moncloa-Aravaca,4.043.178,-371.615
534,Soda Bar,26,3.0,2.9,45‚Äì55,Comida r√°pida,‚Ç¨,"C. Del Dr. Ram√≥n Castroviejo, 59,  Madrid",Moncloa-Aravaca,4.042.438,-356.158
535,Danny‚Äôs Jazz,11,4.7,2.4,50‚Äì60,Espa√±ola,‚Ç¨,"Calle Del Aviador Zorita 32,   Madrid",Moncloa-Aravaca,4.045.015,-369.819
537,Ferreiro,26,3.0,3.4,35‚Äì45,Postres,‚Ç¨,"Calle De Almansa 41,   Madrid",Moncloa-Aravaca,4.044.867,-37.046
538,TeKeS,78,4.8,2.4,30‚Äì40,Opciones para alergias,‚Ç¨‚Ç¨‚Ç¨,"Calle De C√°ndido Mateos 21,   Madrid",Moncloa-Aravaca,404.741,-371.882
539,Toropikaru Sushi,26,3.0,3.4,35‚Äì45,Comfort Food,‚Ç¨,"Calle Sorgo 53, Nave 2,   Madrid",Moncloa-Aravaca,404.683,-370.615
541,NUBO Rolls,15,4.3,3.4,35‚Äì45,Comida r√°pida,‚Ç¨,"Calle De Santa Engracia 108,   Madrid",Moncloa-Aravaca,4.043.918,-370.038
542,DITALY,26,3.0,2.4,30‚Äì40,Empanada,‚Ç¨,"Calle De Fern√°ndez De Los R√≠os 85,   Madrid",Moncloa-Aravaca,4.043.514,-37.113
543,Empanadas BAIRES,26,3.0,3.4,35‚Äì45,Empanada,‚Ç¨,"Calle De Ofelia Nieto, 42,  Madrid",Moncloa-Aravaca,4.045.979,-371.009
545,Massburg,194,4.4,2.4,30‚Äì40,Opciones para alergias,‚Ç¨,"Zabaleta 1,   Madrid",Moncloa-Aravaca,4.044.065,-367.537
546,Nola Smoke,199,4.2,1.0,15‚Äì35,Comida r√°pida,‚Ç¨,"Calle De Jos√© Calvo 6,  Madrid",Moncloa-Aravaca,4.045.883,-370.845
547,Badsha India Restaurant,200,4.4,1.0,15‚Äì35,India,‚Ç¨,"Calle De Jos√© Calvo 10,  Madrid",Carabanchel,4.045.883,-370.845
548,Comida de Pueblo,26,3.0,2.4,35‚Äì45,Gourmet,‚Ç¨,"Avenida De La Reina Victoria 68,  Madrid",Carabanchel,4.044.667,-371.199
550,Papa John's,200,4.4,1.9,35‚Äì45,Pizza,‚Ç¨,"Calle Araucaria 19,   Madrid",Carabanchel,4.046.046,-370.001
551,Roost Chicken,123,4.6,2.9,40‚Äì50,Pollo,‚Ç¨,"Calle De Isaac Peral 4,  Madrid",Carabanchel,4.043.515,-371.802
552,McDonald's,200,4.4,2.9,30‚Äì40,Hamburguesas,‚Ç¨,"Calle De Isaac Peral 4,  Madrid",Carabanchel,4.043.515,-371.802
554,Taco Bell,200,4.1,2.4,35‚Äì45,Hamburguesas,‚Ç¨,"Hilarion Eslava 42,   Madrid",Carabanchel,4.043.649,-371.684
555,CONVEXO,69,4.6,2.9,35‚Äì45,Pollo,‚Ç¨‚Ç¨‚Ç¨,"Calle De Bravo Murillo 199,   Madrid",Carabanchel,4.045.622,-370.204
556,Pollos al Carb√≥n,21,3.6,5.0,15‚Äì35,Pollo,‚Ç¨‚Ç¨,"Calle De Bravo Murillo, 113,  Madrid",Carabanchel,4.044.805,-370.399
558,Little Caesars Pizza,200,4.6,3.0,5‚Äì25,Pizza,‚Ç¨,"Calle De Francos Rodr√≠guez, 42,  Madrid",Carabanchel,4.045.565,-370.461
559,McDonald's,200,4.3,1.9,15‚Äì25,Hamburguesas,‚Ç¨,"Paseo De Santa Mar√≠a De La Cabeza, 86,  Madrid",Carabanchel,4.039.875,-370.153
560,Beiben,14,4.2,2.4,30‚Äì40,Tapas,‚Ç¨,"Calle De Mira El Sol 23,  Madrid",Carabanchel,4.040.727,-370.623
561,La Cochinita Loca,19,4.3,2.4,45‚Äì55,Colombiana,‚Ç¨,"Calle De Guetaria 72,   Madrid",Carabanchel,4.036.655,-371.523
563,Pasta con todo üçù,26,3.0,2.4,45‚Äì55,Italiana,‚Ç¨,"Calle Fragata, 11,   Madrid",Carabanchel,4.039.365,-373.426
564,Latin kebab,25,4.0,1.4,30‚Äì40,Kebab,‚Ç¨,"Calle Arechavaleta 6,   Madrid",Carabanchel,4.040.605,-370.752
565,Pura Italia,109,3.2,1.9,35‚Äì55,Italiana,‚Ç¨,"Calle De Antonio L√≥pez 109,   Madrid",Carabanchel,4.038.678,-369.811
567,Pollo Criollo,26,3.0,2.4,50‚Äì60,Pollo,‚Ç¨,"Calle De Juan Pascual De Mena 7,  Madrid",Carabanchel,4.040.765,-373.979
568,Maha Kebab,11,4.3,2.4,20‚Äì30,Kebab,‚Ç¨,"Plaza De La Cebada, 10,  Madrid",Carabanchel,4.041.156,-371.008
569,Taberna La Buha,24,4.2,2.4,60‚Äì70,Tapas,‚Ç¨,"Calle Mirasierra, 37,  Madrid",Carabanchel,4.038.842,-370.369
571,Pizza Mirasierra,17,4.2,2.4,30‚Äì40,Pizza,‚Ç¨,"Calle De San Andr√©s, 31,  Madrid",Carabanchel,4.042.842,-370.346
572,Pic & Nic,200,4.4,3.9,60‚Äì70,Mediterr√°nea,‚Ç¨,"Calle De Marcelo Usera 135,   Madrid",Carabanchel,4.038.506,-371.269
573,Pizz-a-porter,26,3.0,1.9,30‚Äì40,Pizza,‚Ç¨,"Calle De Don Pedro 11,  Madrid",Carabanchel,4.041.164,-371.275
574,Tabaxo - Don Pedro,26,3.0,2.4,50‚Äì60,S√°ndwich,‚Ç¨,"Paseo De Los Pontones, 24,  Madrid",Carabanchel,4.040.543,-371.415
576,Taberna Piedra Pinta,26,3.0,1.9,45‚Äì55,Halal,‚Ç¨,"Calle V√≠a Carpetana, 226,  Madrid",Carabanchel,4.039.258,-374.124
577,Dinos Bar Kebab,26,3.0,2.5,40‚Äì60,Kebab,‚Ç¨,"Av. Oporto, 89,  Madrid",Carabanchel,4.038.804,-373.205
578,Gran Oporto Kebab,29,3.7,1.4,25‚Äì35,Kebab,‚Ç¨,"Glorieta De Embajadores 4,  Madrid",Carabanchel,404.045,-370.245
580,GALAXY KEBAB,17,4.5,2.9,30‚Äì40,Kebab,‚Ç¨,"Calle V√≠a Carpetana 81,   Madrid",Carabanchel,4.039.832,-373.469
581,Bar y Kebab La Parada,23,3.0,1.4,15‚Äì25,Kebab,‚Ç¨,"Calle De Embajadores, 28,  Madrid",Carabanchel,4.040.069,-369.925
582,√âccolo,28,4.2,2.4,50‚Äì60,Tapas y raciones,‚Ç¨,"Calle De La Ruda, 5,  Madrid",Carabanchel,4.041.032,-370.764
584,Malacatin,19,4.9,1.9,45‚Äì55,Pizza,‚Ç¨,"Calle De Melilla, 47,  Madrid",Carabanchel,4.040.113,-370.969
585,Le Crust,25,4.4,2.5,40‚Äì60,Hamburguesas,‚Ç¨,"Paseo De Los Melanc√≥licos 7,   Madrid",Carabanchel,4.040.481,-372.076
586,Toro Burger Lounge,27,4.1,1.4,25‚Äì35,Comida reconfortante,‚Ç¨,"Plaza De Cascorro, 16,   Madrid",Carabanchel,4.041.025,-370.746
587,Cor & Cor,11,4.3,2.9,30‚Äì40,Postres,‚Ç¨,"Calle Campo De La Paloma 32,   Madrid",Carabanchel,4.038.336,-36.475
589,Arepa Mix,38,3.9,1.4,15‚Äì25,Venezolana,‚Ç¨‚Ç¨,"Calle De Ferroviarios 98,   Madrid",Carabanchel,4.038.196,-370.452
590,Bocadillos Ole,23,3.0,2.4,60‚Äì70,Bocadillo,‚Ç¨,"Calle De Dolores Barranco, 88,  Madrid",Carabanchel,403.833,-370.616
591,IGo Pasta,89,4.5,2.4,30‚Äì40,Italiana,‚Ç¨,"Calle De Santa Isabel, 5,  Madrid",Carabanchel,4.041.136,-36.987
593,Yokaloka,23,3.6,3.9,60‚Äì70,Comfort Food,‚Ç¨,"Calle De Jaime Vera 12,   Madrid",Carabanchel,4.041.214,-372.872
594,Burger Las Vegas,23,3.6,1.9,30‚Äì40,Hamburguesas,‚Ç¨‚Ç¨,"Calle De Antonio L√≥pez 109,   Madrid",Carabanchel,4.038.678,-369.811
595,Alice Pizza,23,3.6,2.4,50‚Äì60,Pizza,‚Ç¨,"Calle De C√°ceres 5,  Madrid",Carabanchel,4.039.854,-369.618
597,Herb√≠voro,23,3.6,1.9,45‚Äì55,Parrilla,‚Ç¨,"Paseo De Los Melancolicos 7,   Madrid",Carabanchel,4.040.481,-372.076
598,La Manousheria,23,3.6,2.5,40‚Äì60,Postres,‚Ç¨,"Calle De Los Y√©benes 150,   Madrid",Carabanchel,4.038.979,-375.197
599,Popizza,23,3.6,0.9,30‚Äì40,Pollo,‚Ç¨,"Calle De Marcelo Usera 12,   Madrid",Carabanchel,4.038.728,-370.066
600,Papa John's,200,4.3,0.9,30‚Äì40,Pizza,‚Ç¨,"Calle De Embajadores, 14 ,   Madrid",Usera,4.040.069,-369.925
602,TUTTO PASTA!,26,2.8,2.5,40‚Äì60,Comida r√°pida,‚Ç¨,"Calle De Matilde Hern√°ndez 90,  Madrid",Usera,403.908,-373.382
603,Restaurante Sabor K-Tracho,23,3.6,1.4,35‚Äì45,Alcohol,‚Ç¨,"Calle Del Gral. Ricardos, 92,   Madrid",Usera,4.039.347,-372.325
604,Autoservicio,77,4.8,0.9,15‚Äì25,Tienda,‚Ç¨,"Av. Del Manzanares, 210,  Madrid",Usera,4.039.021,-370.016
606,Little Caesars Pizza,200,4.6,1.4,40‚Äì50,Pizza,‚Ç¨,"Calle De C√°ceres 1,   Madrid",Usera,4.039.854,-369.618
607,Comida china yonghe,50,4.3,2.4,40‚Äì50,China,‚Ç¨‚Ç¨‚Ç¨,"Calle De La Alianza 33,   Madrid",Usera,4.035.775,-368.689
608,Chinawokexpress,200,4.2,4.25,30‚Äì50,China,‚Ç¨,"Paseo Del Doctor Vallejo N√°gera, 25,  Madrid",Usera,4.040.163,-370.811
610,Papa John's,200,4.3,2.4,30‚Äì40,Pizza,‚Ç¨,"Avenida De Oporto 14,  Madrid",Usera,4.038.512,-372.238
611,TROPICALISSIMA,84,4.4,1.4,30‚Äì40,Alcohol,‚Ç¨‚Ç¨‚Ç¨,"Calle Azabache, 6,  Madrid",Usera,4.039.215,-372.487
612,Super Dog,25,3.7,1.4,30‚Äì50,Hamburguesas,‚Ç¨,"Calle Del Gral. Ricardos, 92,   Madrid",Usera,4.039.347,-372.325
613,Autoservicio,77,4.8,2.4,30‚Äì40,Tienda,‚Ç¨,"Avenida De Orovilla 46,  Madrid",Usera,4.036.029,-368.992
615,Pollo Rico Al carb√≥n,68,4.5,0.9,40‚Äì50,Pollo,‚Ç¨,"Calle C√°ceres, 34,  Madrid",Usera,4.039.879,-36.959
616,Ristorante Pizzer√≠a Dante,61,4.1,2.4,45‚Äì55,Pizza,‚Ç¨,"Calle De Moncada 122,   Madrid",Usera,4.034.096,-369.201
617,Pollos a la brasa el Corral,31,4.6,3.0,30‚Äì50,Pollo,‚Ç¨,"Paseo De Santa Mar√≠a De La Cabeza, 86,  Madrid",Usera,4.039.875,-370.153
619,Beiben,14,4.2,1.9,30‚Äì40,Tapas,‚Ç¨,"Calle De Guetaria 72,   Madrid",Usera,4.036.655,-371.523
620,Pasta con todo üçù,23,3.6,1.4,40‚Äì50,Italiana,‚Ç¨,"Calle De Antonio L√≥pez 109,   Madrid",Usera,4.038.678,-369.811
621,Pollo Criollo,23,3.6,1.4,45‚Äì55,Pollo,‚Ç¨,"Av. De Andaluc√≠a, 19,  Madrid",Usera,4.036.621,-369.375
623,McDonald's,200,4.1,1.9,20‚Äì30,Hamburguesas,‚Ç¨,"Calle De La Antracita 12,   Madrid",Usera,4.039.295,-368.724
624,Empanadas Malv√≥n,31,5.0,1.9,35‚Äì45,Empanada,‚Ç¨,"Calle Mirasierra, 37,  Madrid",Usera,4.038.842,-370.369
625,Pizza Mirasierra,17,4.2,1.4,20‚Äì30,Pizza,‚Ç¨,"Calle Arechavaleta 6,   Madrid",Usera,4.040.605,-370.752
626,Pura Italia,109,3.2,1.9,35‚Äì55,Italiana,‚Ç¨,"Traves√≠a Arechavaleta 4,   Madrid",Usera,4.039.818,-362.207
628,"Aqua, Farina e Forno",17,2.9,1.9,10‚Äì30,Pasta,‚Ç¨,"Calle Ariel,15,   Madrid",Usera,4.041.056,-371.352
629,El Buen Gusto,17,4.5,2.4,50‚Äì60,Bar Food,‚Ç¨,"Calle De Marcelo Usera 135,   Madrid",Usera,4.038.506,-371.269
630,Pizz-a-porter,23,3.6,0.9,25‚Äì35,Pizza,‚Ç¨,"Calle De Palos De La Frontera 38,   Madrid",Usera,4.040.302,-369.613
632,La Pizza √© Bella,12,4.5,2.9,40‚Äì50,Pizza,‚Ç¨,"Paseo Del Molino, 1,  Madrid",Usera,4.038.987,-369.263
633,Kebab Nemrut,81,4.3,1.9,25‚Äì35,Kebab,‚Ç¨,"Calle V√≠a Carpetana, 226,  Madrid",Usera,4.039.258,-374.124
634,Dinos Bar Kebab,23,3.6,2.5,40‚Äì60,Kebab,‚Ç¨,"Glorieta De Embajadores 4,  Madrid",Usera,404.045,-370.245
636,GALAXY KEBAB,17,4.5,2.9,30‚Äì40,Kebab,‚Ç¨,"Av. Oporto, 89,  Madrid",Usera,4.038.804,-373.205
637,Gran Oporto Kebab,29,3.7,2.9,35‚Äì45,Kebab,‚Ç¨‚Ç¨,"Calle De Jos√© Antonio De Armona 12,   Madrid",Usera,4.040.524,-369.753
638,Ramen Kagura,23,3.6,1.4,45‚Äì55,Comida reconfortante,‚Ç¨,"Calle De Tarragona 36,   Madrid",Usera,4.040.159,-36.962
639,RAVIOLUZIONE,40,4.2,1.9,20‚Äì30,Pizza,‚Ç¨,"Calle De Melilla, 47,  Madrid",Usera,4.040.113,-370.969
641,Le Crust,25,4.4,1.9,35‚Äì45,Hamburguesas,‚Ç¨,"Calle Campo De La Paloma 32,   Madrid",Usera,4.038.336,-36.475
642,Arepa Mix,38,3.9,1.4,20‚Äì30,Venezolana,‚Ç¨,"Centro Comercial Plaza Rio 2,  Madrid",Usera,4.039.114,-370.225
643,Llaollao,39,4.4,1.9,35‚Äì55,Gourmet,‚Ç¨‚Ç¨,"Calle De Ferroviarios 98,   Madrid",Usera,4.038.196,-370.452
645,Bocadillos Ole,23,3.6,1.9,10‚Äì30,Bocadillo,‚Ç¨,"Calle De Dolores Barranco, 88,  Madrid",Usera,403.833,-370.616
646,IGo Pasta,89,4.5,2.4,50‚Äì60,Italiana,‚Ç¨,"Calle De Santa Isabel, 5,  Madrid",Usera,4.041.136,-36.987
647,Yokaloka,23,3.6,0.9,25‚Äì35,Tapas y raciones,‚Ç¨,"Calle De La Antracita, 10,  Madrid",Usera,4.039.007,-368.986
649,Cantina Canalla,24,4.2,2.9,40‚Äì50,De Latinoam√©rica,‚Ç¨,"Paseo De Santa Mar√≠a De La Cabeza, 60,  Madrid",Usera,404.024,-369.775
650,√ìrale burrito,23,3.6,1.9,25‚Äì35,Burritos,‚Ç¨‚Ç¨,"Calle De Antonio L√≥pez 109,   Madrid",Usera,4.038.678,-369.811
651,Alice Pizza,23,3.6,2.5,40‚Äì60,Pizza,‚Ç¨,"Calle De M√©ndez √Ålvaro 77,   Madrid",Usera,4.039.602,-368.112
652,Tasty Poke,178,4.6,2.9,30‚Äì40,Poke,‚Ç¨,"Calle De C√°ceres 5,  Madrid",Usera,4.039.854,-369.618
654,Herb√≠voro,23,3.6,1.4,45‚Äì55,Parrilla,‚Ç¨,"Calle De Lillo 1,   Madrid",Usera,4.036.299,-369.517
655,Abaco Taberna,23,3.6,1.9,20‚Äì30,Con opciones veganas,‚Ç¨,"Calle Del √Åncora 26,   Madrid",Usera,4.040.308,-369.166
656,S√©samo,23,3.6,1.9,35‚Äì45,Pollo,‚Ç¨,"Calle De Marcelo Usera 12,   Madrid",Usera,4.038.728,-370.066
658,"Asador de pollos ""LA WISLLA""",23,3.6,1.4,20‚Äì30,Carne,‚Ç¨,"Calle De Carde√±osa 42,  Madrid",Usera,4.038.282,-367.238
659,Mac2Pic2,23,3.6,1.9,35‚Äì55,Boliviana,‚Ç¨,"Marcelo Usera 12,  Madrid",Usera,4.038.765,-370.046
660,Asador de Pollos,23,3.6,1.9,10‚Äì30,Pollo,‚Ç¨,"Calle Alf√©rez Juan Usera, 34,   Madrid",Usera,4.039.572,-373.066
662,Cheff oriental,23,3.6,2.4,50‚Äì60,Asiatica,‚Ç¨,"Paseo De Santa Mar√≠a De La Cabeza 32,   Madrid",Usera,404.031,-369.709
663,Kaleka Poke,23,3.6,0.9,25‚Äì35,Kebab,‚Ç¨,"Paseo Molino, 7,  Madrid",Usera,4.039.012,-369.287
664,Pizzeria Roberto,33,4.2,2.9,40‚Äì50,Pizza,‚Ç¨,"Calle De Jos√© Antonio De Armona 7,   Madrid",Usera,4.040.455,-36.965
665,Pui's Thai tapas,43,4.6,1.9,25‚Äì35,Comida r√°pida,‚Ç¨,"Calle Sallaberry, 101,  Madrid",Usera,4.039.279,-372.049
667,Comida China Feliz,200,4.4,2.5,40‚Äì60,China,‚Ç¨,"Avenida De Palomeras 150 ,  Madrid",Usera,4.038.564,-364.871
668,Merecumbe,100,4.3,2.9,30‚Äì40,Venezolana,‚Ç¨,"Calle De Embajadores, 12 ,   Madrid",Usera,4.040.069,-369.925
669,TUTTO PASTA!,26,2.8,2.9,35‚Äì45,Alcohol,‚Ç¨,"Avenida De Rafaela Ybarra 37,   Madrid",Puente de Vallecas,4.036.433,-371.421
671,Perla del Pacifico,66,4.1,0.9,30‚Äì40,Mediterr√°nea,‚Ç¨,"Calle De Matilde Hern√°ndez 90,  Madrid",Puente de Vallecas,403.908,-373.382
672,Restaurante Sabor K-Tracho,23,3.6,2.4,40‚Äì50,Pollo,‚Ç¨,"Av. De La Albufera, 91,  Madrid",Puente de Vallecas,403.944,-366.152
673,Precio Calidad y sabor,17,4.4,2.0,40‚Äì60,Bar Food,‚Ç¨‚Ç¨‚Ç¨,"Calle De La Alianza 33,   Madrid",Puente de Vallecas,4.035.775,-368.689
675,Chinawokexpress,200,4.2,4.25,30‚Äì50,China,‚Ç¨,"Calle Felipe Fraile 5,   Madrid",Puente de Vallecas,403.971,-366.602
676,On Rush,14,4.8,1.4,40‚Äì50,Burritos,‚Ç¨‚Ç¨‚Ç¨,"Calle Azabache, 6,  Madrid",Puente de Vallecas,4.039.215,-372.487
677,Super Dog,25,3.7,2.49,30‚Äì50,Hamburguesas,‚Ç¨,"Calle Del Pico De La Maliciosa 6,   Madrid",Puente de Vallecas,4.045.069,-367.173
678,Bur Burger,50,4.4,2.49,50‚Äì70,Hamburguesas,‚Ç¨,"Avenida De La Albufera, 40,   Madrid",Puente de Vallecas,4.039.682,-366.662
680,El Sabroso Albufera,30,3.9,1.4,20‚Äì30,Comida r√°pida,‚Ç¨,"Calle Monederos 12,   Madrid",Puente de Vallecas,4.038.776,-370.159
681,Precio Calidad y sabor,17,4.4,2.0,40‚Äì60,Bar Food,‚Ç¨,"Avenida De La Albufera 119,   Madrid",Puente de Vallecas,4.039.331,-365.945
682,Kebab Rayo,117,3.8,0.9,25‚Äì35,Kebab,‚Ç¨,"Calle De Moncada 122,   Madrid",Puente de Vallecas,4.034.096,-369.201
684,Pollos a la brasa el Corral,31,4.6,3.0,30‚Äì50,Pollo,‚Ç¨,"Av. Pablo Neruda, 91,  Madrid",Puente de Vallecas,4.038.117,-366.242
685,McDonald's,200,4.1,0.9,15‚Äì25,Hamburguesas,‚Ç¨,"Av. De La Albufera, 20,  Madrid",Puente de Vallecas,4.039.744,-36.679
686,Popeyes,187,4.1,1.99,20‚Äì40,Pollo,‚Ç¨,"Calle De La Antracita 12,   Madrid",Puente de Vallecas,4.039.295,-368.724
688,Empanadas Malv√≥n,31,5.0,2.4,40‚Äì50,Empanada,‚Ç¨‚Ç¨,"Calle Del Puerto De Balbar√°n 31,   Madrid",Puente de Vallecas,4.037.649,-365.629
689,Kebab Entrevias,43,4.5,1.4,25‚Äì35,Kebab,‚Ç¨,"Calle Arechavaleta 6,   Madrid",Puente de Vallecas,4.040.605,-370.752
690,Pura Italia,109,3.2,1.9,35‚Äì55,Italiana,‚Ç¨,"Calle Ariel,15,   Madrid",Puente de Vallecas,4.041.056,-371.352
691,El Buen Gusto,17,4.5,1.9,45‚Äì55,Bar Food,‚Ç¨,"Calle De Benjam√≠n Palencia, 32,   Madrid",Puente de Vallecas,4.039.471,-364.814
693,Poke Ukelele,68,4.2,1.9,45‚Äì65,Poke,‚Ç¨,"Av. Del Mediterr√°neo, 30,  Madrid",Puente de Vallecas,4.040.675,-367.267
694,Mahalo Poke,23,3.6,2.5,30‚Äì50,Poke,‚Ç¨‚Ç¨,"Calle Del Camino De Los Vinateros, 22,  Madrid",Puente de Vallecas,4.041.043,-365.788
695,Ankara Doner Kebab,38,4.3,2.4,40‚Äì50,Kebab,‚Ç¨,"Av. De Entrev√≠as, 58,  Madrid",Puente de Vallecas,4.037.636,-366.082
697,Shaurma House,26,4.3,1.9,20‚Äì30,Pollo,‚Ç¨,"Avenida Del Monte Igueldo 36,   Madrid",Puente de Vallecas,4.039.586,-366.853
698,Istanbul Kebab Madrid,23,3.6,1.4,30‚Äì40,Asi√°tica,‚Ç¨,"Av Del Monte Igueldo, 36,  Madrid",Puente de Vallecas,4.039.618,-366.823
699,Kebab Vallecano,12,4.0,1.4,30‚Äì40,Kebab,‚Ç¨,"Calle De Benadalid 6,   Madrid",Puente de Vallecas,4.038.604,-363.886
701,Star Kebab Pollo Asado,14,4.1,2.4,35‚Äì45,Pollo,‚Ç¨‚Ç¨,"Calle De Pe√±a De La Atalaya, 86,  Madrid",Puente de Vallecas,4.038.579,-366.726
702,Pizzamarket,30,4.8,1.9,20‚Äì30,Pizza,‚Ç¨‚Ç¨,"Av. Del Mediterr√°neo, 21,  Madrid",Puente de Vallecas,4.040.675,-367.267
703,Twin Pizza Mediterr√°neo,17,4.2,1.9,20‚Äì30,China,‚Ç¨,"Avenida Pablo Neruda 108,   Madrid",Puente de Vallecas,4.038.315,-364.917
704,Panda Sushi,133,4.4,1.9,20‚Äì30,Saludable,‚Ç¨‚Ç¨,"Calle De Arias Montano, 42,  Madrid",Puente de Vallecas,4.040.985,-367.173
706,Acqua in Bocca,36,4.3,1.9,20‚Äì30,Opciones para alergias,‚Ç¨,"Calle Campo De La Paloma 32,   Madrid",Puente de Vallecas,4.038.336,-36.475
707,Arepa Mix,38,3.9,1.9,20‚Äì30,Venezolana,‚Ç¨,"Calle Felipe Fraile 5,   Madrid",Puente de Vallecas,403.971,-366.602
708,THE SCHNITZEL BOSS,23,3.6,1.9,20‚Äì30,Sudamericana,‚Ç¨,"Calle Del Pico De La Maliciosa 6,   Madrid",Puente de Vallecas,4.045.069,-367.173
710,Frida Burritos,47,4.5,1.9,20‚Äì30,Burritos,‚Ç¨‚Ç¨,"Calle De Ferroviarios 98,   Madrid",Puente de Vallecas,4.038.196,-370.452
711,Bocadillos Ole,23,3.6,1.9,20‚Äì30,Bocadillo,‚Ç¨,"Calle Felipe Fraile 5,   Madrid",Puente de Vallecas,403.971,-366.602
712,Ceviches Marakaza,23,3.6,1.4,30‚Äì40,Peruana,‚Ç¨,"Avenida Pablo Neruda, 96 ,  Madrid",Puente de Vallecas,4.038.315,-364.917
714,Burger Town,23,3.6,1.4,30‚Äì40,Hamburguesas,‚Ç¨,"Calle Del Puerto Canfranc, 42,  Madrid",Puente de Vallecas,365.939,-6.233
715,Comida Fusi√≥n,19,3.7,1.4,30‚Äì40,Fusi√≥n latina,‚Ç¨,"Avenida De Pe√±a Prieta 22,   Madrid",Puente de Vallecas,4.040.044,-366.657
716,SUKAO FOOD FUSION,60,3.6,1.4,30‚Äì40,Japonesa,‚Ç¨,"Calle De Santa Isabel, 5,  Madrid",Puente de Vallecas,4.041.136,-36.987
717,Yokaloka,60,3.6,1.4,30‚Äì40,Tapas y raciones,‚Ç¨,"Calle De La Antracita, 10,  Madrid",Puente de Vallecas,4.038.927,-37.415
719,Cantina Canalla,24,4.2,1.4,30‚Äì40,De Latinoam√©rica,‚Ç¨,"Calle De La Cruz Del Sur 5,   Madrid",Puente de Vallecas,4.041.625,-370.064
720,BURRITOS & TACOS,86,3.5,1.4,25‚Äì35,Burritos,‚Ç¨,"Avenida Pe√±a Prieta 50,   Madrid",Puente de Vallecas,4.040.139,-36.655
721,Asador Delicasa,14,4.0,1.4,25‚Äì35,Carne,‚Ç¨,"Calle De Gutenberg 3,  Madrid",Puente de Vallecas,4.040.491,-368.175
723,Waiwai Fusion Poke Atocha,32,4.7,1.4,25‚Äì35,Alcohol,‚Ç¨,"Calle De M√©ndez √Ålvaro 77,   Madrid",Puente de Vallecas,4.039.602,-368.112
724,Tasty Poke,178,4.6,1.4,25‚Äì35,Poke,‚Ç¨,"Av. Pablo Neruda, 91,  Madrid",Puente de Vallecas,4.038.117,-366.242
725,Don Tortilla,24,4.1,1.4,25‚Äì35,Saludable,‚Ç¨,"Calle De C√°ceres 5,  Madrid",Puente de Vallecas,4.039.854,-369.618
727,Herb√≠voro,60,3.8,1.4,25‚Äì35,Parrilla,‚Ç¨,"Avenida De Buenos Aires 63,   Madrid",Puente de Vallecas,4.038.641,-365.337
728,Kebab Turca,60,3.8,1.4,25‚Äì35,Kebab,‚Ç¨,"Calle De Carde√±osa 42,  Madrid",Puente de Vallecas,4.038.282,-367.238
729,Mac2Pic2,60,3.8,1.4,25‚Äì35,Boliviana,‚Ç¨,"Av. De La Albufera, 226,  Madrid",Puente de Vallecas,4.039.097,-364.937
730,Ateshgah Albufera,60,3.8,1.4,25‚Äì35,Fritura,‚Ç¨,"Avenida Pablo Neruda, 96 ,  Madrid",Puente de Vallecas,4.038.315,-364.917
732,Superbestia,60,3.8,1.4,25‚Äì35,Pizza,‚Ç¨,"Paseo Molino, 7,  Madrid",Puente de Vallecas,4.039.012,-369.287
733,Pizzeria Roberto,33,4.2,1.4,25‚Äì35,Pizza,‚Ç¨,"Avenida De Palomeras 150 ,  Madrid",Puente de Vallecas,4.038.564,-364.871
734,Merecumbe,100,4.3,1.4,25‚Äì35,Venezolana,‚Ç¨‚Ç¨,"Calle De Ferroviarios 98,   Madrid",Puente de Vallecas,4.038.196,-370.452
736,Mr Patata,60,3.8,1.4,25‚Äì35,Pollo,‚Ç¨,"Calle De Lituania 6,   Madrid",Puente de Vallecas,4.040.931,-366.156
737,Drag√≥n,60,3.8,1.4,25‚Äì35,Pizza,‚Ç¨,"Calle De Embajadores, 12 ,   Madrid",Puente de Vallecas,4.040.069,-369.925
738,TUTTO PASTA!,26,2.8,2.6,40‚Äì60,Comida r√°pida,‚Ç¨,"Av. De La Albufera, 226,  Madrid",Moratalaz,4.039.097,-364.937
740,Papa John's,200,4.4,1.4,25‚Äì35,Pizza,‚Ç¨,"Calle Del Pico De La Maliciosa 6,   Madrid",Moratalaz,4.045.069,-367.173
741,Streat Lab,50,4.6,2.49,50‚Äì70,Pollo,‚Ç¨,"Av. De La Albufera, 91,  Madrid",Moratalaz,403.944,-366.152
742,Pizz-a-porter,60,3.8,0.9,35‚Äì45,Pizza,‚Ç¨‚Ç¨‚Ç¨,"Calle De La Alianza 33,   Madrid",Moratalaz,4.035.775,-368.689
743,Chinawokexpress,200,4.2,4.25,30‚Äì50,China,‚Ç¨,"Calle Del Pico De La Maliciosa 6,   Madrid",Moratalaz,4.045.069,-367.173
745,Streat Lab,50,4.6,1.9,40‚Äì50,Pollo,‚Ç¨,"Calle Felipe Fraile 5,   Madrid",Moratalaz,403.971,-366.602
746,On Rush,14,4.8,2.4,45‚Äì55,Burritos,‚Ç¨,"Av. De La Albufera, 91,  Madrid",Moratalaz,403.944,-366.152
747,Pizz-a-porter,60,3.8,1.9,45‚Äì55,Pizza,‚Ç¨,"Calle De Berastegui 24,   Madrid",Moratalaz,4.043.013,-364.274
749,Perla del Pacifico,30,4.3,2.4,40‚Äì50,Mediterr√°nea,‚Ç¨,"Avenida De La Albufera, 40,   Madrid",Moratalaz,4.039.682,-366.662
750,El Sabroso Albufera,30,3.9,2.4,25‚Äì35,Comida r√°pida,‚Ç¨,"Calle Manuel Machado, 6,  Madrid",Moratalaz,4.038.916,-366.819
751,McDonald's,200,4.2,1.9,30‚Äì40,Hamburguesas,‚Ç¨,"Calle Del Pico De La Maliciosa 6,   Madrid",Moratalaz,4.045.069,-367.173
753,Bur Burger,50,4.4,1.9,40‚Äì50,Hamburguesas,‚Ç¨‚Ç¨‚Ç¨,"Calle Azulejo 2,   Madrid",Moratalaz,4.033.274,-371.905
754,Empanadas BAIRES,60,3.8,2.9,45‚Äì55,Empanada,‚Ç¨,"Calle Esteban Collantes, 31,   Madrid",Moratalaz,4.043.166,-364.089
755,Croqueteria Focos,60,3.8,2.9,35‚Äì45,Croquetas,‚Ç¨,"Calle De Gonzalo De Berceo 63,   Madrid",Moratalaz,4.042.865,-36.399
756,Asador Perla del Pacifico Ascao,39,4.6,2.4,40‚Äì50,Carne,‚Ç¨,"Av. De La Albufera, 20,  Madrid",Moratalaz,4.039.744,-36.679
758,Popeyes,187,4.1,1.99,20‚Äì40,Pollo,‚Ç¨,"Avenida De La Albufera 119,   Madrid",Moratalaz,4.039.331,-365.945
759,Kebab Rayo,117,3.8,1.9,35‚Äì45,Kebab,‚Ç¨,"Paseo Del Marqu√©s De Zafra 38,  Madrid",Moratalaz,4.042.547,-366.303
760,DIVE`S FOOD,60,3.8,2.4,45‚Äì55,Hamburguesas,‚Ç¨,"Calle De Juli√°n Camarillo 47,   Madrid",Moratalaz,4.043.898,-361.628
762,Pic & Nic,200,4.5,3.4,30‚Äì40,Mediterr√°nea,‚Ç¨,"Calle De Benjam√≠n Palencia, 32,   Madrid",Moratalaz,4.039.471,-364.814
763,Poke Ukelele,68,4.2,3.4,45‚Äì65,Poke,‚Ç¨‚Ç¨‚Ç¨,"Av. De Moratalaz, 137,  Madrid",Moratalaz,4.040.666,-364.674
764,Kebab moratalaz,60,3.8,1.4,30‚Äì40,Kebab,‚Ç¨,"Av. Del Mediterr√°neo, 30,  Madrid",Moratalaz,4.040.675,-367.267
766,Mahalo Poke,60,3.8,2.5,30‚Äì50,Poke,‚Ç¨,"Av. Del Marqu√©s De Corbera, 40,  Madrid",Moratalaz,4.042.727,-365.018
767,Bar el casta√±o,60,3.8,2.4,35‚Äì45,Mediterranea,‚Ç¨‚Ç¨,"Calle Del Camino De Los Vinateros, 22,  Madrid",Moratalaz,4.041.043,-365.788
768,Ankara Doner Kebab,38,4.3,1.9,30‚Äì40,Kebab,‚Ç¨,"Avenida Del Monte Igueldo 36,   Madrid",Moratalaz,4.039.586,-366.853
769,Istanbul Kebab Madrid,60,3.8,2.4,40‚Äì50,Kebab,‚Ç¨,"Calle De Benadalid 6,   Madrid",Moratalaz,4.038.604,-363.886
771,Star Kebab Pollo Asado,14,4.1,2.4,35‚Äì45,Pollo,‚Ç¨,"Av Del Monte Igueldo, 36,  Madrid",Moratalaz,4.039.618,-366.823
772,Kebab Vallecano,12,4.0,2.4,40‚Äì50,Kebab,‚Ç¨,"Calle De Ezequiel Solana, 52,  Madrid",Moratalaz,4.043.037,-364.518
773,Pizzamarket,30,4.8,2.4,40‚Äì50,Pizza,‚Ç¨,"Calle De Ricardo Ortiz, 20,  Madrid",Moratalaz,4.042.857,-365.826
775,Tennessee BBQ,77,4.8,2.4,40‚Äì50,Pizza,‚Ç¨,"Calle De Zabaleta 1,  Madrid",Moratalaz,4.044.221,-367.369
776,Napoli Gang by Bel Mondo,200,4.6,2.4,40‚Äì50,Pizza,‚Ç¨‚Ç¨,"Av. Del Mediterr√°neo, 21,  Madrid",Moratalaz,4.040.675,-367.267
777,Twin Pizza Mediterr√°neo,17,4.2,2.4,40‚Äì50,India,‚Ç¨‚Ç¨,"Calle Francisco Villaespesa, 6,  Madrid",Moratalaz,4.042.906,-36.488
779,Mother india,37,4.3,2.4,40‚Äì50,China,‚Ç¨,"Avenida Pablo Neruda 108,   Madrid",Moratalaz,4.038.315,-364.917
780,Panda Sushi,133,4.4,2.4,40‚Äì50,Saludable,‚Ç¨,"Calle Del Vizconde De Matamala 5,   Madrid",Moratalaz,4.042.639,-366.425
781,Cl√°sico Argentino üá¶üá∑,41,4.5,2.4,40‚Äì50,Empanada,‚Ç¨‚Ç¨,"Calle De Arias Montano, 42,  Madrid",Moratalaz,4.040.985,-367.173
782,Acqua in Bocca,36,4.3,2.4,40‚Äì50,Comida r√°pida,‚Ç¨,"Calle Buen Gobernador, 6,   Madrid",Moratalaz,4.043.299,-365.425
784,Happy Burger,90,4.3,2.4,40‚Äì50,Hamburguesas,‚Ç¨,"Calle Campo De La Paloma 32,   Madrid",Moratalaz,4.038.336,-36.475
785,Arepa Mix,38,3.9,2.4,40‚Äì50,Venezolana,‚Ç¨,"Calle Felipe Fraile 5,   Madrid",Moratalaz,403.971,-366.602
786,THE SCHNITZEL BOSS,60,3.8,2.4,40‚Äì50,Sudamericana,‚Ç¨,"Calle Del Pico De La Maliciosa 6,   Madrid",Moratalaz,4.045.069,-367.173
788,Frida Burritos,47,4.5,2.4,40‚Äì50,Burritos,‚Ç¨,"Calle De Gandhi 71,  Madrid",Moratalaz,404.958,-36.177
789,Veg&Bite,12,4.9,2.4,40‚Äì50,Postres,‚Ç¨,"Calle Felipe Fraile 5,   Madrid",Moratalaz,403.971,-366.602
790,Ceviches Marakaza,60,3.8,2.4,40‚Äì50,Peruana,‚Ç¨,"Calle Del Vizconde De Matamala 5,   Madrid",Moratalaz,4.042.639,-366.425
792,Sushi Not Sorry,60,3.8,2.4,40‚Äì50,Fusi√≥n asi√°tica,‚Ç¨,"Calle De Maiquez 50,   Madrid",Moratalaz,4.042.273,-367.283
793,Nagasaki Sushi Retiro,60,3.8,2.4,40‚Äì50,China,‚Ç¨,"Calle Del Puerto Canfranc, 42,  Madrid",Moratalaz,365.939,-6.233
794,Comida Fusi√≥n,19,3.7,2.4,40‚Äì50,Fusi√≥n latina,‚Ç¨,"Avenida De Pe√±a Prieta 22,   Madrid",Moratalaz,4.040.044,-366.657
795,SUKAO FOOD FUSION,60,3.8,2.5,40‚Äì60,Japonesa,‚Ç¨,"Zabaleta 1,   Madrid",Moratalaz,4.044.065,-367.537
797,Nola Smoke,199,4.2,2.5,40‚Äì60,Comida r√°pida,‚Ç¨,"Calle De La Cruz Del Sur 5,   Madrid",Moratalaz,4.041.625,-370.064
798,BURRITOS & TACOS,86,3.5,2.5,40‚Äì60,Burritos,‚Ç¨,"Avenida Pe√±a Prieta 50,   Madrid",Moratalaz,4.040.139,-36.655
799,Asador Delicasa,14,4.0,2.5,40‚Äì60,Carne,‚Ç¨,"Fuente Carrantona 24,  Madrid",Moratalaz,4.040.526,-363.349
801,TGB,174,3.9,2.5,40‚Äì60,Hamburguesas,‚Ç¨,"Avenida Uni√≥n Europea 5,   Madrid",Moratalaz,4.040.001,-375.089
802,√Ågora Torrej√≥n,60,3.8,2.5,40‚Äì60,Fried Foods,‚Ç¨,"Avenida De Buenos Aires 63,   Madrid",Moratalaz,4.038.641,-365.337
803,Kebab Turca,60,3.8,2.5,40‚Äì60,Kebab,‚Ç¨,"Av. De La Albufera, 226,  Madrid",Moratalaz,4.039.097,-364.937
805,Ateshgah Albufera,60,3.8,2.5,40‚Äì60,Fritura,‚Ç¨,"Avenida Pablo Neruda, 96 ,  Madrid",Moratalaz,4.038.315,-364.917
806,Superbestia,60,3.8,2.5,40‚Äì60,Pizza,‚Ç¨,"Calle De Embajadores, 12 ,   Madrid",Moratalaz,4.040.069,-369.925
807,TUTTO PASTA!,26,2.8,2.5,40‚Äì60,Pizza,‚Ç¨,"Alcalde Luis De Marichala 3,  Madrid",Ciudad Lineal,404.361,-36.722
808,Papa John's,127,4.1,1.4,35‚Äì45,Pizza,‚Ç¨,"Calle Azulejo 2,   Madrid",Ciudad Lineal,4.033.274,-371.905
810,Pizzer√≠a Argentina El Tr√©bol,60,3.8,2.9,45‚Äì55,Pizza,‚Ç¨‚Ç¨,"Calle De La Alianza 33,   Madrid",Ciudad Lineal,4.035.775,-368.689
811,Chinawokexpress,200,4.2,4.25,30‚Äì50,China,‚Ç¨‚Ç¨,"Calle Lopez de Hoyos 15,  Madrid",Ciudad Lineal,4.044.861,-366.712
812,El Burrito Borracho,60,2.7,2.9,40‚Äì50,Burritos,‚Ç¨,"Calle Azulejo 2,   Madrid",Ciudad Lineal,4.033.274,-371.905
814,Pizzer√≠a Argentina El Tr√©bol,60,2.7,1.9,40‚Äì50,Pizza,‚Ç¨,"Calle De Berastegui 24,   Madrid",Ciudad Lineal,4.043.013,-364.274
815,Perla del Pacifico,30,4.3,1.4,35‚Äì45,Mediterr√°nea,‚Ç¨‚Ç¨‚Ç¨,"Calle De La Alianza 33,   Madrid",Ciudad Lineal,4.035.775,-368.689
816,Chinawokexpress,200,4.2,4.25,30‚Äì50,China,‚Ç¨,"Plaza Bami, 26,  Madrid",Ciudad Lineal,4.045.866,-364.638
818,El Burrito Borracho,60,2.7,1.4,30‚Äì40,Burritos,‚Ç¨,"Calle De Jos√© Ortega Y Gasset 94,  Madrid",Ciudad Lineal,4.042.986,-367.176
819,Empanadas Malv√≥n,48,4.9,1.9,25‚Äì35,Empanada,‚Ç¨‚Ç¨‚Ç¨,"Calle Azulejo 2,   Madrid",Ciudad Lineal,4.033.274,-371.905
820,Empanadas BAIRES,60,2.7,1.9,40‚Äì50,Empanada,‚Ç¨,"L√≥pez De Hoyos , 153,  Madrid",Ciudad Lineal,4.044.872,-366.864
821,Popeyes,200,4.4,1.9,35‚Äì45,Pollo,‚Ç¨,"Alcala 191,  Madrid",Ciudad Lineal,4.042.768,-366.996
823,Pastamore,98,4.6,2.4,30‚Äì40,Italiana,‚Ç¨,"Calle Esteban Collantes, 31,   Madrid",Ciudad Lineal,4.043.166,-364.089
824,Croqueteria Focos,60,2.7,1.4,25‚Äì35,Croquetas,‚Ç¨,"Calle Del Pr√≠ncipe De Vergara, 210,  Madrid",Ciudad Lineal,4.042.562,-367.992
825,Home Burger Bar,198,4.1,2.4,35‚Äì45,Hamburguesas,‚Ç¨,"Calle De La Virgen De La Fuencisla, 19,   Madrid",Ciudad Lineal,4.039.654,-366.673
827,HyH Kebab Fried Chicken,23,3.6,1.0,40‚Äì60,Pollo,‚Ç¨,"Calle Mateo Garc√≠a, 13,  Madrid",Ciudad Lineal,404.316,-365.271
828,Pollos Gourmet,22,2.7,1.4,25‚Äì35,Pollo,‚Ç¨‚Ç¨,"Calle De Azcona 36,   Madrid",Ciudad Lineal,4.038.927,-37.415
829,Arepish,186,4.6,1.9,30‚Äì40,Venezolana,‚Ç¨,"Calle De Cronos, 6,  Madrid",Ciudad Lineal,4.043.833,-361.963
831,Ichibanya,40,4.0,1.9,40‚Äì60,Comida r√°pida,‚Ç¨,"Calle De Gonzalo De Berceo 63,   Madrid",Ciudad Lineal,4.042.865,-36.399
832,Asador Perla del Pacifico Ascao,39,4.6,1.9,30‚Äì40,Carne,‚Ç¨,"Calle De Juli√°n Camarillo 47,   Madrid",Ciudad Lineal,4.043.898,-361.628
833,Pic & Nic,200,4.5,2.4,25‚Äì35,Mediterr√°nea,‚Ç¨,"Paseo Del Marqu√©s De Zafra 38,  Madrid",Ciudad Lineal,4.042.547,-366.303
834,DIVE`S FOOD,22,2.7,1.9,40‚Äì50,Hamburguesas,‚Ç¨,"Calle De Las Naciones 5,   Madrid",Ciudad Lineal,4.042.685,-36.736
836,PaellaGood,22,2.7,2.4,45‚Äì55,Mediterr√°nea,‚Ç¨‚Ç¨,"Calle De Alcal√°, 339,  Madrid",Ciudad Lineal,4.044.291,-361.886
837,Pa Picar,22,2.7,0.9,20‚Äì30,Mediterr√°nea,‚Ç¨,"Calle Del Gral. Pardi√±as, 32,  Madrid",Ciudad Lineal,4.042.651,-367.813
838,Rude Burger,36,4.8,2.9,40‚Äì50,Hamburguesas,‚Ç¨‚Ç¨,"Calle Lopez de Hoyos 15,  Madrid",Ciudad Lineal,4.044.861,-366.712
840,100 % Sano,22,2.7,2.9,35‚Äì45,Saludable,‚Ç¨,"Calle De San Romualdo, 22,  Madrid",Ciudad Lineal,4.043.824,-362.185
841,McDonald's,200,4.2,2.4,20‚Äì30,Hamburguesas,‚Ç¨,"Calle Del Marqu√©s De Mond√©jar, 4,   Madrid",Ciudad Lineal,4.042.681,-366.684
842,Thai Zafra,38,4.6,1.9,25‚Äì35,Opciones para alergias,‚Ç¨,"Calle De Mar√≠a De Molina, 44,  Madrid",Ciudad Lineal,4.043.794,-368.459
844,Flame,22,2.7,2.4,45‚Äì55,Hamburguesas,‚Ç¨‚Ç¨,"Calle Conde De Penalver 35,   Madrid",Ciudad Lineal,4.042.846,-367.524
845,Cor & Cor,35,4.3,2.4,50‚Äì60,Postres,‚Ç¨,"Calle De Maldonado, 51,  Madrid",Ciudad Lineal,4.043.378,-36.789
846,Tiendas 7x24,140,4.8,2.4,30‚Äì40,Fusi√≥n asi√°tica,‚Ç¨,"Calle De M√©jico 20,   Madrid",Ciudad Lineal,4.043.736,-367.305
847,Restaurante Chino Diamante,100,4.0,1.9,35‚Äì45,China,‚Ç¨,"Calle De Emilio Gastesi Fern√°ndez 12,  Madrid",Ciudad Lineal,4.043.697,-364.814
849,Tienduki,22,2.7,2.99,5‚Äì25,Comida r√°pida,‚Ç¨,"Calle Del Dr. Esquerdo, 10,  Madrid",Ciudad Lineal,4.042.661,-366.826
850,Empanadas Pampas,22,2.7,2.4,35‚Äì45,Empanada,‚Ç¨,"Calle Ferreter√≠a, 3,  Madrid",Ciudad Lineal,404.273,-362.271
851,Make doner,15,3.9,2.4,50‚Äì60,S√°ndwiches,‚Ç¨,"Calle Zabaleta 1,   Madrid",Ciudad Lineal,4.044.065,-367.537
853,CHUCK CHUCK CHICKEN,22,2.7,2.4,40‚Äì50,Pollo,‚Ç¨,"Calle De Mota Del Cuervo, 76,  Madrid",Ciudad Lineal,4.046.491,-362.973
854,Tim Hortons,36,4.9,1.4,25‚Äì35,Comida reconfortante,‚Ç¨,"Calle De Arturo Soria, 189,  Madrid",Ciudad Lineal,4.045.843,-365.932
855,Pasteleria Saul,27,4.2,2.4,25‚Äì35,Postres,‚Ç¨‚Ç¨,"Plaza Sagrado Coraz√≥n De Jes√∫s, 2,  Madrid",Ciudad Lineal,4.041.349,-369.582
857,Foster's Hollywood,65,4.2,2.4,40‚Äì50,Americana,‚Ç¨,"Calle De Silvano, 77,  Madrid",Ciudad Lineal,404.629,-36.357
858,Kebab Bosforos,80,4.5,2.9,40‚Äì50,Kebab,‚Ç¨,"Av. Del Marqu√©s De Corbera, 40,  Madrid",Ciudad Lineal,4.042.727,-365.018
859,Bar el casta√±o,22,2.7,1.9,30‚Äì40,Mediterranea,‚Ç¨,"Calle De Hermosilla, 91,  Madrid",Ciudad Lineal,4.042.607,-367.616
860,Esmirna Doner Kebap,48,4.7,2.4,35‚Äì45,Kebab,‚Ç¨,"Calle Zabaleta 1,   Madrid",Ciudad Lineal,4.044.065,-367.537
862,Frambons,22,2.7,2.4,35‚Äì45,Empanada,‚Ç¨,"Av. Del Mediterr√°neo, 30,  Madrid",Ciudad Lineal,4.040.675,-367.267
863,Doner kebap efes,23,4.7,2.4,25‚Äì35,Kebab,‚Ç¨,"Calle De L√≥pez De Hoyos, 139,  Madrid",Ciudad Lineal,4.044.849,-366.731
864,Doner kebap efes,30,4.6,1.9,30‚Äì40,Kebab,‚Ç¨,"Calle De Alcal√° 205,  Madrid",Ciudad Lineal,4.044.291,-361.886
866,Sumo Grill,26,4.5,2.9,60‚Äì70,Opciones para alergias,‚Ç¨,"Calle De Ezequiel Solana, 52,  Madrid",Ciudad Lineal,4.043.037,-364.518
867,Da Yuan,200,4.4,2.9,60‚Äì70,Pasta,‚Ç¨,"Calle Del Conde De Pe√±alver, 66,  Madrid",Ciudad Lineal,4.043.141,-367.496