,Restaurante,Valoracion,Nota,Delivery_fee,ETA,Tag,Precio,Direccion,Barrio,Lat,Lon
0,Badsha India Restaurant,200,4.4,1.0,15‚Äì35,India,‚Ç¨,"Calle De Embajadores,   Madrid",Centro,40.40069,-3.69925
1,TUTTO PASTA!,26,2.8,2.5,40‚Äì60,Family Meals,‚Ç¨,"Calle De N√∫√±ez De Arce, 11,  Madrid",Centro,40.41538,-3.70124
2,Pizza Central,31,3.8,2.99,35‚Äì55,Pizza,‚Ç¨,"Plaza Del Emperador Carlos V, 10,  Madrid",Centro,40.40861,-3.69288
4,La Tagliatella,15,3.9,0.9,25‚Äì35,Pizza,‚Ç¨,"Calle De Toledo 27,   Madrid",Centro,40.41377,-3.70737
5,Fritz Foods,41,4.5,0.4,30‚Äì40,Pizza,‚Ç¨,"Calle De Luchana 17,   Madrid",Centro,40.43,-3.70099
6,Pizzart Luchana,28,3.1,1.9,50‚Äì60,Pizza,‚Ç¨,"Paseo De La Virgen Del Puerto, 45,  Madrid",Centro,40.40922,-3.72105
7,Kahuna,25,4.6,1.4,45‚Äì55,Burritos,‚Ç¨,"Calle De La Aduana 25,   Madrid",Centro,40.41841,-3.70073
8,Wacamole,50,3.9,0.9,40‚Äì50,De Latinoam√©rica,‚Ç¨,"Calle De Arriaza, 6,  Madrid",Centro,40.42104,-3.71579
9,El Imperio de la Empanada,28,3.1,0.9,45‚Äì55,Empanada,‚Ç¨,"Calle De San Andr√©s, 26,   Madrid",Centro,40.42735,-3.70352
10,Roost Chicken,28,3.1,1.4,45‚Äì55,Pollo,‚Ç¨,"Calle Mayor, 38,  Madrid",Centro,40.41611,-3.70831
11,Popeyes,200,4.3,0.4,30‚Äì40,Pollo,‚Ç¨,"Paseo Del Doctor Vallejo N√°gera, 25 ,   Madrid",Centro,40.40163,-3.70811
12,Papa John's,200,4.3,1.9,30‚Äì40,Pizza,‚Ç¨,"Calle De C√°ceres 1,  Madrid",Centro,40.39854,-3.69618
13,Comida china yonghe,50,4.3,2.4,40‚Äì50,China,‚Ç¨,"Calle Preciados, 29 ,  Madrid",Centro,40.41959,-3.70641
14,Taco Bell,145,4.3,0.9,30‚Äì40,Hamburguesas,‚Ç¨,"P.¬∫ De La Florida, 2,    Madrid",Centro,40.42149,-3.71954
15,KFC - Principe Pio,28,3.1,1.4,50‚Äì60,Pollo,‚Ç¨,"Traves√≠a De La Parada 6,  Madrid",Centro,40.42286,-3.70803
16,EL LAT√ìN GRIS,66,3.7,0.9,45‚Äì55,Pollo,‚Ç¨‚Ç¨,"Calle De Mira El Sol, 1,   Madrid",Centro,40.40781,-3.70452
17,TAMCOC,28,3.1,1.4,40‚Äì50,Italiana,‚Ç¨‚Ç¨‚Ç¨,"Calle De La Alianza 33,   Madrid",Centro,40.35775,-3.68689
18,Chinawokexpress,200,4.2,4.25,30‚Äì50,China,‚Ç¨,"Calle Dos Hermanas, 22,   Madrid",Centro,40.41041,-3.70607
19,La Alegr√≠a de la Huerta,28,3.1,0.9,25‚Äì35,Vegetariano,‚Ç¨,"Calle De N√∫√±ez De Arce 11,  Madrid",Centro,40.41538,-3.70124
20,Empanadas BAIRES,28,3.1,2.99,35‚Äì55,Empanada,‚Ç¨,"Atocha, 64,  Madrid",Centro,40.41154,-3.6983
21,Domino's,89,4.4,1.0,15‚Äì25 ,Pizza,‚Ç¨‚Ç¨,"Calle De Los Donados 2,   Madrid",Centro,40.41799,-3.70834
22,Cor & Cor,28,3.1,0.4,30‚Äì40,Postres,‚Ç¨,"Calle De Carranza 3,   Madrid",Centro,40.42895,-3.70276
23,Tiendas 7x24,70,4.6,1.9,50‚Äì60,Tienda,‚Ç¨,"Calle De Tudescos, 4,  Madrid",Centro,40.3747,-3.65969
24,Super naan,28,3.1,0.9,50‚Äì60,India,‚Ç¨,"Calle Azabache, 6,   Madrid",Centro,40.39215,-3.72487
25,Super Dog,25,3.7,0.9,30‚Äì50,Hamburguesas,‚Ç¨,"Calle Gran V√≠a, 16,   Madrid",Centro,40.41966,-3.69894
26,Steak Burger,168,4.2,1.4,45‚Äì55,Americana,‚Ç¨,"Calle De La Cruz, 20,   Madrid",Centro,40.41553,-3.70175
27,Galipan,23,4.2,0.9,45‚Äì55,Halal,‚Ç¨,"Calle Del Dr Cortezo, 7,   Madrid",Centro,40.41347,-3.70389
28,El Turkito,200,4.1,0.9,30‚Äì40,Asiatica,‚Ç¨,"Paseo De Santa Mar√≠a De La Cabeza 14,   Madrid",Centro,40.40615,-3.69478
29,Arepish,186,4.4,1.9,35‚Äì45,Venezolana,‚Ç¨,"Hilarion Eslava 42,   Madrid",Centro,40.43649,-3.71684
30,CONVEXO,69,4.6,2.4,40‚Äì50,Pollo,‚Ç¨,"Calle Del Mes√≥n De Paredes 52,   Madrid",Centro,40.40597,-3.70127
31,Mandela 100,28,3.1,0.9,40‚Äì50,India,‚Ç¨,"Calle Del Esp√≠ritu Santo 16,   Madrid",Centro,40.42557,-3.70629
32,MY Pasta Room,59,4.6,1.4,40‚Äì50,Italiana,‚Ç¨,"Calle C√°ceres, 34,  Madrid",Centro,40.39879,-3.6959
33,Ristorante Pizzer√≠a Dante,61,4.1,2.4,45‚Äì55,Pizza,‚Ç¨,"Calle Gran V√≠a 74,   Madrid",Centro,40.42146,-3.7075
34,Trek Taco,28,3.1,0.9,40‚Äì50,Empanada,‚Ç¨,"Calle De San Bernardino, 20,   Madrid",Centro,40.42541,-3.71112
35,MILA TOWN,28,3.1,1.4,35‚Äì45,Americana,‚Ç¨,"Plaza Del Comandante Las Morenas 3,   Madrid",Centro,40.41624,-3.70883
36,Pollo Criollo,28,3.1,0.4,45‚Äì55,Pollo,‚Ç¨,"Paseo De Los Jesuitas 18,   Madrid",Centro,40.41054,-3.73129
37,Gourmet Madrid,24,3.3,2.4,60‚Äì70,Pizza,‚Ç¨,"Calle De Luchana 13,  Madrid",Centro,40.43,-3.70099
38,Freedom Pizza,53,4.5,1.9,45‚Äì55,Pizza,‚Ç¨,"Calle De Mira El Sol 23b,   Madrid",Centro,40.40763,-3.70495
39,La Cochinita Loca,19,4.3,1.4,40‚Äì50,Colombiana,‚Ç¨,"Calle De Lavapi√©s 34,  Madrid",Centro,40.41107,-3.70275
40,Sonali Indian Restaurante,58,4.1,1.4,25‚Äì35,India,‚Ç¨,"Calle De Ayala 28,   Madrid",Centro,40.42774,-3.68571
41,SANABRIA,28,3.1,2.4,55‚Äì65,Tapas y raciones,‚Ç¨,"Plaza De La Cebada, 10,   Madrid",Centro,40.41156,-3.71008
42,Taberna La Buha,24,4.2,0.9,45‚Äì55,Tapas,‚Ç¨,"Calle De Galer√≠a De Vallehermoso 4,  Madrid",Centro,40.43946,-3.70777
43,Real Fried Chicken,15,4.3,2.4,50‚Äì60,Alitas de pollo,‚Ç¨,"Calle De Moncada 122,  Madrid",Centro,40.34096,-3.69201
44,Pollos a la brasa el Corral,31,4.6,3.0,30‚Äì50,Pollo,‚Ç¨,"Calle Mayor, 42,   Madrid",Centro,40.41606,-3.70853
45,Las Muns,28,3.1,0.4,35‚Äì45,Panader√≠a,‚Ç¨,"Calle Mayor, 31,   Madrid",Centro,40.41613,-3.70744
46,Chocolateria Tacita de Plata,13,4.1,0.4,35‚Äì45,Postres,‚Ç¨,"Calle Gran V√≠a, 22,   Madrid",Centro,40.42011,-3.7007
47,TGB,89,3.9,1.4,50‚Äì60,Hamburguesas,‚Ç¨‚Ç¨‚Ç¨,"Calle Vergara 3,   Madrid",Centro,40.41775,-3.71025
48,Mr. Pizza Madrid,28,3.1,0.9,35‚Äì45,Italiana,‚Ç¨,"Calle De Toledo, 63,   Madrid",Centro,40.41122,-3.70801
49,McDonald's,200,4.3,0.9,25‚Äì35,Hamburguesas,‚Ç¨,"Calle Libertad, 9,  Madrid",Centro,40.42072,-3.69767
50,Puccias Chueca,28,3.1,1.4,30‚Äì40,Americana,‚Ç¨,"Paseo De Santa Mar√≠a De La Cabeza, 86,   Madrid",Centro,40.39875,-3.70153
51,Beiben,14,4.2,1.9,30‚Äì40,Tapas,‚Ç¨,"Calle Andr√©s Mellado 43,  Madrid",Centro,40.44112,-3.71427
52,La Bruja del Vesuvio,28,3.1,1.9,40‚Äì50,Comida r√°pida,‚Ç¨,"Calle De Cea Berm√∫dez 49,   Madrid",Centro,40.43905,-3.70972
53,Cerveceria Ria√±o,28,3.1,2.9,45‚Äì55,Cerveza,‚Ç¨,"Calle De Jos√© Calvo 6,   Madrid",Centro,40.45883,-3.70845
54,Badsha India Restaurant,200,4.4,1.0,15‚Äì35,India,‚Ç¨,"Calle De Embajadores,   Madrid",Arganzuela,40.40069,-3.69925
55,TUTTO PASTA!,26,2.8,2.5,40‚Äì60,Especialidades,‚Ç¨,"Calle De C√°ceres 1,   Madrid",Arganzuela,40.39854,-3.69618
56,Pizza Central,31,3.8,2.99,35‚Äì55,Pizza,‚Ç¨,"Calle C√°ceres, 34,  Madrid",Arganzuela,40.39879,-3.6959
57,Ristorante Pizzer√≠a Dante,61,4.1,2.4,40‚Äì60,Pizza,‚Ç¨,"Paseo Del Doctor Vallejo N√°gera, 25 ,  Madrid",Arganzuela,40.40163,-3.70811
58,Papa John's,200,4.3,0.9,20‚Äì30,Pizza,‚Ç¨,"Paseo Delicias, 65,   Madrid",Arganzuela,40.39908,-3.69435
59,Domino's,33,4.3,1.0,15‚Äì35,Pizza,‚Ç¨,"Calle De Toledo 27,   Madrid",Arganzuela,40.41377,-3.70737
60,Fritz Foods,41,4.5,1.9,45‚Äì55,Pizza,‚Ç¨,"Paseo De La Virgen Del Puerto, 45,  Madrid",Arganzuela,40.40922,-3.72105
61,Kahuna,25,4.6,2.4,50‚Äì60,Burritos,‚Ç¨,"Plaza Emperador Carlos V 11 ,   Madrid",Arganzuela,40.4085,-3.69295
62,Taco Bell,200,4.2,1.4,20‚Äì30,Hamburguesas,‚Ç¨,"Av. Del Manzanares, 210,  Madrid",Arganzuela,40.39021,-3.70016
64,La Tagliatella,15,3.9,2.4,25‚Äì35,Pizza,‚Ç¨,"Paseo De Santa Mar√≠a De La Cabeza 14,   Madrid",Arganzuela,40.40615,-3.69478
65,Arepish,186,4.4,1.4,25‚Äì35,Venezolana,‚Ç¨,"Paseo De Las Acacias, 22,  Madrid",Arganzuela,40.40391,-3.70708
66,McDonald's,200,4.4,1.4,15‚Äì25,Hamburguesas,‚Ç¨,"Calle Monederos 12,   Madrid",Arganzuela,40.38776,-3.70159
67,Precio Calidad y sabor,17,4.4,2.0,40‚Äì60,Bar Food,‚Ç¨‚Ç¨,"Calle De Mira El Sol, 1,   Madrid",Arganzuela,40.40781,-3.70452
68,TAMCOC,28,3.1,1.4,45‚Äì55,Italiana,‚Ç¨‚Ç¨‚Ç¨,"Calle De La Alianza 33,   Madrid",Arganzuela,40.35775,-3.68689
69,Chinawokexpress,200,4.2,4.25,30‚Äì50,China,‚Ç¨‚Ç¨‚Ç¨,"Calle Azabache, 6,   Madrid",Arganzuela,40.39215,-3.72487
70,Super Dog,25,3.7,1.4,30‚Äì50,Hamburguesas,‚Ç¨,"Calle Del Gral. Ricardos, 92,   Madrid",Arganzuela,40.39347,-3.72325
71,Autoservicio,77,4.8,2.4,30‚Äì40,Tienda,‚Ç¨,"Avenida De Rafaela Ybarra 37,   Madrid",Arganzuela,40.36433,-3.71421
72,Perla del Pacifico,66,4.1,2.4,40‚Äì50,Mediterr√°nea,‚Ç¨,"Avenida De Oporto 14,   Madrid",Arganzuela,40.38512,-3.72238
73,TROPICALISSIMA,84,4.4,2.4,35‚Äì45,Americana,‚Ç¨,"Paseo De Santa Mar√≠a De La Cabeza, 86,   Madrid",Arganzuela,40.39875,-3.70153
74,Beiben,14,4.2,0.4,25‚Äì35,Tapas,‚Ç¨,"Calle Del Pico De La Maliciosa 6,   Madrid",Arganzuela,40.45069,-3.67173
75,Streat Lab,50,4.6,2.9,50‚Äì60,Pollo,‚Ç¨,"Calle Mayor, 38,  Madrid",Arganzuela,40.41611,-3.70831
76,Popeyes,200,4.3,2.4,55‚Äì65,Pollo,‚Ç¨,"Calle Felipe Fraile 5,   Madrid",Arganzuela,40.3971,-3.66602
77,On Rush,14,4.8,2.4,50‚Äì60,Burritos,‚Ç¨,"Avenida De La Albufera, 40,   Madrid",Arganzuela,40.39682,-3.66662
78,El Sabroso Albufera,30,3.9,2.9,30‚Äì40,Comida r√°pida,‚Ç¨,"Calle N√∫√±ez De Arce, 11,   Madrid",Arganzuela,40.41537,-3.70106
79,Pizzer√≠a Argentina El Tr√©bol,24,4.3,2.99,35‚Äì55,Pizza,‚Ç¨,"Calle Dos Hermanas, 22,   Madrid",Arganzuela,40.41041,-3.70607
80,La Alegr√≠a de la Huerta,28,3.1,1.9,30‚Äì40,Vegetariano,‚Ç¨,"Traves√≠a De La Parada 6,   Madrid",Arganzuela,40.42286,-3.70803
81,EL LAT√ìN GRIS,66,3.7,2.4,70‚Äì80,Pollo,‚Ç¨,"Calle Del Mes√≥n De Paredes 52,  Madrid",Arganzuela,40.40597,-3.70127
82,Mandela 100,28,3.1,1.4,40‚Äì50,India,‚Ç¨,"Calle De Mira El Sol 23b,   Madrid",Arganzuela,40.40763,-3.70495
84,Pollo Rico Al carb√≥n,68,4.5,1.9,40‚Äì50,Pollo,‚Ç¨,"Calle De Moncada 122,   Madrid",Arganzuela,40.34096,-3.69201
85,Pollos a la brasa el Corral,31,4.6,3.0,30‚Äì50,Pollo,‚Ç¨,"Calle De La Antracita 12,   Madrid",Arganzuela,40.39295,-3.68724
86,Empanadas Malv√≥n,31,5.0,1.4,25‚Äì35,Empanada,‚Ç¨,"Calle Del Dr Cortezo, 7,   Madrid",Arganzuela,40.41347,-3.70389
87,El Turkito,200,4.1,1.9,40‚Äì50,Asiatica,‚Ç¨,"Calle De La Cruz, 20,   Madrid",Arganzuela,40.41553,-3.70175
88,Galipan,23,4.2,1.9,55‚Äì65,Halal,‚Ç¨,"Calle Gran V√≠a, 16,   Madrid",Arganzuela,40.41966,-3.69894
89,Steak Burger,168,4.2,2.4,55‚Äì65,Americana,‚Ç¨,"Calle De Antonio L√≥pez 109,   Madrid",Arganzuela,40.38678,-3.69811
90,Pollo Criollo,28,3.1,1.4,45‚Äì55,Pollo,‚Ç¨,"Calle De N√∫√±ez De Arce 11,   Madrid",Arganzuela,40.41538,-3.70124
91,Empanadas BAIRES,28,3.1,2.99,35‚Äì55,Empanada,‚Ç¨,"Calle De Tudescos, 4,   Madrid",Arganzuela,40.3747,-3.65969
92,Super naan,30,3.1,2.4,65‚Äì75,India,‚Ç¨,"Calle De Lavapi√©s 34,   Madrid",Arganzuela,40.41107,-3.70275
93,Sonali Indian Restaurante,58,4.1,1.4,30‚Äì40,India,‚Ç¨‚Ç¨‚Ç¨,"Calle De Los Donados 2,   Madrid",Arganzuela,40.41799,-3.70834
94,Cor & Cor,30,3.1,2.4,55‚Äì65,Postres,‚Ç¨,"Calle Libertad, 9,  Madrid",Arganzuela,40.42072,-3.69767
95,Puccias Chueca,30,3.1,2.4,40‚Äì50,Americana,‚Ç¨,"Ronda De Valencia, 14,   Madrid",Arganzuela,40.40547,-3.70151
96,Aloha Poke,200,4.5,1.4,20‚Äì30,Poke,‚Ç¨,"Calle De Atocha 98,   Madrid",Arganzuela,40.41053,-3.6958
97,Capasso Pizza,30,3.1,1.4,35‚Äì45,Pizza,‚Ç¨,"Calle De Lavapi√©s, 34,   Madrid",Arganzuela,40.41107,-3.70275
98,Shapla Indian,31,4.3,1.4,35‚Äì45,Pizza,‚Ç¨,"Calle Arechavaleta 6,   Madrid",Arganzuela,40.40605,-3.70752
99,Pura Italia,109,3.2,1.9,35‚Äì55,Italiana,‚Ç¨,"Plaza Del Comandante Las Morenas 3,   Madrid",Arganzuela,40.41624,-3.70883
100,Pollo Criollo,30,3.1,1.9,60‚Äì70,Pollo,‚Ç¨,"Plaza De La Cebada, 10,   Madrid",Arganzuela,40.41156,-3.71008
101,Taberna La Buha,24,4.2,1.9,55‚Äì65,Tapas,‚Ç¨,"Calle Ariel,15,   Madrid",Arganzuela,40.41056,-3.71352
102,El Buen Gusto,17,4.5,1.9,45‚Äì55,Bar Food,‚Ç¨,"Calle De Palos De La Frontera 38,  Madrid",Arganzuela,40.40302,-3.69613
103,La Pizza √© Bella,12,4.5,1.4,25‚Äì35,Pizza,‚Ç¨,"Calle Mayor, 42,   Madrid",Arganzuela,40.41606,-3.70853
104,Las Muns,30,3.1,2.4,50‚Äì60,Panader√≠a,‚Ç¨,"Calle De Atocha, 117,   Madrid",Arganzuela,40.41013,-3.69412
105,Halal Steak House Grill,30,3.1,1.4,30‚Äì40,Carne,‚Ç¨,"Calle De Silva, 25,   Madrid",Arganzuela,40.42186,-3.70571
106,Home Burger Bar,200,4.3,2.4,60‚Äì70,Hamburguesas,‚Ç¨,"Plaza De Puerta Cerrada 6,   Madrid",Arganzuela,40.41375,-3.70816
107,LaRegustosa,26,4.2,1.9,60‚Äì70,Empanada,‚Ç¨,"Calle De Embajadores, 12,  Madrid",Arganzuela,40.40069,-3.69925
108,TUTTO PASTA!,26,2.8,2.5,40‚Äì60,Platos a base de harina,‚Ç¨,"Plaza Del Emperador Carlos V, 10,  Madrid",Retiro,40.40861,-3.69288
109,Scarlett Real Food,30,3.1,1.4,35‚Äì45,Postres,‚Ç¨,"Calle De C√°ceres 1,   Madrid",Retiro,40.39854,-3.69618
110,Comida china yonghe,50,4.3,0.9,25‚Äì35,China,‚Ç¨,"Calle C√°ceres, 34,  Madrid",Retiro,40.39879,-3.6959
111,Ristorante Pizzer√≠a Dante,61,4.1,2.4,40‚Äì60,Pizza,‚Ç¨,"Paseo Del Doctor Vallejo N√°gera, 25 ,   Madrid",Retiro,40.40163,-3.70811
112,Papa John's,200,4.3,0.9,20‚Äì30,Pizza,‚Ç¨,"Paseo Delicias, 65,   Madrid",Retiro,40.39908,-3.69435
113,Domino's,33,4.3,1.0,15‚Äì35,Pizza,‚Ç¨,"Calle Azulejo 2,   Madrid",Retiro,40.33274,-3.71905
114,Pizzer√≠a Argentina El Tr√©bol,30,3.1,1.9,40‚Äì50,Pizza,‚Ç¨,"Calle De C√°ceres 1,   Madrid",Retiro,40.39854,-3.69618
115,Comida china yonghe,50,4.3,1.9,40‚Äì50,China,‚Ç¨‚Ç¨‚Ç¨,"Calle De La Alianza 33,   Madrid",Retiro,40.35775,-3.68689
116,Chinawokexpress,200,4.2,4.25,30‚Äì50,China,‚Ç¨,"Calle Del Pico De La Maliciosa 6,   Madrid",Retiro,40.45069,-3.67173
117,Streat Lab,50,4.6,1.9,40‚Äì50,Pollo,‚Ç¨‚Ç¨‚Ç¨,"Calle Azabache, 6,   Madrid",Retiro,40.39215,-3.72487
118,Super Dog,25,3.7,4.25,30‚Äì50,Hamburguesas,‚Ç¨,"Calle Felipe Fraile 5,   Madrid",Retiro,40.3971,-3.66602
119,On Rush,14,4.8,1.4,40‚Äì50,Burritos,‚Ç¨,"Avenida De La Albufera, 40,  Madrid",Retiro,40.39682,-3.66662
120,El Sabroso Albufera,30,3.9,1.9,20‚Äì30,Comida r√°pida,‚Ç¨,"Paseo De Santa Mar√≠a De La Cabeza 14,  Madrid",Retiro,40.40615,-3.69478
121,Arepish,186,4.4,1.9,35‚Äì45,Venezolana,‚Ç¨,"Av. De La Albufera, 91,   Madrid",Retiro,40.3944,-3.66152
122,Pizz-a-porter,30,3.1,1.9,40‚Äì50,Pizza,‚Ç¨‚Ç¨,"Calle De Mira El Sol, 1,   Madrid",Retiro,40.40781,-3.70452
123,TAMCOC,30,3.1,2.4,55‚Äì65,Italiana,‚Ç¨,"Calle Alcala 191,  Madrid",Retiro,40.42654,-3.67232
124,Pastamore,98,4.6,1.9,30‚Äì40,Italiana,‚Ç¨,"Calle C√°ceres, 34,  Madrid",Retiro,40.39879,-3.6959
125,Ristorante Pizzer√≠a Dante,61,4.1,2.4,45‚Äì55,Pizza,‚Ç¨,"Calle Azulejo 2,   Madrid",Retiro,40.33274,-3.71905
126,Empanadas BAIRES,30,3.1,1.9,45‚Äì55,Empanada,‚Ç¨,"Calle De Ayala 28,   Madrid",Retiro,40.42774,-3.68571
127,SANABRIA,30,3.1,2.4,50‚Äì60,Tapas y raciones,‚Ç¨,"Calle Dos Hermanas, 22, 28012 , Espa√±a,    Madrid",Retiro,40.41041,-3.70607
128,La Alegr√≠a de la Huerta,30,3.1,2.9,40‚Äì50,Vegetariano,‚Ç¨,"Calle De Moncada 122,   Madrid",Retiro,40.34096,-3.69201
129,Pollos a la brasa el Corral,31,4.6,3.0,30‚Äì50,Pollo,‚Ç¨,"Calle De Narv√°ez, 60,  Madrid",Retiro,40.41965,-3.67588
130,Empanadas Malv√≥n,35,4.8,1.4,25‚Äì35,Empanada,‚Ç¨,"Calle Gran V√≠a, 16,  Madrid",Retiro,40.41966,-3.69894
131,Steak Burger,168,4.2,2.4,55‚Äì65,Americana,‚Ç¨,"Calle Del Pico De La Maliciosa 6,   Madrid",Retiro,40.45069,-3.67173
132,Bur Burger,50,4.4,2.4,40‚Äì50,Hamburguesas,‚Ç¨,"Calle De N√∫√±ez De Arce 11,   Madrid",Retiro,40.41538,-3.70124
133,Empanadas BAIRES,30,3.1,2.99,35‚Äì55,Empanada,‚Ç¨,"Calle De La Cruz, 20,   Madrid",Retiro,40.41553,-3.70175
134,Galipan,23,4.2,2.4,60‚Äì70,Halal,‚Ç¨,"Calle Del Dr Cortezo, 7,   Madrid",Retiro,40.41347,-3.70389
135,El Turkito,200,4.1,2.4,50‚Äì60,Asiatica,‚Ç¨,"Paseo De Santa Mar√≠a De La Cabeza, 86,  Madrid",Retiro,40.39875,-3.70153
136,Beiben,14,4.2,2.4,35‚Äì45,Tapas,‚Ç¨,"Calle Del Mes√≥n De Paredes 52,   Madrid",Retiro,40.40597,-3.70127
137,Mandela 100,30,3.1,2.4,50‚Äì60,India,‚Ç¨,"Calle De Lavapi√©s 34,  Madrid",Retiro,40.41107,-3.70275
138,Sonali Indian Restaurante,58,4.1,2.4,40‚Äì50,India,‚Ç¨,"Av. De La Albufera, 20,   Madrid",Retiro,40.39744,-3.6679
139,Popeyes,187,4.1,1.99,20‚Äì40,Pollo,‚Ç¨,"Calle De Mira El Sol 23b,  Madrid",Retiro,40.40763,-3.70495
140,La Cochinita Loca,19,4.3,2.4,45‚Äì55,Colombiana,‚Ç¨,"Calle De Las Naciones 5,   Madrid",Retiro,40.42685,-3.6736
141,PaellaGood,30,3.1,1.9,45‚Äì55,Mediterr√°nea,‚Ç¨,"Paseo Del Marqu√©s De Zafra 38,  Madrid",Retiro,40.42547,-3.66303
142,DIVE`S FOOD,30,3.1,1.9,40‚Äì50,Hamburguesas,‚Ç¨‚Ç¨,"Calle Lopez de Hoyos 15,  Madrid",Retiro,40.44861,-3.66712
143,100 % Sano,30,3.1,1.9,35‚Äì45,Saludable,‚Ç¨,"Calle Libertad, 9,  Madrid",Retiro,40.42072,-3.69767
144,Puccias Chueca,30,3.1,2.4,40‚Äì50,Americana,‚Ç¨,"Calle Del Gral. Pardi√±as, 32,  Madrid",Retiro,40.42651,-3.67813
145,Rude Burger,36,4.8,1.9,35‚Äì45,Hamburguesas,‚Ç¨‚Ç¨,"Calle Conde De Penalver 35,   Madrid",Retiro,40.42846,-3.67524
146,Cor & Cor,35,4.3,1.9,45‚Äì55,Postres,‚Ç¨,"Av. De La Albufera, 1,  Madrid",Retiro,40.39833,-3.66869
147,McDonald's,200,4.4,1.4,20‚Äì30,Hamburguesas,‚Ç¨,"Calle Del Marqu√©s De Mond√©jar, 4,   Madrid",Retiro,40.42681,-3.66684
148,Thai Zafra,38,4.6,1.9,30‚Äì40,Pasta,‚Ç¨,"Calle Ariel,15,   Madrid",Retiro,40.41056,-3.71352
149,El Buen Gusto,17,4.5,1.9,45‚Äì55,Bar Food,‚Ç¨,"Avenida De La Albufera 119,   Madrid",Retiro,40.39331,-3.65945
150,Kebab Rayo,117,3.8,2.4,35‚Äì45,Kebab,‚Ç¨,"Calle De Atocha 98,   Madrid",Retiro,40.41053,-3.6958
151,Capasso Pizza,30,3.1,1.9,35‚Äì45,Pizza,‚Ç¨,"Calle De Lavapi√©s, 34,  Madrid",Retiro,40.41107,-3.70275
152,Shapla Indian,31,4.3,2.4,40‚Äì50,Comida reconfortante,‚Ç¨,"Calle De Silva, 25,  Madrid",Retiro,40.42186,-3.70571
153,Home Burger Bar,200,4.3,2.9,60‚Äì70,Hamburguesas,‚Ç¨,"Calle Del Dr. Esquerdo, 10,  Madrid",Retiro,40.42661,-3.66826
154,Empanadas Pampas,30,3.1,1.9,35‚Äì45,Empanada,‚Ç¨,"Calle Gran V√≠a, 22,  Madrid",Retiro,40.42011,-3.7007
155,TGB,89,3.9,2.4,60‚Äì70,Hamburguesas,‚Ç¨,"Calle Hortaleza,6,  Madrid",Retiro,40.42047,-3.70087
156,Bosforos Turkish Restaurant,34,4.3,2.9,50‚Äì60,India,‚Ç¨,"Calle De Atocha, 117,  Madrid",Retiro,40.41013,-3.69412
157,Halal Steak House Grill,30,2.9,1.9,35‚Äì45,Carne,‚Ç¨,"Calle De Barcel√≥ 6,  Madrid",Retiro,40.42659,-3.70073
158,Mad Pollo,45,4.0,1.9,15‚Äì35,Pollo,‚Ç¨,"Av. Del Mediterr√°neo, 30,  Madrid",Retiro,40.40675,-3.67267
159,Mahalo Poke,30,2.9,2.5,30‚Äì50,Poke,‚Ç¨‚Ç¨,"Calle Del Puerto De Balbar√°n 31,   Madrid",Retiro,40.37649,-3.65629
160,Kebab Entrevias,43,4.5,2.9,35‚Äì45,Kebab,‚Ç¨,"Calle De Santa Isabel, 5,  Madrid",Retiro,40.41136,-3.6987
161,Mo√±etes,30,2.9,1.9,35‚Äì45,Pizza,‚Ç¨,"Calle De Embajadores, 15,  Madrid",Retiro,40.40069,-3.69925
162,TUTTO PASTA!,26,2.8,2.5,40‚Äì60,Postres,‚Ç¨,"Avda. Felipe II, 17,  Madrid",Salamanca,40.42413,-3.67285
163,La Tagliatella,38,4.5,1.9,25‚Äì35,Pizza,‚Ç¨,"Plaza Del Emperador Carlos V, 10,  Madrid",Salamanca,40.40861,-3.69288
164,Scarlett Real Food,30,2.9,1.9,35‚Äì45,Postres,‚Ç¨,"Calle Del Conde De Pe√±alver, 13,  Madrid",Salamanca,40.42635,-3.67538
165,La Cuchara,30,2.9,2.4,40‚Äì50,Gourmet,‚Ç¨,"Alcalde Luis De Marichala 3,   Madrid",Salamanca,40.4361,-3.6722
166,Papa John's,127,4.1,1.4,35‚Äì45,Pizza,‚Ç¨,"Calle De √Ångel Gonz√°lez Tejedor 5,   Madrid",Salamanca,40.43173,-3.65658
167,Taco Bell,200,4.2,1.9,25‚Äì35,Hamburguesas,‚Ç¨,"Plaza Del Emperador Carlos V, 10,  Madrid",Salamanca,40.40861,-3.69288
168,Scarlett Real Food,29,2.9,2.4,45‚Äì55,Postres,‚Ç¨,"Calle Azulejo 2,   Madrid",Salamanca,40.33274,-3.71905
169,Pizzer√≠a Argentina El Tr√©bol,29,2.9,1.4,30‚Äì40,Pizza,‚Ç¨,"Calle De Jos√© Ortega Y Gasset 94,  Madrid",Salamanca,40.42986,-3.67176
170,Empanadas Malv√≥n,48,4.9,0.9,15‚Äì25,Empanada,‚Ç¨,"Calle De Luchana 17,   Madrid",Salamanca,40.43,-3.70099
171,Pizzart Luchana,29,2.9,2.4,55‚Äì65,Pizza,‚Ç¨,"Calle Alcala 191,   Madrid",Salamanca,40.42654,-3.67232
172,Pastamore,98,4.6,0.9,15‚Äì25,Italiana,‚Ç¨,"Calle De San Andr√©s, 26,  Madrid",Salamanca,40.42735,-3.70352
173,Roost Chicken,29,2.9,2.4,50‚Äì60,Pollo,‚Ç¨,"Plaza Emperador Carlos V, 11 ,  Madrid",Salamanca,40.4085,-3.69295
174,Taco Bell,200,4.2,2.4,35‚Äì45,Hamburguesas,‚Ç¨‚Ç¨,"Calle De La Alianza 33,  Madrid",Salamanca,40.35775,-3.68689
175,Chinawokexpress,200,4.2,4.25,30‚Äì50,China,‚Ç¨,"Plaza Bami, 26,  Madrid",Salamanca,40.45866,-3.64638
176,El Burrito Borracho,29,2.9,1.9,35‚Äì45,Burritos,‚Ç¨‚Ç¨,"Calle De Azcona 36,   Madrid",Salamanca,40.38927,-3.7415
177,Arepish,186,4.6,0.9,25‚Äì35,Venezolana,‚Ç¨‚Ç¨‚Ç¨,"Calle De Alcal√°, 344,    Madrid",Salamanca,40.44291,-3.61886
178,Little Caesars Pizza,200,4.5,2.4,30‚Äì40,Pizza,‚Ç¨‚Ç¨‚Ç¨,"Calle Azulejo 2,   Madrid",Salamanca,40.33274,-3.71905
179,Empanadas BAIRES,29,2.9,1.4,35‚Äì45,Empanada,‚Ç¨,"Calle De Ayala 28,   Madrid",Salamanca,40.42774,-3.68571
180,SANABRIA,29,2.9,1.4,50‚Äì60,Tapas y raciones,‚Ç¨,"Calle Del Gral. Pardi√±as, 32,  Madrid",Salamanca,40.42651,-3.67813
181,Rude Burger,36,4.8,0.9,25‚Äì35,Hamburguesas,‚Ç¨‚Ç¨,"Calle Lopez de Hoyos 15,  Madrid",Salamanca,40.44861,-3.66712
182,100 % Sano,29,2.9,0.9,20‚Äì30,Saludable,‚Ç¨‚Ç¨‚Ç¨,"Calle Conde De Penalver 35,   Madrid",Salamanca,40.42846,-3.67524
183,Cor & Cor,35,4.3,0.4,35‚Äì45,Postres,‚Ç¨,"L√≥pez De Hoyos , 153,   Madrid",Salamanca,40.44872,-3.66864
184,Popeyes,200,4.4,2.4,35‚Äì45,Pollo,‚Ç¨,"Calle Del Pr√≠ncipe De Vergara, 210,    Madrid",Salamanca,40.42562,-3.67992
185,Home Burger Bar,198,4.1,2.4,30‚Äì40,Hamburguesas,‚Ç¨,"Calle Maldonado 07,  Madrid",Salamanca,40.43367,-3.68057
186,Artisan Burger,29,2.9,0.9,40‚Äì50,Hamburguesas,‚Ç¨,"Calle Del Marqu√©s De Mond√©jar, 4,  Madrid",Salamanca,40.42681,-3.66684
187,Thai Zafra,38,4.6,0.9,15‚Äì25,Everyday Essentials,‚Ç¨,"Calle De Maldonado, 51,  Madrid",Salamanca,40.43378,-3.6789
188,Tiendas 7x24,140,4.8,0.9,20‚Äì30,Saludable,‚Ç¨,"Calle De Vel√°zquez, 118,  Madrid",Salamanca,40.43525,-3.68349
189,Makan Saj Manoushe,200,4.9,1.4,30‚Äì40,India,‚Ç¨,"Paseo Del Marqu√©s De Zafra 38,   Madrid",Salamanca,40.42547,-3.66303
190,DIVE`S FOOD,29,2.9,1.4,35‚Äì45,Hamburguesas,‚Ç¨,"Calle De Mar√≠a De Molina, 44,  Madrid",Salamanca,40.43794,-3.68459
191,Flame,29,2.9,1.4,40‚Äì50,Hamburguesas,‚Ç¨,"Calle De Luchana 13,   Madrid",Salamanca,40.43,-3.70099
192,Freedom Pizza,53,4.5,2.4,45‚Äì55,Pizza,‚Ç¨,"Calle Del Esp√≠ritu Santo 16,   Madrid",Salamanca,40.42557,-3.70629
193,MY Pasta Room,59,4.6,2.4,50‚Äì60,Italiana,‚Ç¨,"Calle Gran V√≠a, 16,    Madrid",Salamanca,40.41966,-3.69894
194,Steak Burger,168,4.2,2.4,55‚Äì65,Americana,‚Ç¨,"Calle De Goya, 70,  Madrid",Salamanca,40.42469,-3.67663
195,McDonald's,200,4.6,0.9,15‚Äì25,Hamburguesas,‚Ç¨,"Calle De Las Naciones 5,   Madrid",Salamanca,40.42685,-3.6736
196,PaellaGood,29,2.9,0.4,30‚Äì40,Mediterr√°nea,‚Ç¨,"Calle De N√∫√±ez De Arce 11,   Madrid",Salamanca,40.41538,-3.70124
197,Empanadas BAIRES,29,2.9,2.99,35‚Äì55,Empanada,‚Ç¨,"Calle De Carranza 3,   Madrid",Salamanca,40.42895,-3.70276
198,Tiendas 7x24,70,4.6,2.4,45‚Äì55,Comida r√°pida,‚Ç¨,"Calle Del Dr. Esquerdo, 10,  Madrid",Salamanca,40.42661,-3.66826
199,Empanadas Pampas,29,2.9,0.9,25‚Äì35,Empanada,‚Ç¨,"Calle Esteban Collantes, 31,   Madrid",Salamanca,40.43166,-3.64089
200,Croqueteria Focos,29,2.9,2.9,35‚Äì45,Croquetas,‚Ç¨,"Calle De La Cruz, 20,    Madrid",Salamanca,40.41553,-3.70175
201,Galipan,23,4.2,2.9,60‚Äì70,Halal,‚Ç¨,"Calle De Tudescos, 4,  Madrid",Salamanca,40.3747,-3.65969
202,Super naan,29,2.9,2.4,60‚Äì70,India,‚Ç¨,"Calle Mateo Garc√≠a, 13,  Madrid",Salamanca,40.4316,-3.65271
203,Pollos Gourmet,29,2.9,1.9,30‚Äì40,Pollo,‚Ç¨,"Calle De Gonzalo De Berceo 63,   Madrid",Salamanca,40.42865,-3.6399
204,Asador Perla del Pacifico Ascao,39,4.6,2.9,40‚Äì50,Carne,‚Ç¨,"Calle Libertad, 9,  Madrid",Salamanca,40.42072,-3.69767
205,Puccias Chueca,29,2.9,2.4,40‚Äì50,Americana,‚Ç¨,"Calle Del Cardenal Cisneros 1,  Madrid",Salamanca,40.42965,-3.70165
206,Graal,29,2.9,2.4,60‚Äì70,Ramen,‚Ç¨,"Calle De M√©jico 20,   Madrid",Salamanca,40.43736,-3.67305
207,Restaurante Chino Diamante,100,4.0,1.4,25‚Äì35,China,‚Ç¨,"Calle De Jos√© Abascal 31,  Madrid",Salamanca,40.43856,-3.69891
208,Junk Burger,31,4.3,1.9,45‚Äì55,Hamburguesas,‚Ç¨,"Calle De Hermosilla, 91,  Madrid",Salamanca,40.42607,-3.67616
209,Esmirna Doner Kebap,48,4.7,0.9,25‚Äì35,Kebab,‚Ç¨,"Av. De Felipe II, 8,  Madrid",Salamanca,40.42385,-3.6765
210,Aloha Poke,200,4.7,0.9,20‚Äì30,Poke,‚Ç¨,"Calle Zabaleta 1,   Madrid",Salamanca,40.44065,-3.67537
211,CHUCK CHUCK CHICKEN,29,2.9,1.4,35‚Äì45,Pollo,‚Ç¨,"Calle Gran V√≠a, 22,  Madrid",Salamanca,40.42011,-3.7007
212,TGB,89,3.9,2.4,65‚Äì75,Hamburguesas,‚Ç¨,"Calle G√©nova 27,  Madrid",Salamanca,40.46663,-3.65361
213,VIPS,16,4.8,1.9,50‚Äì60,Americana,‚Ç¨,"Calle De Atocha 98,  Madrid",Salamanca,40.41053,-3.6958
214,Capasso Pizza,29,2.9,2.4,45‚Äì55,Pizza,‚Ç¨,"Calle De La Virgen De La Fuencisla, 19,   Madrid",Salamanca,40.39654,-3.66673
215,HyH Kebab Fried Chicken,23,3.6,1.0,40‚Äì60,Pollo,‚Ç¨,"Calle De Jos√© Calvo 6,  Madrid",Salamanca,40.45883,-3.70845
216,Badsha India Restaurant,200,4.4,1.0,15‚Äì35,India,‚Ç¨,"Calle De Embajadores, 17 ,  Madrid",Chamart√≠n,40.40069,-3.69925
217,TUTTO PASTA!,26,2.8,2.5,40‚Äì60,Postres,‚Ç¨,"Avda. Felipe Ii, 17,  Madrid",Chamart√≠n,40.42413,-3.67285
219,Papa John's,200,4.5,1.4,30‚Äì40,Pizza,‚Ç¨,"Calle Del Conde De Pe√±alver, 17,  Madrid",Chamart√≠n,40.42665,-3.67583
221,Papa John's,200,4.3,0.9,25‚Äì35,Pizza,‚Ç¨,"Calle Del Conde De Serrallo, 1,  Madrid",Chamart√≠n,40.46554,-3.69196
222,Taberna Andaluza,25,4.4,1.4,40‚Äì50,Tapas,‚Ç¨,"Paseo De La Castellana 191,   Madrid",Chamart√≠n,40.46807,-3.68995
223,Taco Bell,200,4.1,1.4,25‚Äì35,Hamburguesas,‚Ç¨,"Calle Araucaria 19,   Madrid",Chamart√≠n,40.46046,-3.70001
224,Roost Chicken,123,4.6,1.9,35‚Äì45,Pollo,‚Ç¨,"Av. De Brasil, 6,  Madrid",Chamart√≠n,40.45833,-3.69354
225,La Mordida,25,4.4,1.4,45‚Äì55,Mediterr√°nea,‚Ç¨,"Calle Del Pr√≠ncipe De Vergara, 210,    Madrid",Chamart√≠n,40.42562,-3.67992
226,Home Burger Bar,198,4.1,0.9,25‚Äì35,Hamburguesas,‚Ç¨‚Ç¨‚Ç¨,"Calle De Huesca, 19, Bajo,    Madrid",Chamart√≠n,40.45804,-3.69889
227,La caba√±a de cris,29,2.9,1.9,50‚Äì60,Pollo,‚Ç¨‚Ç¨,"Calle De Bravo Murillo 199,   Madrid",Chamart√≠n,40.45622,-3.70204
228,Pollos al Carb√≥n,21,3.6,5.0,15‚Äì35,Pollo,‚Ç¨,"Calle De Manuel De Falla 5,   Madrid",Chamart√≠n,40.45502,-3.68811
229,Limbo Player Two,29,2.9,0.9,45‚Äì55,Carne,‚Ç¨‚Ç¨,"Av. De Brasil, 17,  Madrid",Chamart√≠n,40.45837,-3.69289
230,Ala Sushi,29,2.9,1.4,30‚Äì40,Sushi,‚Ç¨‚Ç¨,"Calle De Bravo Murillo, 113,  Madrid",Chamart√≠n,40.44805,-3.70399
231,Little Caesars Pizza,200,4.6,3.0,5‚Äì25 ,Pizza,‚Ç¨,"Calle De La Infanta Mercedes, 17,  Madrid",Chamart√≠n,40.45303,-3.69951
232,Toro Burger Lounge,23,4.1,1.9,55‚Äì65,Alcohol,‚Ç¨,"Castellana, 123,  Madrid",Chamart√≠n,40.45826,-3.69067
233,Popeyes,200,4.0,1.4,30‚Äì40,Pollo,‚Ç¨,"Calle Castilla,4   Madrid",Chamart√≠n,40.45286,-3.70425
234,MANKA,52,4.9,2.4,55‚Äì65,Pizza,‚Ç¨,"Paseo De La Castellana 130,  Madrid",Chamart√≠n,40.4502,-3.69019
235,Yakitoro,26,4.5,1.4,55‚Äì65,Pollo,‚Ç¨,"Calle De Francos Rodr√≠guez, 42,  Madrid",Chamart√≠n,40.45552,-3.70451
236,EL ASADOR,40,2.9,2.4,60‚Äì70,Carne,‚Ç¨,"Calle Del Pr√≠ncipe De Vergara 256,   Madrid",Chamart√≠n,40.42562,-3.67992
237,Empanadas Malv√≥n,12,5.0,0.9,20‚Äì30,Empanada,‚Ç¨,"Paseo De La Castellana, 210,  Madrid",Chamart√≠n,40.4632,-3.68894
238,Taberna del Volapi√©,40,2.9,1.4,40‚Äì50,Tapas,‚Ç¨‚Ç¨‚Ç¨,"Calle De Azcona 36,   Madrid",Chamart√≠n,40.38927,-3.7415
239,Arepish,186,4.6,2.9,35‚Äì45,Venezolana,‚Ç¨‚Ç¨‚Ç¨,"Calle De Bravo Murillo 122,  Madrid",Chamart√≠n,40.4491,-3.70348
240,Arepish,53,4.6,2.4,55‚Äì65,Venezolana,‚Ç¨,"Calle De San Germ√°n, 64,  Madrid",Chamart√≠n,40.45729,-3.70018
241,Fast chicken chain,40,2.9,1.9,45‚Äì55,Pollo,‚Ç¨,"Av. De P√≠o Xii, 4,  Madrid",Chamart√≠n,40.47213,-3.67428
242,McDonald's,150,4.5,0.9,20‚Äì30,Hamburguesas,‚Ç¨,"Calle De Raimundo Fern√°ndez Villaverde, 33,  Madrid",Chamart√≠n,40.44705,-3.70016
243,Pizza Central,22,3.1,2.4,50‚Äì60,Pizza,‚Ç¨,"Calle De Vel√°zquez, 118,  Madrid",Chamart√≠n,40.43525,-3.68349
244,Makan Saj Manoushe,200,4.9,2.4,30‚Äì40,India,‚Ç¨,"Calle De Mar√≠a De Molina, 44,  Madrid",Chamart√≠n,40.43794,-3.68459
245,Flame,40,2.9,2.4,45‚Äì55,Hamburguesas,‚Ç¨,"Intercambiador De Plaza De Castilla,  Madrid",Chamart√≠n,40.46847,-3.68845
246,Busburguer,98,4.5,1.4,30‚Äì40,Hamburguesas,‚Ç¨,"Calle De L√©rida 58,   Madrid",Chamart√≠n,40.45625,-3.70013
247,Polloco Gourmet,40,2.9,3.0,30‚Äì50,Pollo,‚Ç¨,"Calle De Maldonado, 51,  Madrid",Chamart√≠n,40.43378,-3.6789
248,Tiendas 7x24,140,4.8,2.9,30‚Äì40,Opciones para alergias,‚Ç¨,"Calle Maldonado 07,  Madrid",Chamart√≠n,40.43367,-3.68057
249,Artisan Burger,40,2.9,2.4,45‚Äì55,Hamburguesas,‚Ç¨,"Bravo Murillo, 120,   Madrid",Chamart√≠n,40.44861,-3.7035
250,Pomodoro,87,3.8,2.4,55‚Äì65,Italiana,‚Ç¨,"Calle De Jos√© Abascal 31,  Madrid",Chamart√≠n,40.43856,-3.69891
251,Junk Burger,31,4.3,2.4,50‚Äì60,Hamburguesas,‚Ç¨,"Calle De Mar√≠a De Molina, 16,  Madrid",Chamart√≠n,40.43794,-3.68459
252,Aloha Poke,163,4.5,2.4,40‚Äì50,Poke,‚Ç¨,"Calle De Barcel√≥ 6, 318,   Madrid",Chamart√≠n,40.42659,-3.70073
253,Mad Pollo,45,4.0,2.4,15‚Äì35,Pollo,‚Ç¨,"Calle Zabaleta 1,   Madrid",Chamart√≠n,40.44065,-3.67537
254,CHUCK CHUCK CHICKEN,40,2.9,1.9,40‚Äì50,Pollo,‚Ç¨,"Calle De Arturo Soria, 189,  Madrid",Chamart√≠n,40.45843,-3.65932
255,Pasteleria Saul,27,4.2,1.9,25‚Äì35,Everyday Essentials,‚Ç¨,"Calle Bravo Murillo, 229,  Madrid",Chamart√≠n,40.46448,-3.69484
256,Galp,19,4.3,1.9,45‚Äì55,Tienda,‚Ç¨,"Calle Del Cactus, 42 ,   Madrid",Chamart√≠n,40.46117,-3.7001
257,Chili Houseüå∂,40,2.9,1.9,45‚Äì55,Mexicana,‚Ç¨,"Calle De M√©jico, 20,   Madrid",Chamart√≠n,40.43736,-3.67305
258,Restaurante Chino Diamante,100,4.0,2.4,30‚Äì40,China,‚Ç¨,"Plaza Sagrado Coraz√≥n De Jes√∫s, 2,  Madrid",Chamart√≠n,40.41349,-3.69582
259,Foster's Hollywood,65,4.2,1.4,30‚Äì40,Americana,‚Ç¨,"Calle Del Pr√≠ncipe De Vergara 258,   Madrid",Chamart√≠n,40.42562,-3.67992
260,Empanadas BAIRES,40,2.9,0.9,25‚Äì35,Empanada,‚Ç¨,"Calle Zabaleta 1,   Madrid",Chamart√≠n,40.44065,-3.67537
261,Golat Helados,40,2.9,1.9,35‚Äì45,Postres,‚Ç¨,"Calle De San Andr√©s, 31,  Madrid",Chamart√≠n,40.42842,-3.70346
262,Pic & Nic,200,4.4,3.4,60‚Äì70,Mediterr√°nea,‚Ç¨‚Ç¨‚Ç¨,"Calle Zabaleta 1,   Madrid",Chamart√≠n,40.44065,-3.67537
263,Frambons,40,2.9,1.9,35‚Äì45,Empanada,‚Ç¨,"Calle De Raimundo Fern√°ndez Villaverde 33,   Madrid",Chamart√≠n,40.44705,-3.70016
264,Empanadas BAIRES,13,4.0,2.4,55‚Äì65,Empanada,‚Ç¨,"Calle De Cartagena, 131,  Madrid",Chamart√≠n,40.44257,-3.67585
265,Doner kebap efes,23,4.7,1.9,25‚Äì35,Kebab,‚Ç¨‚Ç¨‚Ç¨,"Calle De L√≥pez De Hoyos 11,   Madrid",Chamart√≠n,40.44849,-3.66731
266,Crepes & Waffles,19,4.5,2.4,45‚Äì55,Postres,‚Ç¨‚Ç¨‚Ç¨,"Calle De L√≥pez De Hoyos, 139,  Madrid",Chamart√≠n,40.44849,-3.66731
267,Doner kebap efes,30,4.6,1.9,30‚Äì40,Kebab,‚Ç¨,"Calle Bravo Murillo 218,   Madrid",Chamart√≠n,40.46448,-3.69484
268,Sult√°n kebab,19,3.0,1.9,30‚Äì40,√Årabe,‚Ç¨‚Ç¨,"Calle De Bravo Murillo, 215,  Madrid",Chamart√≠n,40.45761,-3.70118
269,Great Kebab,40,2.9,1.9,40‚Äì50,Kebab,‚Ç¨,"Calle De Jos√© Calvo 6,   Madrid",Chamart√≠n,40.45883,-3.70845
270,Badsha India Restaurant,200,4.4,1.0,15‚Äì35,India,‚Ç¨,"Calle De Embajadores,  Madrid",Tetu√°n,40.40069,-3.69925
271,TUTTO PASTA!,26,2.8,2.6,40‚Äì60,Espa√±ola,‚Ç¨,"Calle De Jos√© Calvo 10,  Madrid",Tetu√°n,40.45883,-3.70845
275,La Tagliatella,61,3.8,1.4,25‚Äì35,Pizza,‚Ç¨,"Paseo De La Castellana 191,  Madrid",Tetu√°n,40.46807,-3.68995
276,Taco Bell,200,4.1,1.4,20‚Äì30,Hamburguesas,‚Ç¨,"Calle De Bravo Murillo 250,   Madrid",Tetu√°n,40.45982,-3.69898
277,Empanadas Malv√≥n,25,4.7,0.4,25‚Äì35,Empanada,‚Ç¨,"Av. De Brasil, 6,  Madrid",Tetu√°n,40.45833,-3.69354
278,La Mordida,25,4.4,0.9,45‚Äì55,Mediterr√°nea,‚Ç¨,"Calle De Bravo Murillo, 206,  Madrid",Tetu√°n,40.45522,-3.70284
279,Express 88,60,4.6,0.9,30‚Äì40,De Latinoam√©rica,‚Ç¨‚Ç¨‚Ç¨,"Calle De Huesca, 19, Bajo,  Madrid",Tetu√°n,40.45804,-3.69889
280,La caba√±a de cris,40,3.5,0.9,35‚Äì45,Pollo,‚Ç¨‚Ç¨‚Ç¨,"Calle De Bravo Murillo 199,   Madrid",Tetu√°n,40.45622,-3.70204
281,Pollos al Carb√≥n,21,3.6,5.0,15‚Äì35,Pollo,‚Ç¨,"Calle De La Infanta Mercedes 17,  Madrid",Tetu√°n,40.45303,-3.69951
282,Toro Burger Lounge,23,4.1,0.9,50‚Äì60,Empanada,‚Ç¨,"Calle De Raimundo Fern√°ndez Villaverde, 33,  Madrid",Tetu√°n,40.44705,-3.70016
283,Pizzer√≠a El Tr√©bol 24h,18,4.4,1.4,35‚Äì45,Pizza,‚Ç¨‚Ç¨,"Av. De Brasil, 17,  Madrid",Tetu√°n,40.45837,-3.69289
284,Ala Sushi,40,3.5,0.9,30‚Äì40,Sushi,‚Ç¨,"Calle Castilla,4 ,  Madrid",Tetu√°n,40.45286,-3.70425
285,MANKA,52,4.9,0.9,40‚Äì50,Pizza,‚Ç¨‚Ç¨‚Ç¨,"Calle De Bravo Murillo, 113,  Madrid",Tetu√°n,40.44805,-3.70399
286,Little Caesars Pizza,200,4.6,3.0,15‚Äì25 ,Pizza,‚Ç¨,"Calle De Francos Rodr√≠guez, 42,  Madrid",Tetu√°n,40.45552,-3.70451
287,EL ASADOR,40,3.5,0.9,55‚Äì65,Carne,‚Ç¨,"Calle De Manuel De Falla 5,   Madrid",Tetu√°n,40.45502,-3.68811
288,Limbo Player Two,40,3.5,1.4,45‚Äì55,Carne,‚Ç¨,"Castellana, 123,  Madrid",Tetu√°n,40.45826,-3.69067
289,Popeyes,200,4.0,0.9,25‚Äì35,Pollo,‚Ç¨,"Calle De San Germ√°n, 64,  Madrid",Tetu√°n,40.45729,-3.70018
290,Fast chicken chain,40,3.5,0.9,35‚Äì45,Pollo,‚Ç¨,"Paseo De La Castellana 130,  Madrid",Tetu√°n,40.4502,-3.69019
291,Yakitoro,26,4.5,1.4,55‚Äì65,Comida reconfortante,‚Ç¨,"Calle Del Pr√≠ncipe De Vergara, 210,  Madrid",Tetu√°n,40.42562,-3.67992
292,Home Burger Bar,198,4.1,1.9,35‚Äì45,Hamburguesas,‚Ç¨‚Ç¨,"Calle De Bravo Murillo 122,  Madrid",Tetu√°n,40.4491,-3.70348
293,Arepish,53,4.6,1.4,40‚Äì50,Venezolana,‚Ç¨,"C.C. La Vaguada, Av. De Monforte De Lemos, 32,  Madrid",Tetu√°n,40.47888,-3.70657
294,TGB,66,4.1,2.4,50‚Äì60,Hamburguesas,‚Ç¨,"Calle De Galer√≠a De Vallehermoso 4,  Madrid",Tetu√°n,40.43946,-3.70777
295,Real Fried Chicken,15,4.3,2.4,50‚Äì60,Alitas de pollo,‚Ç¨,"Avenida De Monforte De Lemos 36,  Madrid",Tetu√°n,40.47932,-3.7065
296,Pollo Criollo,40,3.5,2.4,55‚Äì65,Pollo,‚Ç¨,"Calle De L√©rida 58,   Madrid",Tetu√°n,40.45625,-3.70013
297,Polloco Gourmet,40,3.5,3.0,30‚Äì50,Pollo,‚Ç¨,"Paseo De La Castellana, 210,  Madrid",Tetu√°n,40.4632,-3.68894
298,Taberna del Volapi√©,40,3.5,1.4,40‚Äì50,Tapas,‚Ç¨,"Calle De Cea Berm√∫dez 49,  Madrid",Tetu√°n,40.43905,-3.70972
299,Cerveceria Ria√±o,40,3.5,2.9,40‚Äì50,Cerveza,‚Ç¨,"Calle Bravo Murillo, 229,  Madrid",Tetu√°n,40.46448,-3.69484
300,Galp,19,4.3,0.9,35‚Äì45,Tienda,‚Ç¨,"Calle De Bravo Murillo, 274,  Madrid",Tetu√°n,40.46087,-3.69813
301,McDonald's,200,4.2,0.4,20‚Äì30,Hamburguesas,‚Ç¨,"Intercambiador De Plaza De Castilla,   Madrid",Tetu√°n,40.46847,-3.68845
302,Busburguer,98,4.5,1.4,25‚Äì35,Hamburguesas,‚Ç¨,"Calle De Jos√© Abascal 31,  Madrid",Tetu√°n,40.43856,-3.69891
303,Junk Burger,31,4.3,1.9,45‚Äì55,Hamburguesas,‚Ç¨,"Calle Del Cactus 42,   Madrid",Tetu√°n,40.46117,-3.7001
304,Chili Houseüå∂,40,3.5,0.9,35‚Äì45,Mexicana,‚Ç¨,"Bravo Murillo, 120,   Madrid",Tetu√°n,40.44861,-3.7035
305,Pomodoro,87,3.8,1.4,40‚Äì50,Italiana,‚Ç¨,"Calle De Galileo, 75,  Madrid",Tetu√°n,40.43769,-3.71015
306,Tosty,40,3.5,2.4,50‚Äì60,Family Meals,‚Ç¨,"Calle De Barcel√≥ 6,   Madrid",Tetu√°n,40.42659,-3.70073
307,Mad Pollo,45,4.0,1.4,15‚Äì35,Pollo,‚Ç¨,"Calle De Mar√≠a De Molina, 16,  Madrid",Tetu√°n,40.43794,-3.68459
308,Aloha Poke,163,4.5,2.4,40‚Äì50,Poke,‚Ç¨,"Calle De San Andr√©s, 31,  Madrid",Tetu√°n,40.42842,-3.70346
309,Pic & Nic,200,4.4,2.9,55‚Äì65,Mediterr√°nea,‚Ç¨‚Ç¨,"Plaza Sagrado Coraz√≥n De Jes√∫s, 2,  Madrid",Tetu√°n,40.41349,-3.69582
310,Foster's Hollywood,65,4.2,2.4,35‚Äì45,Americana,‚Ç¨‚Ç¨,"Paseo De S. Fco. De Sales, 3,   Madrid",Tetu√°n,40.44,-3.71705
311,Taste of America,40,3.5,2.4,35‚Äì45,Americana,‚Ç¨,"Calle De Raimundo Fern√°ndez Villaverde 33,   Madrid",Tetu√°n,40.44705,-3.70016
312,Empanadas BAIRES,13,4.0,1.4,45‚Äì55,Empanada,‚Ç¨,"Calle Bravo Murillo 218,   Madrid",Tetu√°n,40.46448,-3.69484
313,Sult√°n kebab,19,3.0,0.9,25‚Äì35,√Årabe,‚Ç¨‚Ç¨,"Calle De Bravo Murillo, 34,  Madrid",Tetu√°n,40.43741,-3.70402
314,Astros,40,3.5,2.4,45‚Äì55,Family Meals,‚Ç¨,"Calle Del Pr√≠ncipe De Vergara 258,   Madrid",Tetu√°n,40.42562,-3.67992
315,Empanadas BAIRES,40,3.5,1.9,35‚Äì45,Empanada,‚Ç¨,"Paseo De S. Fco. De Sales, 17,  Madrid",Tetu√°n,40.44103,-3.71533
316,Cherry Pecas,92,4.4,2.4,30‚Äì40,Comida r√°pida,‚Ç¨,"Calle De Jos√© Calvo 10,   Madrid",Tetu√°n,40.45883,-3.70845
317,Pops ¬¥n Bops,40,3.5,0.9,45‚Äì55,√Årabe,‚Ç¨‚Ç¨,"Calle De Bravo Murillo, 215,  Madrid",Tetu√°n,40.45761,-3.70118
318,Great Kebab,40,3.5,0.9,35‚Äì45,Kebab,‚Ç¨,"Calle De Bravo Murillo 193,  Madrid",Tetu√°n,40.45457,-3.70302
319,"Real Estambul Pizza, Doner y Kebab",15,3.4,0.9,40‚Äì50,Mediterr√°nea,‚Ç¨,"Cc La Vaguada Av Monforte De Lemos 36,   Madrid",Tetu√°n,40.47888,-3.70657
320,Willy Factory,40,3.5,2.4,40‚Äì50,Opciones para alergias,‚Ç¨,"Av. De Betanzos, 31,   Madrid",Tetu√°n,40.47427,-3.71128
321,Kebab Rico Rico,44,4.4,0.9,40‚Äì50,Kebab,‚Ç¨,"Calle Federico Sainz De Robles 3,  Madrid",Tetu√°n,40.39652,-3.6694
322,Oriental Palace,167,4.4,2.4,40‚Äì50,Asiatica,‚Ç¨,"Calle De La Infanta Mercedes, 103,  Madrid",Tetu√°n,40.46341,-3.69385
323,Pizzeria Nuns,40,3.5,0.9,40‚Äì50,Pizza,‚Ç¨,"Calle De Jos√© Calvo 6,  Madrid",Tetu√°n,40.45883,-3.70845
324,Badsha India Restaurant,200,4.4,2.4,40‚Äì50,India,‚Ç¨,"Calle De Jos√© Calvo 10,  Madrid",Chamber√≠,40.45883,-3.70845
325,Comida de Pueblo,40,3.5,0.9,25‚Äì35,Gourmet,‚Ç¨,"Calle Araucaria 19,   Madrid",Chamber√≠,40.46046,-3.70001
327,Papa John's,200,4.2,0.9,30‚Äì40,Pizza,‚Ç¨,"Calle Del Conde De Serrallo, 1,  Madrid",Chamber√≠,40.46554,-3.69196
328,Taberna Andaluza,25,4.4,1.4,35‚Äì45,Tapas,‚Ç¨,"Calle Del Conde De Pe√±alver, 13,  Madrid",Chamber√≠,40.42635,-3.67538
331,Papa John's,200,4.3,0.4,30‚Äì40,Pizza,‚Ç¨,"Calle De San Andr√©s, 26,  Madrid",Chamber√≠,40.42735,-3.70352
332,Roost Chicken,40,3.5,0.9,40‚Äì50,Pollo,‚Ç¨,"Calle De Toledo 27,   Madrid",Chamber√≠,40.41377,-3.70737
333,Fritz Foods,41,4.5,1.9,50‚Äì60,Pizza,‚Ç¨,"Calle Araucaria 19,   Madrid",Chamber√≠,40.46046,-3.70001
334,Roost Chicken,123,4.6,1.9,40‚Äì50,Pollo,‚Ç¨,"Calle De Raimundo Fern√°ndez Villaverde, 33,  Madrid",Chamber√≠,40.44705,-3.70016
335,Pizzer√≠a El Tr√©bol 24h,18,4.4,0.9,35‚Äì45,Pizza,‚Ç¨,"Calle De Arriaza, 6,  Madrid",Chamber√≠,40.42104,-3.71579
336,El Imperio de la Empanada,40,3.5,1.4,55‚Äì65,Empanada,‚Ç¨,"Hilarion Eslava 42,   Madrid",Chamber√≠,40.43649,-3.71684
337,CONVEXO,69,4.6,0.9,35‚Äì45,Pollo,‚Ç¨,"Calle De Galer√≠a De Vallehermoso 4,  Madrid",Chamber√≠,40.43946,-3.70777
338,Real Fried Chicken,15,4.3,0.4,40‚Äì50,Alitas de pollo,‚Ç¨‚Ç¨,"Calle De La Alianza 33,  Madrid",Chamber√≠,40.35775,-3.68689
339,Chinawokexpress,200,4.2,4.25,30‚Äì50,China,‚Ç¨,"Av. De Brasil, 6,  Madrid",Chamber√≠,40.45833,-3.69354
340,La Mordida,25,4.4,1.4,55‚Äì65,Mediterr√°nea,‚Ç¨,"Calle De Carranza 3,   Madrid",Chamber√≠,40.42895,-3.70276
341,Tiendas 7x24,70,4.6,0.9,35‚Äì45,Pizza,‚Ç¨‚Ç¨,"Calle De Bravo Murillo, 113,  Madrid",Chamber√≠,40.44805,-3.70399
342,Little Caesars Pizza,200,4.6,0.9,40‚Äì50,Pizza,‚Ç¨‚Ç¨‚Ç¨,"Calle Azabache, 6,  Madrid",Chamber√≠,40.39215,-3.72487
343,Super Dog,25,3.7,2.4,40‚Äì50,Hamburguesas,‚Ç¨‚Ç¨‚Ç¨,"Calle De Bravo Murillo 199,   Madrid",Chamber√≠,40.45622,-3.70204
344,Pollos al Carb√≥n,21,3.6,5.0,15‚Äì35,Pollo,‚Ç¨,"Calle Andr√©s Mellado 43,   Madrid",Chamber√≠,40.44112,-3.71427
345,La Bruja del Vesuvio,15,3.5,0.9,35‚Äì45,Comida r√°pida,‚Ç¨,"Calle De Luchana 13,   Madrid",Chamber√≠,40.43,-3.70099
346,Freedom Pizza,53,4.5,0.4,35‚Äì45,Pizza,‚Ç¨‚Ç¨,"Calle De Huesca, 19,  Madrid",Chamber√≠,40.45804,-3.69889
347,La caba√±a de cris,15,3.5,1.9,50‚Äì60,Pollo,‚Ç¨,"P.¬∫ De La Florida, 2,  Madrid",Chamber√≠,40.42149,-3.71954
348,KFC - Principe Pio,15,3.5,1.9,55‚Äì65,Pollo,‚Ç¨,"Calle De La Infanta Mercedes 17,  Madrid",Chamber√≠,40.45303,-3.69951
349,Toro Burger Lounge,23,4.1,1.4,55‚Äì65,Hamburguesas,‚Ç¨,"Traves√≠a De La Parada 6,   Madrid",Chamber√≠,40.42286,-3.70803
350,EL LAT√ìN GRIS,66,3.7,1.4,55‚Äì65,Pollo,‚Ç¨,"Calle De Francos Rodr√≠guez, 42,  Madrid",Chamber√≠,40.45565,-3.70461
351,EL ASADOR,15,3.5,1.9,60‚Äì70,Carne,‚Ç¨,"Calle Castilla,4 ,  Madrid",Chamber√≠,40.45286,-3.70425
352,MANKA,52,4.9,1.4,40‚Äì50,Pizza,‚Ç¨,"Calle Del Cardenal Cisneros 1,  Madrid",Chamber√≠,40.42965,-3.70165
353,Graal,15,3.5,0.9,45‚Äì55,Ramen,‚Ç¨‚Ç¨,"Av. De Brasil, 17,  Madrid",Chamber√≠,40.45837,-3.69289
354,Ala Sushi,15,3.5,0.9,40‚Äì50,Sushi,‚Ç¨,"Calle De Sta Engracia, 108,  Madrid",Chamber√≠,40.43755,-3.70008
355,Home Burger Bar,181,4.1,2.4,40‚Äì50,Hamburguesas,‚Ç¨,"Calle De Luchana 3,   Madrid",Chamber√≠,40.42927,-3.70135
356,Empanadas Malv√≥n,32,4.8,0.4,30‚Äì40,Empanada,‚Ç¨,"Av. De Filipinas, 30,  Madrid",Chamber√≠,40.44077,-3.70768
357,Tiendas 7x24,62,4.5,0.4,25‚Äì35,Queso,‚Ç¨,"Calle De Ayala 28,   Madrid",Chamber√≠,40.42774,-3.68571
358,SANABRIA,15,3.5,1.4,50‚Äì60,Tapas y raciones,‚Ç¨,"Calle Del Esp√≠ritu Santo 16,  Madrid",Chamber√≠,40.42557,-3.70629
359,MY Pasta Room,59,4.6,0.9,35‚Äì45,Italiana,‚Ç¨,"Calle De Manuel De Falla 5,   Madrid",Chamber√≠,40.45502,-3.68811
360,Limbo Player Two,15,3.5,1.9,50‚Äì60,Carne,‚Ç¨,"Calle De Jos√© Abascal 31,  Madrid",Chamber√≠,40.43856,-3.69891
361,Junk Burger,31,4.3,1.9,50‚Äì60,Hamburguesas,‚Ç¨,"Calle De Bravo Murillo, 100,  Madrid",Chamber√≠,40.44753,-3.70407
362,Popeyes,200,4.2,0.9,35‚Äì45,Pollo,‚Ç¨‚Ç¨,"Calle De Bravo Murillo 122,   Madrid",Chamber√≠,40.4491,-3.70348
363,Arepish,53,4.6,0.9,40‚Äì50,Venezolana,‚Ç¨,"Calle De Cea Berm√∫dez 49,  Madrid",Chamber√≠,40.43905,-3.70972
364,Cerveceria Ria√±o,15,3.5,0.9,30‚Äì40,Cerveza,‚Ç¨,"Paseo De La Castellana 130,  Madrid",Chamber√≠,40.4502,-3.69019
365,Yakitoro,26,4.5,1.4,55‚Äì65,Con opciones veganas,‚Ç¨,"Calle De Tudescos, 4,  Madrid",Chamber√≠,40.3747,-3.65969
366,Super naan,15,3.5,1.4,60‚Äì70,India,‚Ç¨,"Calle Gran V√≠a, 16,  Madrid",Chamber√≠,40.41966,-3.69894
367,Steak Burger,168,4.2,1.9,50‚Äì60,Americana,‚Ç¨,"Calle De San Bernardino, 20,  Madrid",Chamber√≠,40.42541,-3.71112
368,MILA TOWN,15,3.5,0.9,35‚Äì45,Americana,‚Ç¨,"Calle De La Cruz, 20, Local 1,  Madrid",Chamber√≠,40.41636,-3.7006
369,Galipan,23,4.2,1.9,70‚Äì80,Halal,‚Ç¨,"Calle Gran V√≠a 74, Local,  Madrid",Chamber√≠,40.42146,-3.7075
370,Trek Taco,15,3.5,1.4,45‚Äì55,Halal,‚Ç¨,"Calle Del Dr Cortezo, 7,  Madrid",Chamber√≠,40.41347,-3.70389
371,El Turkito,200,4.1,1.9,50‚Äì60,Asiatica,‚Ç¨,"Calle Maldonado 07,  Madrid",Chamber√≠,40.43367,-3.68057
372,Artisan Burger,15,3.5,0.9,45‚Äì55,Hamburguesas,‚Ç¨,"Calle De Vel√°zquez, 118,  Madrid",Chamber√≠,40.43525,-3.68349
373,Makan Saj Manoushe,200,4.9,1.4,30‚Äì40,India,‚Ç¨‚Ç¨,"Calle De Azcona 36,   Madrid",Chamber√≠,40.38927,-3.7415
374,Arepish,186,4.6,2.4,35‚Äì45,Venezolana,‚Ç¨‚Ç¨‚Ç¨,"Calle De Los Donados 2,   Madrid",Chamber√≠,40.41799,-3.70834
375,Cor & Cor,15,3.5,1.4,55‚Äì65,Postres,‚Ç¨,"Calle De Galileo, 75,   Madrid",Chamber√≠,40.43769,-3.71015
376,Tosty,15,3.5,0.4,40‚Äì50,Pollo,‚Ç¨,"Calle De San Germ√°n, 64,  Madrid",Chamber√≠,40.45729,-3.70018
377,Fast chicken chain,15,3.5,1.9,45‚Äì55,Pollo,‚Ç¨,"Calle De Jos√© Calvo 6,  Madrid",Chamber√≠,40.45883,-3.70845
378,Badsha India Restaurant,200,4.4,1.0,15‚Äì35,India,‚Ç¨,"Calle Bravo Murillo 108,  Madrid",Moncloa-Aravaca,40.46448,-3.69484
379,Taco Bell,200,4.3,0.9,30‚Äì40,Hamburguesas,‚Ç¨,"Calle De Embajadores, 13,  Madrid",Moncloa-Aravaca,40.40069,-3.69925
380,TUTTO PASTA!,26,2.8,2.6,40‚Äì60,Espa√±ola,‚Ç¨,"Calle De Jos√© Calvo 10,   Madrid",Moncloa-Aravaca,40.45883,-3.70845
381,Comida de Pueblo,15,3.5,1.9,35‚Äì45,Gourmet,‚Ç¨,"Calle De Isaac Peral, 4,  Madrid",Moncloa-Aravaca,40.43515,-3.71802
382,Pizzart Luchana,15,3.5,0.4,35‚Äì45,Pizza,‚Ç¨,"Calle De Isaac Peral 4,  Madrid",Moncloa-Aravaca,40.43515,-3.71802
383,Taco Bell,200,4.1,2.4,35‚Äì45,Hamburguesas,‚Ç¨,"Hilarion Eslava 42,   Madrid",Moncloa-Aravaca,40.43649,-3.71684
384,CONVEXO,69,4.6,2.9,35‚Äì45,Pollo,‚Ç¨‚Ç¨‚Ç¨,"Calle De Bravo Murillo 199,   Madrid",Moncloa-Aravaca,40.45622,-3.70204
385,Pollos al Carb√≥n,21,3.6,5.0,15‚Äì35,Pollo,‚Ç¨‚Ç¨,"Calle De Bravo Murillo, 113,  Madrid",Moncloa-Aravaca,40.44805,-3.70399
386,Little Caesars Pizza,200,4.6,3.0,5‚Äì25 ,Pizza,‚Ç¨,"Calle De Francos Rodr√≠guez, 42,   Madrid",Moncloa-Aravaca,40.45552,-3.70451
387,EL ASADOR,15,3.5,2.9,60‚Äì70,Carne,‚Ç¨,"Calle Castilla,4   Madrid",Moncloa-Aravaca,40.45286,-3.70425
388,MANKA,52,4.9,2.9,55‚Äì65,Pizza,‚Ç¨,"Calle De Galer√≠a De Vallehermoso 4,  Madrid",Moncloa-Aravaca,40.43946,-3.70777
389,Real Fried Chicken,15,4.3,2.9,45‚Äì55,Alitas de pollo,‚Ç¨,"Calle De La Infanta Mercedes 17,  Madrid",Moncloa-Aravaca,40.45303,-3.69951
390,Toro Burger Lounge,23,4.1,2.9,60‚Äì70,De Latinoam√©rica,‚Ç¨‚Ç¨,"Calle De Huesca, 19,  Madrid",Moncloa-Aravaca,40.45804,-3.69889
391,La caba√±a de cris,15,3.5,3.4,55‚Äì65,Pollo,‚Ç¨,"Calle Andr√©s Mellado 43,  Madrid",Moncloa-Aravaca,40.44112,-3.71427
392,La Bruja del Vesuvio,15,3.5,2.9,45‚Äì55,Comida r√°pida,‚Ç¨‚Ç¨,"Calle De Bravo Murillo 122,   Madrid",Moncloa-Aravaca,40.4491,-3.70348
393,Arepish,53,4.6,2.9,50‚Äì60,Venezolana,‚Ç¨,"Calle De Bravo Murillo, 100,  Madrid",Moncloa-Aravaca,40.44753,-3.70407
394,Popeyes,200,4.2,2.9,40‚Äì50,Pollo,‚Ç¨,"Calle De Cea Berm√∫dez 49,  Madrid",Moncloa-Aravaca,40.43905,-3.70972
395,Cerveceria Ria√±o,15,3.5,2.9,40‚Äì50,Cerveza,‚Ç¨,"Calle De San Germ√°n, 64,  Madrid",Moncloa-Aravaca,40.45729,-3.70018
396,Fast chicken chain,15,3.5,2.9,50‚Äì60,Pollo,‚Ç¨,"Calle De Sta Engracia, 108,  Madrid",Moncloa-Aravaca,40.43755,-3.70008
397,Home Burger Bar,181,4.1,3.4,45‚Äì55,Hamburguesas,‚Ç¨,"Calle Hilari√≥n Eslava, 38,  Madrid",Moncloa-Aravaca,40.43623,-3.71605
398,Empanadas Malv√≥n,21,4.7,2.4,30‚Äì40,Empanada,‚Ç¨,"Calle De Galileo, 75,  Madrid",Moncloa-Aravaca,40.43769,-3.71015
399,Tosty,15,3.5,2.9,45‚Äì55,Opciones para alergias,‚Ç¨,"Calle Ferraz 43,   Madrid",Moncloa-Aravaca,40.4298,-3.72104
400,Red Roo Australian Restaurant,15,3.5,2.9,45‚Äì55,Opciones para alergias,‚Ç¨,"Calle De L√©rida 58,   Madrid",Moncloa-Aravaca,40.45625,-3.70013
401,Polloco Gourmet,26,3.5,3.0,30‚Äì50,Pollo,‚Ç¨,"Bravo Murillo, 120,   Madrid",Moncloa-Aravaca,40.44861,-3.7035
402,Pomodoro,87,3.8,2.9,50‚Äì60,Italiana,‚Ç¨,"Av. De Filipinas, 30,  Madrid",Moncloa-Aravaca,40.44077,-3.70768
403,Tiendas 7x24,62,4.5,2.9,30‚Äì40,Family Meals,‚Ç¨,"Calle De Barcel√≥ 6, 318,   Madrid",Moncloa-Aravaca,40.42659,-3.70073
404,Mad Pollo,45,4.0,2.9,15‚Äì35,Pollo,‚Ç¨,"Calle De Raimundo Fern√°ndez Villaverde 33,   Madrid",Moncloa-Aravaca,40.44705,-3.70016
405,El tr√©bol empanadas,16,4.5,2.9,45‚Äì55,Comida r√°pida,‚Ç¨,"Calle De San Andr√©s, 31,  Madrid",Moncloa-Aravaca,40.42842,-3.70346
406,Pic & Nic,200,4.4,3.4,55‚Äì65,Mediterr√°nea,‚Ç¨‚Ç¨,"Paseo De S. Fco. De Sales, 3,  Madrid",Moncloa-Aravaca,40.44,-3.71705
407,Taste of America,26,3.5,2.4,35‚Äì45,Americana,‚Ç¨‚Ç¨,"Calle De Bravo Murillo, 34,  Madrid",Moncloa-Aravaca,40.43741,-3.70402
408,Astros,26,3.0,2.9,45‚Äì55,Family Meals,‚Ç¨,"Calle De Guzm√°n El Bueno, 73,  Madrid",Moncloa-Aravaca,40.43671,-3.71355
409,Aloha Poke,200,4.7,2.9,25‚Äì35,Poke,‚Ç¨,"Calle De Fern√°ndez De Los R√≠os, 98,  Madrid",Moncloa-Aravaca,40.43514,-3.7113
410,Doner kebap efes,30,3.8,2.9,35‚Äì45,Kebab,‚Ç¨,"C. De La Princesa, 40,  Madrid",Moncloa-Aravaca,40.42891,-3.7155
411,Starbucks,63,4.3,3.4,35‚Äì45,Cafe,‚Ç¨,"Paseo De S. Fco. De Sales, 17,  Madrid",Moncloa-Aravaca,40.44103,-3.71533
412,Cherry Pecas,92,4.4,2.4,30‚Äì40,Comida r√°pida,‚Ç¨,"Calle De Vallehermoso, 42,  Madrid",Moncloa-Aravaca,40.435,-3.70846
413,Basically Just Burrito Bowls,26,3.0,2.9,45‚Äì55,Bar Food,‚Ç¨,"Calle Bravo Murillo 218,   Madrid",Moncloa-Aravaca,40.46448,-3.69484
414,Sult√°n kebab,19,3.0,2.9,35‚Äì45,√Årabe,‚Ç¨‚Ç¨,"Calle De Bravo Murillo, 215,  Madrid",Moncloa-Aravaca,40.45761,-3.70118
415,Great Kebab,26,3.0,2.9,40‚Äì50,Kebab,‚Ç¨,"Calle De Bravo Murillo 193,  Madrid",Moncloa-Aravaca,40.45457,-3.70302
416,"Real Estambul Pizza, Doner y Kebab",15,3.4,2.9,45‚Äì55,Mediterr√°nea,‚Ç¨,"Calle De Jos√© Calvo 10,   Madrid",Moncloa-Aravaca,40.45883,-3.70845
417,Pops ¬¥n Bops,26,3.0,2.4,50‚Äì60,China,‚Ç¨,"Calle Federico Sainz De Robles 3,  Madrid",Moncloa-Aravaca,40.39652,-3.6694
418,Oriental Palace,167,4.4,2.9,45‚Äì55,Asiatica,‚Ç¨,"Calle De Galileo 40,   Madrid",Moncloa-Aravaca,40.4335,-3.71021
419,Shawarma palace,15,3.5,2.4,50‚Äì60,Americana,‚Ç¨,"Plaza Del Descubridor Diego De Ord√°s, 4,  Madrid",Moncloa-Aravaca,40.44117,-3.70029
420,Jimbo Smokehouse,68,4.7,2.9,45‚Äì55,Napolitana,‚Ç¨,"Calle Jose Calvo 10,   Madrid",Moncloa-Aravaca,40.42338,-3.66482
421,Napoli Gang by Bel Mondo,26,3.0,2.4,50‚Äì60,Pizza,‚Ç¨,"Calle Rodr√≠guez San Pedro 44,   Madrid",Moncloa-Aravaca,40.43178,-3.71615
422,Soda Bar,26,3.0,2.9,45‚Äì55,Comida r√°pida,‚Ç¨,"C. Del Dr. Ram√≥n Castroviejo, 59,  Madrid",Moncloa-Aravaca,40.42438,-3.56158
423,Danny‚Äôs Jazz,11,4.7,2.4,50‚Äì60,Espa√±ola,‚Ç¨,"Calle Del Aviador Zorita 32,   Madrid",Moncloa-Aravaca,40.45015,-3.69819
424,Ferreiro,26,3.0,3.4,35‚Äì45,Postres,‚Ç¨,"Calle De Almansa 41,   Madrid",Moncloa-Aravaca,40.44867,-3.7046
425,TeKeS,78,4.8,2.4,30‚Äì40,Opciones para alergias,‚Ç¨‚Ç¨‚Ç¨,"Calle De C√°ndido Mateos 21,   Madrid",Moncloa-Aravaca,40.4741,-3.71882
426,Toropikaru Sushi,26,3.0,3.4,35‚Äì45,Comfort Food,‚Ç¨,"Calle Sorgo 53, Nave 2,   Madrid",Moncloa-Aravaca,40.4683,-3.70615
427,NUBO Rolls,15,4.3,3.4,35‚Äì45,Comida r√°pida,‚Ç¨,"Calle De Santa Engracia 108,   Madrid",Moncloa-Aravaca,40.43918,-3.70038
428,DITALY,26,3.0,2.4,30‚Äì40,Empanada,‚Ç¨,"Calle De Fern√°ndez De Los R√≠os 85,   Madrid",Moncloa-Aravaca,40.43514,-3.7113
429,Empanadas BAIRES,26,3.0,3.4,35‚Äì45,Empanada,‚Ç¨,"Calle De Ofelia Nieto, 42,  Madrid",Moncloa-Aravaca,40.45979,-3.71009
430,Massburg,194,4.4,2.4,30‚Äì40,Opciones para alergias,‚Ç¨,"Zabaleta 1,   Madrid",Moncloa-Aravaca,40.44065,-3.67537
431,Nola Smoke,199,4.2,1.0,15‚Äì35,Comida r√°pida,‚Ç¨,"Calle De Jos√© Calvo 6,  Madrid",Moncloa-Aravaca,40.45883,-3.70845
432,Badsha India Restaurant,200,4.4,1.0,15‚Äì35,India,‚Ç¨,"Calle De Jos√© Calvo 10,  Madrid",Carabanchel,40.45883,-3.70845
433,Comida de Pueblo,26,3.0,2.4,35‚Äì45,Gourmet,‚Ç¨,"Avenida De La Reina Victoria 68,  Madrid",Carabanchel,40.44667,-3.71199
434,Papa John's,200,4.4,1.9,35‚Äì45,Pizza,‚Ç¨,"Calle Araucaria 19,   Madrid",Carabanchel,40.46046,-3.70001
435,Roost Chicken,123,4.6,2.9,40‚Äì50,Pollo,‚Ç¨,"Calle De Isaac Peral 4,  Madrid",Carabanchel,40.43515,-3.71802
436,McDonald's,200,4.4,2.9,30‚Äì40,Hamburguesas,‚Ç¨,"Calle De Isaac Peral 4,  Madrid",Carabanchel,40.43515,-3.71802
437,Taco Bell,200,4.1,2.4,35‚Äì45,Hamburguesas,‚Ç¨,"Hilarion Eslava 42,   Madrid",Carabanchel,40.43649,-3.71684
438,CONVEXO,69,4.6,2.9,35‚Äì45,Pollo,‚Ç¨‚Ç¨‚Ç¨,"Calle De Bravo Murillo 199,   Madrid",Carabanchel,40.45622,-3.70204
439,Pollos al Carb√≥n,21,3.6,5.0,15‚Äì35,Pollo,‚Ç¨‚Ç¨,"Calle De Bravo Murillo, 113,  Madrid",Carabanchel,40.44805,-3.70399
440,Little Caesars Pizza,200,4.6,3.0,5‚Äì25 ,Pizza,‚Ç¨,"Calle De Francos Rodr√≠guez, 42,  Madrid",Carabanchel,40.45565,-3.70461
453,McDonald's,200,4.3,1.9,15‚Äì25,Hamburguesas,‚Ç¨,"Paseo De Santa Mar√≠a De La Cabeza, 86,  Madrid",Carabanchel,40.39875,-3.70153
454,Beiben,14,4.2,2.4,30‚Äì40,Tapas,‚Ç¨,"Calle De Mira El Sol 23,  Madrid",Carabanchel,40.40727,-3.70623
455,La Cochinita Loca,19,4.3,2.4,45‚Äì55,Colombiana,‚Ç¨,"Calle De Guetaria 72,   Madrid",Carabanchel,40.36655,-3.71523
456,Pasta con todo üçù,26,3.0,2.4,45‚Äì55,Italiana,‚Ç¨,"Calle Fragata, 11,   Madrid",Carabanchel,40.39365,-3.73426
457,Latin kebab,25,4.0,1.4,30‚Äì40,Kebab,‚Ç¨,"Calle Arechavaleta 6,   Madrid",Carabanchel,40.40605,-3.70752
458,Pura Italia,109,3.2,1.9,35‚Äì55,Italiana,‚Ç¨,"Calle De Antonio L√≥pez 109,   Madrid",Carabanchel,40.38678,-3.69811
459,Pollo Criollo,26,3.0,2.4,50‚Äì60,Pollo,‚Ç¨,"Calle De Juan Pascual De Mena 7,  Madrid",Carabanchel,40.40765,-3.73979
460,Maha Kebab,11,4.3,2.4,20‚Äì30,Kebab,‚Ç¨,"Plaza De La Cebada, 10,  Madrid",Carabanchel,40.41156,-3.71008
461,Taberna La Buha,24,4.2,2.4,60‚Äì70,Tapas,‚Ç¨,"Calle Mirasierra, 37,  Madrid",Carabanchel,40.38842,-3.70369
462,Pizza Mirasierra,17,4.2,2.4,30‚Äì40,Pizza,‚Ç¨,"Calle De San Andr√©s, 31,  Madrid",Carabanchel,40.42842,-3.70346
463,Pic & Nic,200,4.4,3.9,60‚Äì70,Mediterr√°nea,‚Ç¨,"Calle De Marcelo Usera 135,   Madrid",Carabanchel,40.38506,-3.71269
464,Pizz-a-porter,26,3.0,1.9,30‚Äì40,Pizza,‚Ç¨,"Calle De Don Pedro 11,  Madrid",Carabanchel,40.41164,-3.71275
465,Tabaxo - Don Pedro,26,3.0,2.4,50‚Äì60,S√°ndwich,‚Ç¨,"Paseo De Los Pontones, 24,  Madrid",Carabanchel,40.40543,-3.71415
466,Taberna Piedra Pinta,26,3.0,1.9,45‚Äì55,Halal,‚Ç¨,"Calle V√≠a Carpetana, 226,  Madrid",Carabanchel,40.39258,-3.74124
467,Dinos Bar Kebab,26,3.0,2.5,40‚Äì60,Kebab,‚Ç¨,"Av. Oporto, 89,  Madrid",Carabanchel,40.38804,-3.73205
468,Gran Oporto Kebab,29,3.7,1.4,25‚Äì35,Kebab,‚Ç¨,"Glorieta De Embajadores 4,  Madrid",Carabanchel,40.4045,-3.70245
469,GALAXY KEBAB,17,4.5,2.9,30‚Äì40,Kebab,‚Ç¨,"Calle V√≠a Carpetana 81,   Madrid",Carabanchel,40.39832,-3.73469
470,Bar y Kebab La Parada,23,3.0,1.4,15‚Äì25,Kebab,‚Ç¨,"Calle De Embajadores, 28,  Madrid",Carabanchel,40.40069,-3.69925
471,√âccolo,28,4.2,2.4,50‚Äì60,Tapas y raciones,‚Ç¨,"Calle De La Ruda, 5,  Madrid",Carabanchel,40.41032,-3.70764
472,Malacatin,19,4.9,1.9,45‚Äì55,Pizza,‚Ç¨,"Calle De Melilla, 47,  Madrid",Carabanchel,40.40113,-3.70969
473,Le Crust,25,4.4,2.5,40‚Äì60,Hamburguesas,‚Ç¨,"Paseo De Los Melanc√≥licos 7,   Madrid",Carabanchel,40.40481,-3.72076
474,Toro Burger Lounge,27,4.1,1.4,25‚Äì35,Comida reconfortante,‚Ç¨,"Plaza De Cascorro, 16,   Madrid",Carabanchel,40.41025,-3.70746
475,Cor & Cor,11,4.3,2.9,30‚Äì40,Postres,‚Ç¨,"Calle Campo De La Paloma 32,   Madrid",Carabanchel,40.38336,-3.6475
476,Arepa Mix,38,3.9,1.4,15‚Äì25,Venezolana,‚Ç¨‚Ç¨,"Calle De Ferroviarios 98,   Madrid",Carabanchel,40.38196,-3.70452
477,Bocadillos Ole,23,3.0,2.4,60‚Äì70,Bocadillo,‚Ç¨,"Calle De Dolores Barranco, 88,  Madrid",Carabanchel,40.3833,-3.70616
478,IGo Pasta,89,4.5,2.4,30‚Äì40,Italiana,‚Ç¨,"Calle De Santa Isabel, 5,  Madrid",Carabanchel,40.41136,-3.6987
479,Yokaloka,23,3.6,3.9,60‚Äì70,Comfort Food,‚Ç¨,"Calle De Jaime Vera 12,   Madrid",Carabanchel,40.41214,-3.72872
480,Burger Las Vegas,23,3.6,1.9,30‚Äì40,Hamburguesas,‚Ç¨‚Ç¨,"Calle De Antonio L√≥pez 109,   Madrid",Carabanchel,40.38678,-3.69811
481,Alice Pizza,23,3.6,2.4,50‚Äì60,Pizza,‚Ç¨,"Calle De C√°ceres 5,  Madrid",Carabanchel,40.39854,-3.69618
482,Herb√≠voro,23,3.6,1.9,45‚Äì55,Parrilla,‚Ç¨,"Paseo De Los Melancolicos 7,   Madrid",Carabanchel,40.40481,-3.72076
483,La Manousheria,23,3.6,2.5,40‚Äì60,Postres,‚Ç¨,"Calle De Los Y√©benes 150,   Madrid",Carabanchel,40.38979,-3.75197
484,Popizza,23,3.6,0.9,30‚Äì40,Pollo,‚Ç¨,"Calle De Marcelo Usera 12,   Madrid",Carabanchel,40.38728,-3.70066
486,Papa John's,200,4.3,0.9,30‚Äì40,Pizza,‚Ç¨,"Calle De Embajadores, 14 ,   Madrid",Usera,40.40069,-3.69925
487,TUTTO PASTA!,26,2.8,2.5,40‚Äì60,Comida r√°pida,‚Ç¨,"Calle De Matilde Hern√°ndez 90,  Madrid",Usera,40.3908,-3.73382
488,Restaurante Sabor K-Tracho,23,3.6,1.4,35‚Äì45,Alcohol,‚Ç¨,"Calle Del Gral. Ricardos, 92,   Madrid",Usera,40.39347,-3.72325
489,Autoservicio,77,4.8,0.9,15‚Äì25,Tienda,‚Ç¨,"Av. Del Manzanares, 210,  Madrid",Usera,40.39021,-3.70016
490,Little Caesars Pizza,200,4.6,1.4,40‚Äì50,Pizza,‚Ç¨,"Calle De C√°ceres 1,   Madrid",Usera,40.39854,-3.69618
491,Comida china yonghe,50,4.3,2.4,40‚Äì50,China,‚Ç¨‚Ç¨‚Ç¨,"Calle De La Alianza 33,   Madrid",Usera,40.35775,-3.68689
492,Chinawokexpress,200,4.2,4.25,30‚Äì50,China,‚Ç¨,"Paseo Del Doctor Vallejo N√°gera, 25,  Madrid",Usera,40.40163,-3.70811
493,Papa John's,200,4.3,2.4,30‚Äì40,Pizza,‚Ç¨,"Avenida De Oporto 14,  Madrid",Usera,40.38512,-3.72238
494,TROPICALISSIMA,84,4.4,1.4,30‚Äì40,Alcohol,‚Ç¨‚Ç¨‚Ç¨,"Calle Azabache, 6,  Madrid",Usera,40.39215,-3.72487
495,Super Dog,25,3.7,1.4,30‚Äì50,Hamburguesas,‚Ç¨,"Calle Del Gral. Ricardos, 92,   Madrid",Usera,40.39347,-3.72325
496,Autoservicio,77,4.8,2.4,30‚Äì40,Tienda,‚Ç¨,"Avenida De Orovilla 46,  Madrid",Usera,40.36029,-3.68992
498,Pollo Rico Al carb√≥n,68,4.5,0.9,40‚Äì50,Pollo,‚Ç¨,"Calle C√°ceres, 34,  Madrid",Usera,40.39879,-3.6959
499,Ristorante Pizzer√≠a Dante,61,4.1,2.4,45‚Äì55,Pizza,‚Ç¨,"Calle De Moncada 122,   Madrid",Usera,40.34096,-3.69201
500,Pollos a la brasa el Corral,31,4.6,3.0,30‚Äì50,Pollo,‚Ç¨,"Paseo De Santa Mar√≠a De La Cabeza, 86,  Madrid",Usera,40.39875,-3.70153
501,Beiben,14,4.2,1.9,30‚Äì40,Tapas,‚Ç¨,"Calle De Guetaria 72,   Madrid",Usera,40.36655,-3.71523
502,Pasta con todo üçù,23,3.6,1.4,40‚Äì50,Italiana,‚Ç¨,"Calle De Antonio L√≥pez 109,   Madrid",Usera,40.38678,-3.69811
503,Pollo Criollo,23,3.6,1.4,45‚Äì55,Pollo,‚Ç¨,"Av. De Andaluc√≠a, 19,  Madrid",Usera,40.36621,-3.69375
504,McDonald's,200,4.1,1.9,20‚Äì30,Hamburguesas,‚Ç¨,"Calle De La Antracita 12,   Madrid",Usera,40.39295,-3.68724
505,Empanadas Malv√≥n,31,5.0,1.9,35‚Äì45,Empanada,‚Ç¨,"Calle Mirasierra, 37,  Madrid",Usera,40.38842,-3.70369
506,Pizza Mirasierra,17,4.2,1.4,20‚Äì30,Pizza,‚Ç¨,"Calle Arechavaleta 6,   Madrid",Usera,40.40605,-3.70752
507,Pura Italia,109,3.2,1.9,35‚Äì55,Italiana,‚Ç¨,"Traves√≠a Arechavaleta 4,   Madrid",Usera,40.39818,-3.62207
508,"Aqua, Farina e Forno",17,2.9,1.9,10‚Äì30,Pasta,‚Ç¨,"Calle Ariel,15,   Madrid",Usera,40.41056,-3.71352
509,El Buen Gusto,17,4.5,2.4,50‚Äì60,Bar Food,‚Ç¨,"Calle De Marcelo Usera 135,   Madrid",Usera,40.38506,-3.71269
510,Pizz-a-porter,23,3.6,0.9,25‚Äì35,Pizza,‚Ç¨,"Calle De Palos De La Frontera 38,   Madrid",Usera,40.40302,-3.69613
511,La Pizza √© Bella,12,4.5,2.9,40‚Äì50,Pizza,‚Ç¨,"Paseo Del Molino, 1,  Madrid",Usera,40.38987,-3.69263
512,Kebab Nemrut,81,4.3,1.9,25‚Äì35,Kebab,‚Ç¨,"Calle V√≠a Carpetana, 226,  Madrid",Usera,40.39258,-3.74124
513,Dinos Bar Kebab,23,3.6,2.5,40‚Äì60,Kebab,‚Ç¨,"Glorieta De Embajadores 4,  Madrid",Usera,40.4045,-3.70245
514,GALAXY KEBAB,17,4.5,2.9,30‚Äì40,Kebab,‚Ç¨,"Av. Oporto, 89,  Madrid",Usera,40.38804,-3.73205
515,Gran Oporto Kebab,29,3.7,2.9,35‚Äì45,Kebab,‚Ç¨‚Ç¨,"Calle De Jos√© Antonio De Armona 12,   Madrid",Usera,40.40524,-3.69753
516,Ramen Kagura,23,3.6,1.4,45‚Äì55,Comida reconfortante,‚Ç¨,"Calle De Tarragona 36,   Madrid",Usera,40.40159,-3.6962
517,RAVIOLUZIONE,40,4.2,1.9,20‚Äì30,Pizza,‚Ç¨,"Calle De Melilla, 47,  Madrid",Usera,40.40113,-3.70969
518,Le Crust,25,4.4,1.9,35‚Äì45,Hamburguesas,‚Ç¨,"Calle Campo De La Paloma 32,   Madrid",Usera,40.38336,-3.6475
519,Arepa Mix,38,3.9,1.4,20‚Äì30,Venezolana,‚Ç¨,"Centro Comercial Plaza Rio 2,  Madrid",Usera,40.39114,-3.70225
520,Llaollao,39,4.4,1.9,35‚Äì55,Gourmet,‚Ç¨‚Ç¨,"Calle De Ferroviarios 98,   Madrid",Usera,40.38196,-3.70452
521,Bocadillos Ole,23,3.6,1.9,10‚Äì30,Bocadillo,‚Ç¨,"Calle De Dolores Barranco, 88,  Madrid",Usera,40.3833,-3.70616
522,IGo Pasta,89,4.5,2.4,50‚Äì60,Italiana,‚Ç¨,"Calle De Santa Isabel, 5,  Madrid",Usera,40.41136,-3.6987
523,Yokaloka,23,3.6,0.9,25‚Äì35,Tapas y raciones,‚Ç¨,"Calle De La Antracita, 10,  Madrid",Usera,40.39007,-3.68986
524,Cantina Canalla,24,4.2,2.9,40‚Äì50,De Latinoam√©rica,‚Ç¨,"Paseo De Santa Mar√≠a De La Cabeza, 60,  Madrid",Usera,40.4024,-3.69775
525,√ìrale burrito,23,3.6,1.9,25‚Äì35,Burritos,‚Ç¨‚Ç¨,"Calle De Antonio L√≥pez 109,   Madrid",Usera,40.38678,-3.69811
526,Alice Pizza,23,3.6,2.5,40‚Äì60,Pizza,‚Ç¨,"Calle De M√©ndez √Ålvaro 77,   Madrid",Usera,40.39602,-3.68112
527,Tasty Poke,178,4.6,2.9,30‚Äì40,Poke,‚Ç¨,"Calle De C√°ceres 5,  Madrid",Usera,40.39854,-3.69618
528,Herb√≠voro,23,3.6,1.4,45‚Äì55,Parrilla,‚Ç¨,"Calle De Lillo 1,   Madrid",Usera,40.36299,-3.69517
529,Abaco Taberna,23,3.6,1.9,20‚Äì30,Con opciones veganas,‚Ç¨,"Calle Del √Åncora 26,   Madrid",Usera,40.40308,-3.69166
530,S√©samo,23,3.6,1.9,35‚Äì45,Pollo,‚Ç¨,"Calle De Marcelo Usera 12,   Madrid",Usera,40.38728,-3.70066
531,"Asador de pollos ""LA WISLLA""",23,3.6,1.4,20‚Äì30,Carne,‚Ç¨,"Calle De Carde√±osa 42,  Madrid",Usera,40.38282,-3.67238
532,Mac2Pic2,23,3.6,1.9,35‚Äì55,Boliviana,‚Ç¨,"Marcelo Usera 12,  Madrid",Usera,40.38765,-3.70046
533,Asador de Pollos,23,3.6,1.9,10‚Äì30,Pollo,‚Ç¨,"Calle Alf√©rez Juan Usera, 34,   Madrid",Usera,40.39572,-3.73066
534,Cheff oriental,23,3.6,2.4,50‚Äì60,Asiatica,‚Ç¨,"Paseo De Santa Mar√≠a De La Cabeza 32,   Madrid",Usera,40.4031,-3.69709
535,Kaleka Poke,23,3.6,0.9,25‚Äì35,Kebab,‚Ç¨,"Paseo Molino, 7,  Madrid",Usera,40.39012,-3.69287
536,Pizzeria Roberto,33,4.2,2.9,40‚Äì50,Pizza,‚Ç¨,"Calle De Jos√© Antonio De Armona 7,   Madrid",Usera,40.40455,-3.6965
537,Pui's Thai tapas,43,4.6,1.9,25‚Äì35,Comida r√°pida,‚Ç¨,"Calle Sallaberry, 101,  Madrid",Usera,40.39279,-3.72049
538,Comida China Feliz,200,4.4,2.5,40‚Äì60,China,‚Ç¨,"Avenida De Palomeras 150 ,  Madrid",Usera,40.38564,-3.64871
539,Merecumbe,100,4.3,2.9,30‚Äì40,Venezolana,‚Ç¨,"Calle De Embajadores, 12 ,   Madrid",Usera,40.40069,-3.69925
540,TUTTO PASTA!,26,2.8,2.9,35‚Äì45,Alcohol,‚Ç¨,"Avenida De Rafaela Ybarra 37,   Madrid",Puente de Vallecas,40.36433,-3.71421
541,Perla del Pacifico,66,4.1,0.9,30‚Äì40,Mediterr√°nea,‚Ç¨,"Calle De Matilde Hern√°ndez 90,  Madrid",Puente de Vallecas,40.3908,-3.73382
542,Restaurante Sabor K-Tracho,23,3.6,2.4,40‚Äì50,Pollo,‚Ç¨,"Av. De La Albufera, 91,  Madrid",Puente de Vallecas,40.3944,-3.66152
543,Precio Calidad y sabor,17,4.4,2.0,40‚Äì60,Bar Food,‚Ç¨‚Ç¨‚Ç¨,"Calle De La Alianza 33,   Madrid",Puente de Vallecas,40.35775,-3.68689
544,Chinawokexpress,200,4.2,4.25,30‚Äì50,China,‚Ç¨,"Calle Felipe Fraile 5,   Madrid",Puente de Vallecas,40.3971,-3.66602
545,On Rush,14,4.8,1.4,40‚Äì50,Burritos,‚Ç¨‚Ç¨‚Ç¨,"Calle Azabache, 6,  Madrid",Puente de Vallecas,40.39215,-3.72487
546,Super Dog,25,3.7,2.49,30‚Äì50,Hamburguesas,‚Ç¨,"Calle Del Pico De La Maliciosa 6,   Madrid",Puente de Vallecas,40.45069,-3.67173
547,Bur Burger,50,4.4,2.49,50‚Äì70,Hamburguesas,‚Ç¨,"Avenida De La Albufera, 40,   Madrid",Puente de Vallecas,40.39682,-3.66662
548,El Sabroso Albufera,30,3.9,1.4,20‚Äì30,Comida r√°pida,‚Ç¨,"Calle Monederos 12,   Madrid",Puente de Vallecas,40.38776,-3.70159
549,Precio Calidad y sabor,17,4.4,2.0,40‚Äì60,Bar Food,‚Ç¨,"Avenida De La Albufera 119,   Madrid",Puente de Vallecas,40.39331,-3.65945
550,Kebab Rayo,117,3.8,0.9,25‚Äì35,Kebab,‚Ç¨,"Calle De Moncada 122,   Madrid",Puente de Vallecas,40.34096,-3.69201
551,Pollos a la brasa el Corral,31,4.6,3.0,30‚Äì50,Pollo,‚Ç¨,"Av. Pablo Neruda, 91,  Madrid",Puente de Vallecas,40.38117,-3.66242
552,McDonald's,200,4.1,0.9,15‚Äì25,Hamburguesas,‚Ç¨,"Av. De La Albufera, 20,  Madrid",Puente de Vallecas,40.39744,-3.6679
553,Popeyes,187,4.1,1.99,20‚Äì40,Pollo,‚Ç¨,"Calle De La Antracita 12,   Madrid",Puente de Vallecas,40.39295,-3.68724
554,Empanadas Malv√≥n,31,5.0,2.4,40‚Äì50,Empanada,‚Ç¨‚Ç¨,"Calle Del Puerto De Balbar√°n 31,   Madrid",Puente de Vallecas,40.37649,-3.65629
555,Kebab Entrevias,43,4.5,1.4,25‚Äì35,Kebab,‚Ç¨,"Calle Arechavaleta 6,   Madrid",Puente de Vallecas,40.40605,-3.70752
556,Pura Italia,109,3.2,1.9,35‚Äì55,Italiana,‚Ç¨,"Calle Ariel,15,   Madrid",Puente de Vallecas,40.41056,-3.71352
557,El Buen Gusto,17,4.5,1.9,45‚Äì55,Bar Food,‚Ç¨,"Calle De Benjam√≠n Palencia, 32,   Madrid",Puente de Vallecas,40.39471,-3.64814
558,Poke Ukelele,68,4.2,1.9,45‚Äì65,Poke,‚Ç¨,"Av. Del Mediterr√°neo, 30,  Madrid",Puente de Vallecas,40.40675,-3.67267
559,Mahalo Poke,23,3.6,2.5,30‚Äì50,Poke,‚Ç¨‚Ç¨,"Calle Del Camino De Los Vinateros, 22,  Madrid",Puente de Vallecas,40.41043,-3.65788
560,Ankara Doner Kebab,38,4.3,2.4,40‚Äì50,Kebab,‚Ç¨,"Av. De Entrev√≠as, 58,  Madrid",Puente de Vallecas,40.37636,-3.66082
561,Shaurma House,26,4.3,1.9,20‚Äì30,Pollo,‚Ç¨,"Avenida Del Monte Igueldo 36,   Madrid",Puente de Vallecas,40.39586,-3.66853
562,Istanbul Kebab Madrid,23,3.6,1.4,30‚Äì40,Asi√°tica,‚Ç¨,"Av Del Monte Igueldo, 36,  Madrid",Puente de Vallecas,40.39618,-3.66823
563,Kebab Vallecano,12,4.0,1.4,30‚Äì40,Kebab,‚Ç¨,"Calle De Benadalid 6,   Madrid",Puente de Vallecas,40.38604,-3.63886
564,Star Kebab Pollo Asado,14,4.1,2.4,35‚Äì45,Pollo,‚Ç¨‚Ç¨,"Calle De Pe√±a De La Atalaya, 86,  Madrid",Puente de Vallecas,40.38579,-3.66726
566,Pizzamarket,30,4.8,1.9,20‚Äì30,Pizza,‚Ç¨‚Ç¨,"Av. Del Mediterr√°neo, 21,  Madrid",Puente de Vallecas,40.40675,-3.67267
567,Twin Pizza Mediterr√°neo,17,4.2,1.9,20‚Äì30,China,‚Ç¨,"Avenida Pablo Neruda 108,   Madrid",Puente de Vallecas,40.38315,-3.64917
568,Panda Sushi,133,4.4,1.9,20‚Äì30,Saludable,‚Ç¨‚Ç¨,"Calle De Arias Montano, 42,  Madrid",Puente de Vallecas,40.40985,-3.67173
569,Acqua in Bocca,36,4.3,1.9,20‚Äì30,Opciones para alergias,‚Ç¨,"Calle Campo De La Paloma 32,   Madrid",Puente de Vallecas,40.38336,-3.6475
570,Arepa Mix,38,3.9,1.9,20‚Äì30,Venezolana,‚Ç¨,"Calle Felipe Fraile 5,   Madrid",Puente de Vallecas,40.3971,-3.66602
571,THE SCHNITZEL BOSS,23,3.6,1.9,20‚Äì30,Sudamericana,‚Ç¨,"Calle Del Pico De La Maliciosa 6,   Madrid",Puente de Vallecas,40.45069,-3.67173
572,Frida Burritos,47,4.5,1.9,20‚Äì30,Burritos,‚Ç¨‚Ç¨,"Calle De Ferroviarios 98,   Madrid",Puente de Vallecas,40.38196,-3.70452
573,Bocadillos Ole,23,3.6,1.9,20‚Äì30,Bocadillo,‚Ç¨,"Calle Felipe Fraile 5,   Madrid",Puente de Vallecas,40.3971,-3.66602
574,Ceviches Marakaza,23,3.6,1.4,30‚Äì40,Peruana,‚Ç¨,"Avenida Pablo Neruda, 96 ,  Madrid",Puente de Vallecas,40.38315,-3.64917
575,Burger Town,23,3.6,1.4,30‚Äì40,Hamburguesas,‚Ç¨,"Calle Del Puerto Canfranc, 42,  Madrid",Puente de Vallecas,36.5939,-6.233
576,Comida Fusi√≥n,19,3.7,1.4,30‚Äì40,Fusi√≥n latina,‚Ç¨,"Avenida De Pe√±a Prieta 22,   Madrid",Puente de Vallecas,40.40044,-3.66657
577,SUKAO FOOD FUSION,60,3.6,1.4,30‚Äì40,Japonesa,‚Ç¨,"Calle De Santa Isabel, 5,  Madrid",Puente de Vallecas,40.41136,-3.6987
578,Yokaloka,60,3.6,1.4,30‚Äì40,Tapas y raciones,‚Ç¨,"Calle De La Antracita, 10,  Madrid",Puente de Vallecas,40.38927,-3.7415
579,Cantina Canalla,24,4.2,1.4,30‚Äì40,De Latinoam√©rica,‚Ç¨,"Calle De La Cruz Del Sur 5,   Madrid",Puente de Vallecas,40.41625,-3.70064
580,BURRITOS & TACOS,86,3.5,1.4,25‚Äì35,Burritos,‚Ç¨,"Avenida Pe√±a Prieta 50,   Madrid",Puente de Vallecas,40.40139,-3.6655
581,Asador Delicasa,14,4.0,1.4,25‚Äì35,Carne,‚Ç¨,"Calle De Gutenberg 3,  Madrid",Puente de Vallecas,40.40491,-3.68175
582,Waiwai Fusion Poke Atocha,32,4.7,1.4,25‚Äì35,Alcohol,‚Ç¨,"Calle De M√©ndez √Ålvaro 77,   Madrid",Puente de Vallecas,40.39602,-3.68112
583,Tasty Poke,178,4.6,1.4,25‚Äì35,Poke,‚Ç¨,"Av. Pablo Neruda, 91,  Madrid",Puente de Vallecas,40.38117,-3.66242
584,Don Tortilla,24,4.1,1.4,25‚Äì35,Saludable,‚Ç¨,"Calle De C√°ceres 5,  Madrid",Puente de Vallecas,40.39854,-3.69618
585,Herb√≠voro,60,3.8,1.4,25‚Äì35,Parrilla,‚Ç¨,"Avenida De Buenos Aires 63,   Madrid",Puente de Vallecas,40.38641,-3.65337
586,Kebab Turca,60,3.8,1.4,25‚Äì35,Kebab,‚Ç¨,"Calle De Carde√±osa 42,  Madrid",Puente de Vallecas,40.38282,-3.67238
587,Mac2Pic2,60,3.8,1.4,25‚Äì35,Boliviana,‚Ç¨,"Av. De La Albufera, 226,  Madrid",Puente de Vallecas,40.39097,-3.64937
588,Ateshgah Albufera,60,3.8,1.4,25‚Äì35,Fritura,‚Ç¨,"Avenida Pablo Neruda, 96 ,  Madrid",Puente de Vallecas,40.38315,-3.64917
589,Superbestia,60,3.8,1.4,25‚Äì35,Pizza,‚Ç¨,"Paseo Molino, 7,  Madrid",Puente de Vallecas,40.39012,-3.69287
590,Pizzeria Roberto,33,4.2,1.4,25‚Äì35,Pizza,‚Ç¨,"Avenida De Palomeras 150 ,  Madrid",Puente de Vallecas,40.38564,-3.64871
591,Merecumbe,100,4.3,1.4,25‚Äì35,Venezolana,‚Ç¨‚Ç¨,"Calle De Ferroviarios 98,   Madrid",Puente de Vallecas,40.38196,-3.70452
592,Mr Patata,60,3.8,1.4,25‚Äì35,Pollo,‚Ç¨,"Calle De Lituania 6,   Madrid",Puente de Vallecas,40.40931,-3.66156
593,Drag√≥n,60,3.8,1.4,25‚Äì35,Pizza,‚Ç¨,"Calle De Embajadores, 12 ,   Madrid",Puente de Vallecas,40.40069,-3.69925
594,TUTTO PASTA!,26,2.8,2.6,40‚Äì60,Comida r√°pida,‚Ç¨,"Av. De La Albufera, 226,  Madrid",Moratalaz,40.39097,-3.64937
595,Papa John's,200,4.4,1.4,25‚Äì35,Pizza,‚Ç¨,"Calle Del Pico De La Maliciosa 6,   Madrid",Moratalaz,40.45069,-3.67173
596,Streat Lab,50,4.6,2.49,50‚Äì70,Pollo,‚Ç¨,"Av. De La Albufera, 91,  Madrid",Moratalaz,40.3944,-3.66152
597,Pizz-a-porter,60,3.8,0.9,35‚Äì45,Pizza,‚Ç¨‚Ç¨‚Ç¨,"Calle De La Alianza 33,   Madrid",Moratalaz,40.35775,-3.68689
598,Chinawokexpress,200,4.2,4.25,30‚Äì50,China,‚Ç¨,"Calle Del Pico De La Maliciosa 6,   Madrid",Moratalaz,40.45069,-3.67173
599,Streat Lab,50,4.6,1.9,40‚Äì50,Pollo,‚Ç¨,"Calle Felipe Fraile 5,   Madrid",Moratalaz,40.3971,-3.66602
600,On Rush,14,4.8,2.4,45‚Äì55,Burritos,‚Ç¨,"Av. De La Albufera, 91,  Madrid",Moratalaz,40.3944,-3.66152
601,Pizz-a-porter,60,3.8,1.9,45‚Äì55,Pizza,‚Ç¨,"Calle De Berastegui 24,   Madrid",Moratalaz,40.43013,-3.64274
602,Perla del Pacifico,30,4.3,2.4,40‚Äì50,Mediterr√°nea,‚Ç¨,"Avenida De La Albufera, 40,   Madrid",Moratalaz,40.39682,-3.66662
603,El Sabroso Albufera,30,3.9,2.4,25‚Äì35,Comida r√°pida,‚Ç¨,"Calle Manuel Machado, 6,  Madrid",Moratalaz,40.38916,-3.66819
604,McDonald's,200,4.2,1.9,30‚Äì40,Hamburguesas,‚Ç¨,"Calle Del Pico De La Maliciosa 6,   Madrid",Moratalaz,40.45069,-3.67173
605,Bur Burger,50,4.4,1.9,40‚Äì50,Hamburguesas,‚Ç¨‚Ç¨‚Ç¨,"Calle Azulejo 2,   Madrid",Moratalaz,40.33274,-3.71905
606,Empanadas BAIRES,60,3.8,2.9,45‚Äì55,Empanada,‚Ç¨,"Calle Esteban Collantes, 31,   Madrid",Moratalaz,40.43166,-3.64089
607,Croqueteria Focos,60,3.8,2.9,35‚Äì45,Croquetas,‚Ç¨,"Calle De Gonzalo De Berceo 63,   Madrid",Moratalaz,40.42865,-3.6399
608,Asador Perla del Pacifico Ascao,39,4.6,2.4,40‚Äì50,Carne,‚Ç¨,"Av. De La Albufera, 20,  Madrid",Moratalaz,40.39744,-3.6679
609,Popeyes,187,4.1,1.99,20‚Äì40,Pollo,‚Ç¨,"Avenida De La Albufera 119,   Madrid",Moratalaz,40.39331,-3.65945
610,Kebab Rayo,117,3.8,1.9,35‚Äì45,Kebab,‚Ç¨,"Paseo Del Marqu√©s De Zafra 38,  Madrid",Moratalaz,40.42547,-3.66303
611,DIVE`S FOOD,60,3.8,2.4,45‚Äì55,Hamburguesas,‚Ç¨,"Calle De Juli√°n Camarillo 47,   Madrid",Moratalaz,40.43898,-3.61628
612,Pic & Nic,200,4.5,3.4,30‚Äì40,Mediterr√°nea,‚Ç¨,"Calle De Benjam√≠n Palencia, 32,   Madrid",Moratalaz,40.39471,-3.64814
613,Poke Ukelele,68,4.2,3.4,45‚Äì65,Poke,‚Ç¨‚Ç¨‚Ç¨,"Av. De Moratalaz, 137,  Madrid",Moratalaz,40.40666,-3.64674
614,Kebab moratalaz,60,3.8,1.4,30‚Äì40,Kebab,‚Ç¨,"Av. Del Mediterr√°neo, 30,  Madrid",Moratalaz,40.40675,-3.67267
615,Mahalo Poke,60,3.8,2.5,30‚Äì50,Poke,‚Ç¨,"Av. Del Marqu√©s De Corbera, 40,  Madrid",Moratalaz,40.42727,-3.65018
616,Bar el casta√±o,60,3.8,2.4,35‚Äì45,Mediterranea,‚Ç¨‚Ç¨,"Calle Del Camino De Los Vinateros, 22,  Madrid",Moratalaz,40.41043,-3.65788
617,Ankara Doner Kebab,38,4.3,1.9,30‚Äì40,Kebab,‚Ç¨,"Avenida Del Monte Igueldo 36,   Madrid",Moratalaz,40.39586,-3.66853
618,Istanbul Kebab Madrid,60,3.8,2.4,40‚Äì50,Kebab,‚Ç¨,"Calle De Benadalid 6,   Madrid",Moratalaz,40.38604,-3.63886
619,Star Kebab Pollo Asado,14,4.1,2.4,35‚Äì45,Pollo,‚Ç¨,"Av Del Monte Igueldo, 36,  Madrid",Moratalaz,40.39618,-3.66823
620,Kebab Vallecano,12,4.0,2.4,40‚Äì50,Kebab,‚Ç¨,"Calle De Ezequiel Solana, 52,  Madrid",Moratalaz,40.43037,-3.64518
622,Pizzamarket,30,4.8,2.4,40‚Äì50,Pizza,‚Ç¨,"Calle De Ricardo Ortiz, 20,  Madrid",Moratalaz,40.42857,-3.65826
623,Tennessee BBQ,77,4.8,2.4,40‚Äì50,Pizza,‚Ç¨,"Calle De Zabaleta 1,  Madrid",Moratalaz,40.44221,-3.67369
624,Napoli Gang by Bel Mondo,200,4.6,2.4,40‚Äì50,Pizza,‚Ç¨‚Ç¨,"Av. Del Mediterr√°neo, 21,  Madrid",Moratalaz,40.40675,-3.67267
625,Twin Pizza Mediterr√°neo,17,4.2,2.4,40‚Äì50,India,‚Ç¨‚Ç¨,"Calle Francisco Villaespesa, 6,  Madrid",Moratalaz,40.42906,-3.6488
626,Mother india,37,4.3,2.4,40‚Äì50,China,‚Ç¨,"Avenida Pablo Neruda 108,   Madrid",Moratalaz,40.38315,-3.64917
627,Panda Sushi,133,4.4,2.4,40‚Äì50,Saludable,‚Ç¨,"Calle Del Vizconde De Matamala 5,   Madrid",Moratalaz,40.42639,-3.66425
628,Cl√°sico Argentino üá¶üá∑ ,41,4.5,2.4,40‚Äì50,Empanada,‚Ç¨‚Ç¨,"Calle De Arias Montano, 42,  Madrid",Moratalaz,40.40985,-3.67173
629,Acqua in Bocca,36,4.3,2.4,40‚Äì50,Comida r√°pida,‚Ç¨,"Calle Buen Gobernador, 6,   Madrid",Moratalaz,40.43299,-3.65425
630,Happy Burger,90,4.3,2.4,40‚Äì50,Hamburguesas,‚Ç¨,"Calle Campo De La Paloma 32,   Madrid",Moratalaz,40.38336,-3.6475
631,Arepa Mix,38,3.9,2.4,40‚Äì50,Venezolana,‚Ç¨,"Calle Felipe Fraile 5,   Madrid",Moratalaz,40.3971,-3.66602
632,THE SCHNITZEL BOSS,60,3.8,2.4,40‚Äì50,Sudamericana,‚Ç¨,"Calle Del Pico De La Maliciosa 6,   Madrid",Moratalaz,40.45069,-3.67173
633,Frida Burritos,47,4.5,2.4,40‚Äì50,Burritos,‚Ç¨,"Calle De Gandhi 71,  Madrid",Moratalaz,40.4958,-3.6177
634,Veg&Bite,12,4.9,2.4,40‚Äì50,Postres,‚Ç¨,"Calle Felipe Fraile 5,   Madrid",Moratalaz,40.3971,-3.66602
635,Ceviches Marakaza,60,3.8,2.4,40‚Äì50,Peruana,‚Ç¨,"Calle Del Vizconde De Matamala 5,   Madrid",Moratalaz,40.42639,-3.66425
636,Sushi Not Sorry,60,3.8,2.4,40‚Äì50,Fusi√≥n asi√°tica,‚Ç¨,"Calle De Maiquez 50,   Madrid",Moratalaz,40.42273,-3.67283
637,Nagasaki Sushi Retiro,60,3.8,2.4,40‚Äì50,China,‚Ç¨,"Calle Del Puerto Canfranc, 42,  Madrid",Moratalaz,36.5939,-6.233
638,Comida Fusi√≥n,19,3.7,2.4,40‚Äì50,Fusi√≥n latina,‚Ç¨,"Avenida De Pe√±a Prieta 22,   Madrid",Moratalaz,40.40044,-3.66657
639,SUKAO FOOD FUSION,60,3.8,2.5,40‚Äì60,Japonesa,‚Ç¨,"Zabaleta 1,   Madrid",Moratalaz,40.44065,-3.67537
640,Nola Smoke,199,4.2,2.5,40‚Äì60,Comida r√°pida,‚Ç¨,"Calle De La Cruz Del Sur 5,   Madrid",Moratalaz,40.41625,-3.70064
641,BURRITOS & TACOS,86,3.5,2.5,40‚Äì60,Burritos,‚Ç¨,"Avenida Pe√±a Prieta 50,   Madrid",Moratalaz,40.40139,-3.6655
642,Asador Delicasa,14,4.0,2.5,40‚Äì60,Carne,‚Ç¨,"Fuente Carrantona 24,  Madrid",Moratalaz,40.40526,-3.63349
643,TGB,174,3.9,2.5,40‚Äì60,Hamburguesas,‚Ç¨,"Avenida Uni√≥n Europea 5,   Madrid",Moratalaz,40.40001,-3.75089
644,√Ågora Torrej√≥n,60,3.8,2.5,40‚Äì60,Fried Foods,‚Ç¨,"Avenida De Buenos Aires 63,   Madrid",Moratalaz,40.38641,-3.65337
645,Kebab Turca,60,3.8,2.5,40‚Äì60,Kebab,‚Ç¨,"Av. De La Albufera, 226,  Madrid",Moratalaz,40.39097,-3.64937
646,Ateshgah Albufera,60,3.8,2.5,40‚Äì60,Fritura,‚Ç¨,"Avenida Pablo Neruda, 96 ,  Madrid",Moratalaz,40.38315,-3.64917
647,Superbestia,60,3.8,2.5,40‚Äì60,Pizza,‚Ç¨,"Calle De Embajadores, 12 ,   Madrid",Moratalaz,40.40069,-3.69925
648,TUTTO PASTA!,26,2.8,2.5,40‚Äì60,Pizza,‚Ç¨,"Alcalde Luis De Marichala 3,  Madrid",Ciudad Lineal,40.4361,-3.6722
649,Papa John's,127,4.1,1.4,35‚Äì45,Pizza,‚Ç¨,"Calle Azulejo 2,   Madrid",Ciudad Lineal,40.33274,-3.71905
650,Pizzer√≠a Argentina El Tr√©bol,60,3.8,2.9,45‚Äì55,Pizza,‚Ç¨‚Ç¨,"Calle De La Alianza 33,   Madrid",Ciudad Lineal,40.35775,-3.68689
651,Chinawokexpress,200,4.2,4.25,30‚Äì50,China,‚Ç¨‚Ç¨,"Calle Lopez de Hoyos 15,  Madrid",Ciudad Lineal,40.44861,-3.66712
652,El Burrito Borracho,60,2.7,2.9,40‚Äì50,Burritos,‚Ç¨,"Calle Azulejo 2,   Madrid",Ciudad Lineal,40.33274,-3.71905
653,Pizzer√≠a Argentina El Tr√©bol,60,2.7,1.9,40‚Äì50,Pizza,‚Ç¨,"Calle De Berastegui 24,   Madrid",Ciudad Lineal,40.43013,-3.64274
654,Perla del Pacifico,30,4.3,1.4,35‚Äì45,Mediterr√°nea,‚Ç¨‚Ç¨‚Ç¨,"Calle De La Alianza 33,   Madrid",Ciudad Lineal,40.35775,-3.68689
655,Chinawokexpress,200,4.2,4.25,30‚Äì50,China,‚Ç¨,"Plaza Bami, 26,  Madrid",Ciudad Lineal,40.45866,-3.64638
656,El Burrito Borracho,60,2.7,1.4,30‚Äì40,Burritos,‚Ç¨,"Calle De Jos√© Ortega Y Gasset 94,  Madrid",Ciudad Lineal,40.42986,-3.67176
657,Empanadas Malv√≥n,48,4.9,1.9,25‚Äì35,Empanada,‚Ç¨‚Ç¨‚Ç¨,"Calle Azulejo 2,   Madrid",Ciudad Lineal,40.33274,-3.71905
658,Empanadas BAIRES,60,2.7,1.9,40‚Äì50,Empanada,‚Ç¨,"L√≥pez De Hoyos , 153,  Madrid",Ciudad Lineal,40.44872,-3.66864
659,Popeyes,200,4.4,1.9,35‚Äì45,Pollo,‚Ç¨,"Alcala 191,  Madrid",Ciudad Lineal,40.42768,-3.66996
660,Pastamore,98,4.6,2.4,30‚Äì40,Italiana,‚Ç¨,"Calle Esteban Collantes, 31,   Madrid",Ciudad Lineal,40.43166,-3.64089
661,Croqueteria Focos,60,2.7,1.4,25‚Äì35,Croquetas,‚Ç¨,"Calle Del Pr√≠ncipe De Vergara, 210,  Madrid",Ciudad Lineal,40.42562,-3.67992
662,Home Burger Bar,198,4.1,2.4,35‚Äì45,Hamburguesas,‚Ç¨,"Calle De La Virgen De La Fuencisla, 19,   Madrid",Ciudad Lineal,40.39654,-3.66673
663,HyH Kebab Fried Chicken,23,3.6,1.0,40‚Äì60,Pollo,‚Ç¨,"Calle Mateo Garc√≠a, 13,  Madrid",Ciudad Lineal,40.4316,-3.65271
664,Pollos Gourmet,22,2.7,1.4,25‚Äì35,Pollo,‚Ç¨‚Ç¨,"Calle De Azcona 36,   Madrid",Ciudad Lineal,40.38927,-3.7415
665,Arepish,186,4.6,1.9,30‚Äì40,Venezolana,‚Ç¨,"Calle De Cronos, 6,  Madrid",Ciudad Lineal,40.43833,-3.61963
666,Ichibanya,40,4.0,1.9,40‚Äì60,Comida r√°pida,‚Ç¨,"Calle De Gonzalo De Berceo 63,   Madrid",Ciudad Lineal,40.42865,-3.6399
667,Asador Perla del Pacifico Ascao,39,4.6,1.9,30‚Äì40,Carne,‚Ç¨,"Calle De Juli√°n Camarillo 47,   Madrid",Ciudad Lineal,40.43898,-3.61628
668,Pic & Nic,200,4.5,2.4,25‚Äì35,Mediterr√°nea,‚Ç¨,"Paseo Del Marqu√©s De Zafra 38,  Madrid",Ciudad Lineal,40.42547,-3.66303
669,DIVE`S FOOD,22,2.7,1.9,40‚Äì50,Hamburguesas,‚Ç¨,"Calle De Las Naciones 5,   Madrid",Ciudad Lineal,40.42685,-3.6736
670,PaellaGood,22,2.7,2.4,45‚Äì55,Mediterr√°nea,‚Ç¨‚Ç¨,"Calle De Alcal√°, 339,  Madrid",Ciudad Lineal,40.44291,-3.61886
671,Pa Picar,22,2.7,0.9,20‚Äì30,Mediterr√°nea,‚Ç¨,"Calle Del Gral. Pardi√±as, 32,  Madrid",Ciudad Lineal,40.42651,-3.67813
672,Rude Burger,36,4.8,2.9,40‚Äì50,Hamburguesas,‚Ç¨‚Ç¨,"Calle Lopez de Hoyos 15,  Madrid",Ciudad Lineal,40.44861,-3.66712
673,100 % Sano,22,2.7,2.9,35‚Äì45,Saludable,‚Ç¨,"Calle De San Romualdo, 22,  Madrid",Ciudad Lineal,40.43824,-3.62185
674,McDonald's,200,4.2,2.4,20‚Äì30,Hamburguesas,‚Ç¨,"Calle Del Marqu√©s De Mond√©jar, 4,   Madrid",Ciudad Lineal,40.42681,-3.66684
675,Thai Zafra,38,4.6,1.9,25‚Äì35,Opciones para alergias,‚Ç¨,"Calle De Mar√≠a De Molina, 44,  Madrid",Ciudad Lineal,40.43794,-3.68459
676,Flame,22,2.7,2.4,45‚Äì55,Hamburguesas,‚Ç¨‚Ç¨,"Calle Conde De Penalver 35,   Madrid",Ciudad Lineal,40.42846,-3.67524
677,Cor & Cor,35,4.3,2.4,50‚Äì60,Postres,‚Ç¨,"Calle De Maldonado, 51,  Madrid",Ciudad Lineal,40.43378,-3.6789
678,Tiendas 7x24,140,4.8,2.4,30‚Äì40,Fusi√≥n asi√°tica,‚Ç¨,"Calle De M√©jico 20,   Madrid",Ciudad Lineal,40.43736,-3.67305
679,Restaurante Chino Diamante,100,4.0,1.9,35‚Äì45,China,‚Ç¨,"Calle De Emilio Gastesi Fern√°ndez 12,  Madrid",Ciudad Lineal,40.43697,-3.64814
680,Tienduki,22,2.7,2.99,5‚Äì25 ,Comida r√°pida,‚Ç¨,"Calle Del Dr. Esquerdo, 10,  Madrid",Ciudad Lineal,40.42661,-3.66826
681,Empanadas Pampas,22,2.7,2.4,35‚Äì45,Empanada,‚Ç¨,"Calle Ferreter√≠a, 3,  Madrid",Ciudad Lineal,40.4273,-3.62271
682,Make doner,15,3.9,2.4,50‚Äì60,S√°ndwiches,‚Ç¨,"Calle Zabaleta 1,   Madrid",Ciudad Lineal,40.44065,-3.67537
683,CHUCK CHUCK CHICKEN,22,2.7,2.4,40‚Äì50,Pollo,‚Ç¨,"Calle De Mota Del Cuervo, 76,  Madrid",Ciudad Lineal,40.46491,-3.62973
685,Tim Hortons,36,4.9,1.4,25‚Äì35,Comida reconfortante,‚Ç¨,"Calle De Arturo Soria, 189,  Madrid",Ciudad Lineal,40.45843,-3.65932
686,Pasteleria Saul,27,4.2,2.4,25‚Äì35,Postres,‚Ç¨‚Ç¨,"Plaza Sagrado Coraz√≥n De Jes√∫s, 2,  Madrid",Ciudad Lineal,40.41349,-3.69582
687,Foster's Hollywood,65,4.2,2.4,40‚Äì50,Americana,‚Ç¨,"Calle De Silvano, 77,  Madrid",Ciudad Lineal,40.4629,-3.6357
688,Kebab Bosforos,80,4.5,2.9,40‚Äì50,Kebab,‚Ç¨,"Av. Del Marqu√©s De Corbera, 40,  Madrid",Ciudad Lineal,40.42727,-3.65018
689,Bar el casta√±o,22,2.7,1.9,30‚Äì40,Mediterranea,‚Ç¨,"Calle De Hermosilla, 91,  Madrid",Ciudad Lineal,40.42607,-3.67616
690,Esmirna Doner Kebap,48,4.7,2.4,35‚Äì45,Kebab,‚Ç¨,"Calle Zabaleta 1,   Madrid",Ciudad Lineal,40.44065,-3.67537
692,Frambons,22,2.7,2.4,35‚Äì45,Empanada,‚Ç¨,"Av. Del Mediterr√°neo, 30,  Madrid",Ciudad Lineal,40.40675,-3.67267
694,Doner kebap efes,23,4.7,2.4,25‚Äì35,Kebab,‚Ç¨,"Calle De L√≥pez De Hoyos, 139,  Madrid",Ciudad Lineal,40.44849,-3.66731
695,Doner kebap efes,30,4.6,1.9,30‚Äì40,Kebab,‚Ç¨,"Calle De Alcal√° 205,  Madrid",Ciudad Lineal,40.44291,-3.61886
698,Sumo Grill,26,4.5,2.9,60‚Äì70,Opciones para alergias,‚Ç¨,"Calle De Ezequiel Solana, 52,  Madrid",Ciudad Lineal,40.43037,-3.64518
699,Da Yuan,200,4.4,2.9,60‚Äì70,Pasta,‚Ç¨,"Calle Del Conde De Pe√±alver, 66,  Madrid",Ciudad Lineal,40.43141,-3.67496
