,Restaurante,Valoraci√≥n,Nota,Delivery_Fee,ETA,Tag,Precio,Direcci√≥n,Barrio
0,Badsha India Restaurant,200,4.4,1.00,15‚Äì35,India,‚Ç¨,"Calle De Embajadores,  28045",Centro
1,TUTTO PASTA!,26,2.8,2.50,40‚Äì60,Family Meals,‚Ç¨,"Calle De N√∫√±ez De Arce, 11, 28012",Centro
2,Pizza Central,31,3.8,2.99,35‚Äì55,Pizza,‚Ç¨,"Plaza Del Emperador Carlos V, 10, 28012",Centro
3,Scarlett Real Food,28,3.1,1.90,40‚Äì50,Postres,‚Ç¨,"C/ Preciados 36,  28013",Centro
4,La Tagliatella,15,3.9,0.90,25‚Äì35,Pizza,‚Ç¨,"Calle De Toledo 27,  28012",Centro
5,Fritz Foods,41,4.5,0.40,30‚Äì40,Pizza,‚Ç¨,"Calle De Luchana 17,  28010",Centro
6,Pizzart Luchana,28,3.1,1.90,50‚Äì60,Pizza,‚Ç¨,"Paseo De La Virgen Del Puerto, 45, 28005",Centro
7,Kahuna,25,4.6,1.40,45‚Äì55,Burritos,‚Ç¨,"Calle De La Aduana 25,  28013",Centro
8,Wacamole,50,3.9,0.90,40‚Äì50,De Latinoam√©rica,‚Ç¨,"Calle De Arriaza, 6, 28008",Centro
9,El Imperio de la Empanada,28,3.1,0.90,45‚Äì55,Empanada,‚Ç¨,"Calle De San Andr√©s, 26, 28004 ",Centro
10,Roost Chicken,28,3.1,1.40,45‚Äì55,Pollo,‚Ç¨,"Calle Mayor, 38, 28013",Centro
11,Popeyes,200,4.3,0.40,30‚Äì40,Pollo,‚Ç¨,"Paseo Del Doctor Vallejo N√°gera, 25 ,  28005",Centro
12,Papa John's,200,4.3,1.90,30‚Äì40,Pizza,‚Ç¨,"Calle De C√°ceres 1, 28045",Centro
13,Comida china yonghe,50,4.3,2.40,40‚Äì50,China,‚Ç¨,"Calle Preciados, 29 , 28013",Centro
14,Taco Bell,145,4.3,0.90,30‚Äì40,Hamburguesas,‚Ç¨,"P.¬∫ De La Florida, 2,  28008 ",Centro
15,KFC - Principe Pio,28,3.1,1.40,50‚Äì60,Pollo,‚Ç¨,"Traves√≠a De La Parada 6, 28015",Centro
16,EL LAT√ìN GRIS,66,3.7,0.90,45‚Äì55,Pollo,‚Ç¨‚Ç¨,"Calle De Mira El Sol, 1, 28005 ",Centro
17,TAMCOC,28,3.1,1.40,40‚Äì50,Italiana,‚Ç¨‚Ç¨‚Ç¨,"Calle De La Alianza 33,  28041",Centro
18,Chinawokexpress,200,4.2,4.25,30‚Äì50,China,‚Ç¨,"Calle Dos Hermanas, 22, 28012 ",Centro
19,La Alegr√≠a de la Huerta,28,3.1,0.90,25‚Äì35,Vegetariano,‚Ç¨,"Calle De N√∫√±ez De Arce 11, 28012",Centro
20,Empanadas BAIRES,28,3.1,2.99,35‚Äì55,Empanada,‚Ç¨,"Atocha, 64, 28012",Centro
21,Domino's,89,4.4,1.00,15‚Äì25 ,Pizza,‚Ç¨‚Ç¨,"Calle De Los Donados 2,  28013",Centro
22,Cor & Cor,28,3.1,0.40,30‚Äì40,Postres,‚Ç¨,"Calle De Carranza 3,  28004",Centro
23,Tiendas 7x24,70,4.6,1.90,50‚Äì60,Tienda,‚Ç¨,"Calle De Tudescos, 4, 28004",Centro
24,Super naan,28,3.1,0.90,50‚Äì60,India,‚Ç¨,"Calle Azabache, 6,  28019",Centro
25,Super Dog,25,3.7,0.90,30‚Äì50,Hamburguesas,‚Ç¨,"Calle Gran V√≠a, 16,  28004",Centro
26,Steak Burger,168,4.2,1.40,45‚Äì55,Americana,‚Ç¨,"Calle De La Cruz, 20,  28012",Centro
27,Galipan,23,4.2,0.90,45‚Äì55,Halal,‚Ç¨,"Calle Del Dr Cortezo, 7,  28012",Centro
28,El Turkito,200,4.1,0.90,30‚Äì40,Asiatica,‚Ç¨,"Paseo De Santa Mar√≠a De La Cabeza 14,  28012",Centro
29,Arepish,186,4.4,1.90,35‚Äì45,Venezolana,‚Ç¨,"Hilarion Eslava 42,  28015",Centro
30,CONVEXO,69,4.6,2.40,40‚Äì50,Pollo,‚Ç¨,"Calle Del Mes√≥n De Paredes 52,  28012",Centro
31,Mandela 100,28,3.1,0.90,40‚Äì50,India,‚Ç¨,"Calle Del Esp√≠ritu Santo 16,  28004",Centro
32,MY Pasta Room,59,4.6,1.40,40‚Äì50,Italiana,‚Ç¨,"Calle C√°ceres, 34, 28045",Centro
33,Ristorante Pizzer√≠a Dante,61,4.1,2.40,45‚Äì55,Pizza,‚Ç¨,"Calle Gran V√≠a 74,  28015",Centro
34,Trek Taco,28,3.1,0.90,40‚Äì50,Empanada,‚Ç¨,"Calle De San Bernardino, 20,  28015",Centro
35,MILA TOWN,28,3.1,1.40,35‚Äì45,Americana,‚Ç¨,"Plaza Del Comandante Las Morenas 3,  28013",Centro
36,Pollo Criollo,28,3.1,0.40,45‚Äì55,Pollo,‚Ç¨,"Paseo De Los Jesuitas 18,  28011",Centro
37,Gourmet Madrid,24,3.3,2.40,60‚Äì70,Pizza,‚Ç¨,"Calle De Luchana 13, 28010",Centro
38,Freedom Pizza,53,4.5,1.90,45‚Äì55,Pizza,‚Ç¨,"Calle De Mira El Sol 23b,  28005",Centro
39,La Cochinita Loca,19,4.3,1.40,40‚Äì50,Colombiana,‚Ç¨,"Calle De Lavapi√©s 34, 28012",Centro
40,Sonali Indian Restaurante,58,4.1,1.40,25‚Äì35,India,‚Ç¨,"Calle De Ayala 28,  28001",Centro
41,SANABRIA,28,3.1,2.40,55‚Äì65,Tapas y raciones,‚Ç¨,"Plaza De La Cebada, 10,  28005",Centro
42,Taberna La Buha,24,4.2,0.90,45‚Äì55,Tapas,‚Ç¨,"Calle De Galer√≠a De Vallehermoso 4, 28003",Centro
43,Real Fried Chicken,15,4.3,2.40,50‚Äì60,Alitas de pollo,‚Ç¨,"Calle De Moncada 122, 28021",Centro
44,Pollos a la brasa el Corral,31,4.6,3.00,30‚Äì50,Pollo,‚Ç¨,"Calle Mayor, 42,  28013",Centro
45,Las Muns,28,3.1,0.40,35‚Äì45,Panader√≠a,‚Ç¨,"Calle Mayor, 31,  28012",Centro
46,Chocolateria Tacita de Plata,13,4.1,0.40,35‚Äì45,Postres,‚Ç¨,"Calle Gran V√≠a, 22,  28004",Centro
47,TGB,89,3.9,1.40,50‚Äì60,Hamburguesas,‚Ç¨‚Ç¨‚Ç¨,"Calle Vergara 3,  28013",Centro
48,Mr. Pizza Madrid,28,3.1,0.90,35‚Äì45,Italiana,‚Ç¨,"Calle De Toledo, 63,  28005",Centro
49,McDonald's,200,4.3,0.90,25‚Äì35,Hamburguesas,‚Ç¨,"Calle Libertad, 9, 28004",Centro
50,Puccias Chueca,28,3.1,1.40,30‚Äì40,Americana,‚Ç¨,"Paseo De Santa Mar√≠a De La Cabeza, 86,  28045",Centro
51,Beiben,14,4.2,1.90,30‚Äì40,Tapas,‚Ç¨,"Calle Andr√©s Mellado 43, 28015",Centro
52,La Bruja del Vesuvio,28,3.1,1.90,40‚Äì50,Comida r√°pida,‚Ç¨,"Calle De Cea Berm√∫dez 49,  28015",Centro
53,Cerveceria Ria√±o,28,3.1,2.90,45‚Äì55,Cerveza,‚Ç¨,"Calle De Jos√© Calvo 6,  28039",Centro
54,Badsha India Restaurant,200,4.4,1.00,15‚Äì35,India,‚Ç¨,"Calle De Embajadores,  28012",Arganzuela
55,TUTTO PASTA!,26,2.8,2.50,40‚Äì60,Especialidades,‚Ç¨,"Calle De C√°ceres 1,  28045",Arganzuela
56,Pizza Central,31,3.8,2.99,35‚Äì55,Pizza,‚Ç¨,"Calle C√°ceres, 34, 28045",Arganzuela
57,Ristorante Pizzer√≠a Dante,61,4.1,2.40,40‚Äì60,Pizza,‚Ç¨,"Paseo Del Doctor Vallejo N√°gera, 25 , 28005",Arganzuela
58,Papa John's,200,4.3,0.90,20‚Äì30,Pizza,‚Ç¨,"Paseo Delicias, 65,  28045",Arganzuela
59,Domino's,33,4.3,1.00,15‚Äì35,Pizza,‚Ç¨,"Calle De Toledo 27,  28012",Arganzuela
60,Fritz Foods,41,4.5,1.90,45‚Äì55,Pizza,‚Ç¨,"Paseo De La Virgen Del Puerto, 45, 28005",Arganzuela
61,Kahuna,25,4.6,2.40,50‚Äì60,Burritos,‚Ç¨,"Plaza Emperador Carlos V 11 ,  28012",Arganzuela
62,Taco Bell,200,4.2,1.40,20‚Äì30,Hamburguesas,‚Ç¨,"Av. Del Manzanares, 210, 28026",Arganzuela
63,Hamburguesa Nostra,139,4.3,0.90,35‚Äì45,Postres,‚Ç¨,"C/ Preciados 36,  28013",Arganzuela
64,La Tagliatella,15,3.9,2.40,25‚Äì35,Pizza,‚Ç¨,"Paseo De Santa Mar√≠a De La Cabeza 14,  28012",Arganzuela
65,Arepish,186,4.4,1.40,25‚Äì35,Venezolana,‚Ç¨,"Paseo De Las Acacias, 22, 28005",Arganzuela
66,McDonald's,200,4.4,1.40,15‚Äì25,Hamburguesas,‚Ç¨,"Calle Monederos 12,  28026",Arganzuela
67,Precio Calidad y sabor,17,4.4,2.00,40‚Äì60,Bar Food,‚Ç¨‚Ç¨,"Calle De Mira El Sol, 1, 28005 ",Arganzuela
68,TAMCOC,28,3.1,1.40,45‚Äì55,Italiana,‚Ç¨‚Ç¨‚Ç¨,"Calle De La Alianza 33,  28041",Arganzuela
69,Chinawokexpress,200,4.2,4.25,30‚Äì50,China,‚Ç¨‚Ç¨‚Ç¨,"Calle Azabache, 6,  28019",Arganzuela
70,Super Dog,25,3.7,1.40,30‚Äì50,Hamburguesas,‚Ç¨,"Calle Del Gral. Ricardos, 92,  28019",Arganzuela
71,Autoservicio,77,4.8,2.40,30‚Äì40,Tienda,‚Ç¨,"Avenida De Rafaela Ybarra 37,  28026",Arganzuela
72,Perla del Pacifico,66,4.1,2.40,40‚Äì50,Mediterr√°nea,‚Ç¨,"Avenida De Oporto 14,  28019",Arganzuela
73,TROPICALISSIMA,84,4.4,2.40,35‚Äì45,Americana,‚Ç¨,"Paseo De Santa Mar√≠a De La Cabeza, 86,  28045",Arganzuela
74,Beiben,14,4.2,0.40,25‚Äì35,Tapas,‚Ç¨,"Calle Del Pico De La Maliciosa 6,  28038",Arganzuela
75,Streat Lab,50,4.6,2.90,50‚Äì60,Pollo,‚Ç¨,"Calle Mayor, 38, 28013",Arganzuela
76,Popeyes,200,4.3,2.40,55‚Äì65,Pollo,‚Ç¨,"Calle Felipe Fraile 5,  28038",Arganzuela
77,On Rush,14,4.8,2.40,50‚Äì60,Burritos,‚Ç¨,"Avenida De La Albufera, 40,  28038",Arganzuela
78,El Sabroso Albufera,30,3.9,2.90,30‚Äì40,Comida r√°pida,‚Ç¨,"Calle N√∫√±ez De Arce, 11, 28012 ",Arganzuela
79,Pizzer√≠a Argentina El Tr√©bol,24,4.3,2.99,35‚Äì55,Pizza,‚Ç¨,"Calle Dos Hermanas, 22, 28012 ",Arganzuela
80,La Alegr√≠a de la Huerta,28,3.1,1.90,30‚Äì40,Vegetariano,‚Ç¨,"Traves√≠a De La Parada 6,  28015",Arganzuela
81,EL LAT√ìN GRIS,66,3.7,2.40,70‚Äì80,Pollo,‚Ç¨,"Calle Del Mes√≥n De Paredes 52, 28012",Arganzuela
82,Mandela 100,28,3.1,1.40,40‚Äì50,India,‚Ç¨,"Calle De Mira El Sol 23b,  28005",Arganzuela
83,La Cochinita Loca,19,4.3,1.40,40‚Äì50,Colombiana,‚Ç¨,"C/ Ejos 15, 28026",Arganzuela
84,Pollo Rico Al carb√≥n,68,4.5,1.90,40‚Äì50,Pollo,‚Ç¨,"Calle De Moncada 122,  28021",Arganzuela
85,Pollos a la brasa el Corral,31,4.6,3.00,30‚Äì50,Pollo,‚Ç¨,"Calle De La Antracita 12,  28045",Arganzuela
86,Empanadas Malv√≥n,31,5.0,1.40,25‚Äì35,Empanada,‚Ç¨,"Calle Del Dr Cortezo, 7,  28012",Arganzuela
87,El Turkito,200,4.1,1.90,40‚Äì50,Asiatica,‚Ç¨,"Calle De La Cruz, 20,  28012",Arganzuela
88,Galipan,23,4.2,1.90,55‚Äì65,Halal,‚Ç¨,"Calle Gran V√≠a, 16,  28004",Arganzuela
89,Steak Burger,168,4.2,2.40,55‚Äì65,Americana,‚Ç¨,"Calle De Antonio L√≥pez 109,  28026",Arganzuela
90,Pollo Criollo,28,3.1,1.40,45‚Äì55,Pollo,‚Ç¨,"Calle De N√∫√±ez De Arce 11,  28012",Arganzuela
91,Empanadas BAIRES,28,3.1,2.99,35‚Äì55,Empanada,‚Ç¨,"Calle De Tudescos, 4,  28004",Arganzuela
92,Super naan,30,3.1,2.40,65‚Äì75,India,‚Ç¨,"Calle De Lavapi√©s 34,  28012",Arganzuela
93,Sonali Indian Restaurante,58,4.1,1.40,30‚Äì40,India,‚Ç¨‚Ç¨‚Ç¨,"Calle De Los Donados 2,  28013",Arganzuela
94,Cor & Cor,30,3.1,2.40,55‚Äì65,Postres,‚Ç¨,"Calle Libertad, 9, 28004",Arganzuela
95,Puccias Chueca,30,3.1,2.40,40‚Äì50,Americana,‚Ç¨,"Ronda De Valencia, 14,  28012",Arganzuela
96,Aloha Poke,200,4.5,1.40,20‚Äì30,Poke,‚Ç¨,"Calle De Atocha 98,  28014",Arganzuela
97,Capasso Pizza,30,3.1,1.40,35‚Äì45,Pizza,‚Ç¨,"Calle De Lavapi√©s, 34,  28012",Arganzuela
98,Shapla Indian,31,4.3,1.40,35‚Äì45,Pizza,‚Ç¨,"Calle Arechavaleta 6,  28041",Arganzuela
99,Pura Italia,109,3.2,1.90,35‚Äì55,Italiana,‚Ç¨,"Plaza Del Comandante Las Morenas 3,  28013",Arganzuela
100,Pollo Criollo,30,3.1,1.90,60‚Äì70,Pollo,‚Ç¨,"Plaza De La Cebada, 10,  28005",Arganzuela
101,Taberna La Buha,24,4.2,1.90,55‚Äì65,Tapas,‚Ç¨,"Calle Ariel,15,  28045",Arganzuela
102,El Buen Gusto,17,4.5,1.90,45‚Äì55,Bar Food,‚Ç¨,"Calle De Palos De La Frontera 38, 28045",Arganzuela
103,La Pizza √© Bella,12,4.5,1.40,25‚Äì35,Pizza,‚Ç¨,"Calle Mayor, 42,  28013",Arganzuela
104,Las Muns,30,3.1,2.40,50‚Äì60,Panader√≠a,‚Ç¨,"Calle De Atocha, 117,  28012",Arganzuela
105,Halal Steak House Grill,30,3.1,1.40,30‚Äì40,Carne,‚Ç¨,"Calle De Silva, 25,  28004",Arganzuela
106,Home Burger Bar,200,4.3,2.40,60‚Äì70,Hamburguesas,‚Ç¨,"Plaza De Puerta Cerrada 6,  28005",Arganzuela
107,LaRegustosa,26,4.2,1.90,60‚Äì70,Empanada,‚Ç¨,"Calle De Embajadores, 12, 28012",Arganzuela
108,TUTTO PASTA!,26,2.8,2.50,40‚Äì60,Platos a base de harina,‚Ç¨,"Plaza Del Emperador Carlos V, 10, 28012",Retiro
109,Scarlett Real Food,30,3.1,1.40,35‚Äì45,Postres,‚Ç¨,"Calle De C√°ceres 1,  28045",Retiro
110,Comida china yonghe,50,4.3,0.90,25‚Äì35,China,‚Ç¨,"Calle C√°ceres, 34, 28045",Retiro
111,Ristorante Pizzer√≠a Dante,61,4.1,2.40,40‚Äì60,Pizza,‚Ç¨,"Paseo Del Doctor Vallejo N√°gera, 25 ,  28005",Retiro
112,Papa John's,200,4.3,0.90,20‚Äì30,Pizza,‚Ç¨,"Paseo Delicias, 65,  28045",Retiro
113,Domino's,33,4.3,1.00,15‚Äì35,Pizza,‚Ç¨,"Calle Azulejo 2,  28028",Retiro
114,Pizzer√≠a Argentina El Tr√©bol,30,3.1,1.90,40‚Äì50,Pizza,‚Ç¨,"Calle De C√°ceres 1,  28045",Retiro
115,Comida china yonghe,50,4.3,1.90,40‚Äì50,China,‚Ç¨‚Ç¨‚Ç¨,"Calle De La Alianza 33,  28041",Retiro
116,Chinawokexpress,200,4.2,4.25,30‚Äì50,China,‚Ç¨,"Calle Del Pico De La Maliciosa 6,  28038",Retiro
117,Streat Lab,50,4.6,1.90,40‚Äì50,Pollo,‚Ç¨‚Ç¨‚Ç¨,"Calle Azabache, 6,  28019",Retiro
118,Super Dog,25,3.7,4.25,30‚Äì50,Hamburguesas,‚Ç¨,"Calle Felipe Fraile 5,  28038",Retiro
119,On Rush,14,4.8,1.40,40‚Äì50,Burritos,‚Ç¨,"Avenida De La Albufera, 40, 28038",Retiro
120,El Sabroso Albufera,30,3.9,1.90,20‚Äì30,Comida r√°pida,‚Ç¨,"Paseo De Santa Mar√≠a De La Cabeza 14, 28012",Retiro
121,Arepish,186,4.4,1.90,35‚Äì45,Venezolana,‚Ç¨,"Av. De La Albufera, 91,  28053",Retiro
122,Pizz-a-porter,30,3.1,1.90,40‚Äì50,Pizza,‚Ç¨‚Ç¨,"Calle De Mira El Sol, 1, 28005 ",Retiro
123,TAMCOC,30,3.1,2.40,55‚Äì65,Italiana,‚Ç¨,"Calle Alcala 191, 28006",Retiro
124,Pastamore,98,4.6,1.90,30‚Äì40,Italiana,‚Ç¨,"Calle C√°ceres, 34, 28045",Retiro
125,Ristorante Pizzer√≠a Dante,61,4.1,2.40,45‚Äì55,Pizza,‚Ç¨,"Calle Azulejo 2,  28028",Retiro
126,Empanadas BAIRES,30,3.1,1.90,45‚Äì55,Empanada,‚Ç¨,"Calle De Ayala 28,  28001",Retiro
127,SANABRIA,30,3.1,2.40,50‚Äì60,Tapas y raciones,‚Ç¨,"Calle Dos Hermanas, 22, 28012 , Espa√±a,   28012",Retiro
128,La Alegr√≠a de la Huerta,30,3.1,2.90,40‚Äì50,Vegetariano,‚Ç¨,"Calle De Moncada 122,  28021",Retiro
129,Pollos a la brasa el Corral,31,4.6,3.00,30‚Äì50,Pollo,‚Ç¨,"Calle De Narv√°ez, 60, 28009",Retiro
130,Empanadas Malv√≥n,35,4.8,1.40,25‚Äì35,Empanada,‚Ç¨,"Calle Gran V√≠a, 16, 28004",Retiro
131,Steak Burger,168,4.2,2.40,55‚Äì65,Americana,‚Ç¨,"Calle Del Pico De La Maliciosa 6,  28038",Retiro
132,Bur Burger,50,4.4,2.40,40‚Äì50,Hamburguesas,‚Ç¨,"Calle De N√∫√±ez De Arce 11,  28012",Retiro
133,Empanadas BAIRES,30,3.1,2.99,35‚Äì55,Empanada,‚Ç¨,"Calle De La Cruz, 20,  28012",Retiro
134,Galipan,23,4.2,2.40,60‚Äì70,Halal,‚Ç¨,"Calle Del Dr Cortezo, 7,  28012",Retiro
135,El Turkito,200,4.1,2.40,50‚Äì60,Asiatica,‚Ç¨,"Paseo De Santa Mar√≠a De La Cabeza, 86, 28045",Retiro
136,Beiben,14,4.2,2.40,35‚Äì45,Tapas,‚Ç¨,"Calle Del Mes√≥n De Paredes 52,  28012",Retiro
137,Mandela 100,30,3.1,2.40,50‚Äì60,India,‚Ç¨,"Calle De Lavapi√©s 34, 28012",Retiro
138,Sonali Indian Restaurante,58,4.1,2.40,40‚Äì50,India,‚Ç¨,"Av. De La Albufera, 20,  28053",Retiro
139,Popeyes,187,4.1,1.99,20‚Äì40,Pollo,‚Ç¨,"Calle De Mira El Sol 23b, 28005",Retiro
140,La Cochinita Loca,19,4.3,2.40,45‚Äì55,Colombiana,‚Ç¨,"Calle De Las Naciones 5,  28006",Retiro
141,PaellaGood,30,3.1,1.90,45‚Äì55,Mediterr√°nea,‚Ç¨,"Paseo Del Marqu√©s De Zafra 38, 28028",Retiro
142,DIVE`S FOOD,30,3.1,1.90,40‚Äì50,Hamburguesas,‚Ç¨‚Ç¨,"Calle Lopez de Hoyos 15, 28006",Retiro
143,100 % Sano,30,3.1,1.90,35‚Äì45,Saludable,‚Ç¨,"Calle Libertad, 9, 28004",Retiro
144,Puccias Chueca,30,3.1,2.40,40‚Äì50,Americana,‚Ç¨,"Calle Del Gral. Pardi√±as, 32, 28001",Retiro
145,Rude Burger,36,4.8,1.90,35‚Äì45,Hamburguesas,‚Ç¨‚Ç¨,"Calle Conde De Penalver 35,  28006",Retiro
146,Cor & Cor,35,4.3,1.90,45‚Äì55,Postres,‚Ç¨,"Av. De La Albufera, 1, 28038",Retiro
147,McDonald's,200,4.4,1.40,20‚Äì30,Hamburguesas,‚Ç¨,"Calle Del Marqu√©s De Mond√©jar, 4,  28028",Retiro
148,Thai Zafra,38,4.6,1.90,30‚Äì40,Pasta,‚Ç¨,"Calle Ariel,15,  28045",Retiro
149,El Buen Gusto,17,4.5,1.90,45‚Äì55,Bar Food,‚Ç¨,"Avenida De La Albufera 119,  28038",Retiro
150,Kebab Rayo,117,3.8,2.40,35‚Äì45,Kebab,‚Ç¨,"Calle De Atocha 98,  28014",Retiro
151,Capasso Pizza,30,3.1,1.90,35‚Äì45,Pizza,‚Ç¨,"Calle De Lavapi√©s, 34, 28012",Retiro
152,Shapla Indian,31,4.3,2.40,40‚Äì50,Comida reconfortante,‚Ç¨,"Calle De Silva, 25, 28004",Retiro
153,Home Burger Bar,200,4.3,2.90,60‚Äì70,Hamburguesas,‚Ç¨,"Calle Del Dr. Esquerdo, 10, 28009",Retiro
154,Empanadas Pampas,30,3.1,1.90,35‚Äì45,Empanada,‚Ç¨,"Calle Gran V√≠a, 22, 28004",Retiro
155,TGB,89,3.9,2.40,60‚Äì70,Hamburguesas,‚Ç¨,"Calle Hortaleza,6, 28004",Retiro
156,Bosforos Turkish Restaurant,34,4.3,2.90,50‚Äì60,India,‚Ç¨,"Calle De Atocha, 117, 28012",Retiro
157,Halal Steak House Grill,30,2.9,1.90,35‚Äì45,Carne,‚Ç¨,"Calle De Barcel√≥ 6, 28004",Retiro
158,Mad Pollo,45,4.0,1.90,15‚Äì35,Pollo,‚Ç¨,"Av. Del Mediterr√°neo, 30, 28007",Retiro
159,Mahalo Poke,30,2.9,2.50,30‚Äì50,Poke,‚Ç¨‚Ç¨,"Calle Del Puerto De Balbar√°n 31,  28018",Retiro
160,Kebab Entrevias,43,4.5,2.90,35‚Äì45,Kebab,‚Ç¨,"Calle De Santa Isabel, 5, 28012",Retiro
161,Mo√±etes,30,2.9,1.90,35‚Äì45,Pizza,‚Ç¨,"Calle De Embajadores, 15, 28045",Retiro
162,TUTTO PASTA!,26,2.8,2.50,40‚Äì60,Postres,‚Ç¨,"Avda. Felipe II, 17, 28009",Salamanca
163,La Tagliatella,38,4.5,1.90,25‚Äì35,Pizza,‚Ç¨,"Plaza Del Emperador Carlos V, 10, 28012",Salamanca
164,Scarlett Real Food,30,2.9,1.90,35‚Äì45,Postres,‚Ç¨,"Calle Del Conde De Pe√±alver, 13, 28006",Salamanca
165,La Cuchara,30,2.9,2.40,40‚Äì50,Gourmet,‚Ç¨,"Alcalde Luis De Marichala 3,  28030",Salamanca
166,Papa John's,127,4.1,1.40,35‚Äì45,Pizza,‚Ç¨,"Calle De √Ångel Gonz√°lez Tejedor 5,  28017",Salamanca
167,Taco Bell,200,4.2,1.90,25‚Äì35,Hamburguesas,‚Ç¨,"Plaza Del Emperador Carlos V, 10, 28012",Salamanca
168,Scarlett Real Food,29,2.9,2.40,45‚Äì55,Postres,‚Ç¨,"Calle Azulejo 2,  28028",Salamanca
169,Pizzer√≠a Argentina El Tr√©bol,29,2.9,1.40,30‚Äì40,Pizza,‚Ç¨,"Calle De Jos√© Ortega Y Gasset 94, 28006",Salamanca
170,Empanadas Malv√≥n,48,4.9,0.90,15‚Äì25,Empanada,‚Ç¨,"Calle De Luchana 17,  28010",Salamanca
171,Pizzart Luchana,29,2.9,2.40,55‚Äì65,Pizza,‚Ç¨,"Calle Alcala 191,  28006",Salamanca
172,Pastamore,98,4.6,0.90,15‚Äì25,Italiana,‚Ç¨,"Calle De San Andr√©s, 26, 28004",Salamanca
173,Roost Chicken,29,2.9,2.40,50‚Äì60,Pollo,‚Ç¨,"Plaza Emperador Carlos V, 11 , 28012",Salamanca
174,Taco Bell,200,4.2,2.40,35‚Äì45,Hamburguesas,‚Ç¨‚Ç¨,"Calle De La Alianza 33, 28041",Salamanca
175,Chinawokexpress,200,4.2,4.25,30‚Äì50,China,‚Ç¨,"Plaza Bami, 26, 28017",Salamanca
176,El Burrito Borracho,29,2.9,1.90,35‚Äì45,Burritos,‚Ç¨‚Ç¨,"Calle De Azcona 36,  28028",Salamanca
177,Arepish,186,4.6,0.90,25‚Äì35,Venezolana,‚Ç¨‚Ç¨‚Ç¨,"Calle De Alcal√°, 344,   28027",Salamanca
178,Little Caesars Pizza,200,4.5,2.40,30‚Äì40,Pizza,‚Ç¨‚Ç¨‚Ç¨,"Calle Azulejo 2,  28028",Salamanca
179,Empanadas BAIRES,29,2.9,1.40,35‚Äì45,Empanada,‚Ç¨,"Calle De Ayala 28,  28001",Salamanca
180,SANABRIA,29,2.9,1.40,50‚Äì60,Tapas y raciones,‚Ç¨,"Calle Del Gral. Pardi√±as, 32, 28001",Salamanca
181,Rude Burger,36,4.8,0.90,25‚Äì35,Hamburguesas,‚Ç¨‚Ç¨,"Calle Lopez de Hoyos 15, 28006",Salamanca
182,100 % Sano,29,2.9,0.90,20‚Äì30,Saludable,‚Ç¨‚Ç¨‚Ç¨,"Calle Conde De Penalver 35,  28006",Salamanca
183,Cor & Cor,35,4.3,0.40,35‚Äì45,Postres,‚Ç¨,"L√≥pez De Hoyos , 153,  28224",Salamanca
184,Popeyes,200,4.4,2.40,35‚Äì45,Pollo,‚Ç¨,"Calle Del Pr√≠ncipe De Vergara, 210,   28002",Salamanca
185,Home Burger Bar,198,4.1,2.40,30‚Äì40,Hamburguesas,‚Ç¨,"Calle Maldonado 07, 28006",Salamanca
186,Artisan Burger,29,2.9,0.90,40‚Äì50,Hamburguesas,‚Ç¨,"Calle Del Marqu√©s De Mond√©jar, 4, 28028",Salamanca
187,Thai Zafra,38,4.6,0.90,15‚Äì25,Everyday Essentials,‚Ç¨,"Calle De Maldonado, 51, 28006",Salamanca
188,Tiendas 7x24,140,4.8,0.90,20‚Äì30,Saludable,‚Ç¨,"Calle De Vel√°zquez, 118, 28006",Salamanca
189,Makan Saj Manoushe,200,4.9,1.40,30‚Äì40,India,‚Ç¨,"Paseo Del Marqu√©s De Zafra 38,  28028",Salamanca
190,DIVE`S FOOD,29,2.9,1.40,35‚Äì45,Hamburguesas,‚Ç¨,"Calle De Mar√≠a De Molina, 44, 28006",Salamanca
191,Flame,29,2.9,1.40,40‚Äì50,Hamburguesas,‚Ç¨,"Calle De Luchana 13,  28010",Salamanca
192,Freedom Pizza,53,4.5,2.40,45‚Äì55,Pizza,‚Ç¨,"Calle Del Esp√≠ritu Santo 16,  28004",Salamanca
193,MY Pasta Room,59,4.6,2.40,50‚Äì60,Italiana,‚Ç¨,"Calle Gran V√≠a, 16,   28004",Salamanca
194,Steak Burger,168,4.2,2.40,55‚Äì65,Americana,‚Ç¨,"Calle De Goya, 70, 28001",Salamanca
195,McDonald's,200,4.6,0.90,15‚Äì25,Hamburguesas,‚Ç¨,"Calle De Las Naciones 5,  28006",Salamanca
196,PaellaGood,29,2.9,0.40,30‚Äì40,Mediterr√°nea,‚Ç¨,"Calle De N√∫√±ez De Arce 11,  28012",Salamanca
197,Empanadas BAIRES,29,2.9,2.99,35‚Äì55,Empanada,‚Ç¨,"Calle De Carranza 3,  28004",Salamanca
198,Tiendas 7x24,70,4.6,2.40,45‚Äì55,Comida r√°pida,‚Ç¨,"Calle Del Dr. Esquerdo, 10, 28028",Salamanca
199,Empanadas Pampas,29,2.9,0.90,25‚Äì35,Empanada,‚Ç¨,"Calle Esteban Collantes, 31,  28017",Salamanca
200,Croqueteria Focos,29,2.9,2.90,35‚Äì45,Croquetas,‚Ç¨,"Calle De La Cruz, 20,   28012",Salamanca
201,Galipan,23,4.2,2.90,60‚Äì70,Halal,‚Ç¨,"Calle De Tudescos, 4, 28004",Salamanca
202,Super naan,29,2.9,2.40,60‚Äì70,India,‚Ç¨,"Calle Mateo Garc√≠a, 13, 28017",Salamanca
203,Pollos Gourmet,29,2.9,1.90,30‚Äì40,Pollo,‚Ç¨,"Calle De Gonzalo De Berceo 63,  28017",Salamanca
204,Asador Perla del Pacifico Ascao,39,4.6,2.90,40‚Äì50,Carne,‚Ç¨,"Calle Libertad, 9, 28004",Salamanca
205,Puccias Chueca,29,2.9,2.40,40‚Äì50,Americana,‚Ç¨,"Calle Del Cardenal Cisneros 1, 28010",Salamanca
206,Graal,29,2.9,2.40,60‚Äì70,Ramen,‚Ç¨,"Calle De M√©jico 20,  28028",Salamanca
207,Restaurante Chino Diamante,100,4.0,1.40,25‚Äì35,China,‚Ç¨,"Calle De Jos√© Abascal 31, 28003",Salamanca
208,Junk Burger,31,4.3,1.90,45‚Äì55,Hamburguesas,‚Ç¨,"Calle De Hermosilla, 91, 28001",Salamanca
209,Esmirna Doner Kebap,48,4.7,0.90,25‚Äì35,Kebab,‚Ç¨,"Av. De Felipe II, 8, 28009",Salamanca
210,Aloha Poke,200,4.7,0.90,20‚Äì30,Poke,‚Ç¨,"Calle Zabaleta 1,  28002",Salamanca
211,CHUCK CHUCK CHICKEN,29,2.9,1.40,35‚Äì45,Pollo,‚Ç¨,"Calle Gran V√≠a, 22, 28004",Salamanca
212,TGB,89,3.9,2.40,65‚Äì75,Hamburguesas,‚Ç¨,"Calle G√©nova 27, 28010",Salamanca
213,VIPS,16,4.8,1.90,50‚Äì60,Americana,‚Ç¨,"Calle De Atocha 98, 28014",Salamanca
214,Capasso Pizza,29,2.9,2.40,45‚Äì55,Pizza,‚Ç¨,"Calle De La Virgen De La Fuencisla, 19,  28027",Salamanca
215,HyH Kebab Fried Chicken,23,3.6,1.00,40‚Äì60,Pollo,‚Ç¨,"Calle De Jos√© Calvo 6, 28039",Salamanca
216,Badsha India Restaurant,200,4.4,1.00,15‚Äì35,India,‚Ç¨,"Calle De Embajadores, 17 , 28012",Chamart√≠n
217,TUTTO PASTA!,26,2.8,2.50,40‚Äì60,Postres,‚Ç¨,"Avda. Felipe Ii, 17, 28009",Chamart√≠n
218,La Tagliatella,38,4.5,0.90,25‚Äì35,Pizza,‚Ç¨,"C/ Orense, 11, , Spain, Spain 28020",Chamart√≠n
219,Papa John's,200,4.5,1.40,30‚Äì40,Pizza,‚Ç¨,"Calle Del Conde De Pe√±alver, 17, 28006",Chamart√≠n
220,La Cuchara,29,2.9,2.90,40‚Äì50,Gourmet,‚Ç¨,"C/ Serrano, 203 , 28016",Chamart√≠n
221,Papa John's,200,4.3,0.90,25‚Äì35,Pizza,‚Ç¨,"Calle Del Conde De Serrallo, 1, 28029",Chamart√≠n
222,Taberna Andaluza,25,4.4,1.40,40‚Äì50,Tapas,‚Ç¨,"Paseo De La Castellana 191,  28046",Chamart√≠n
223,Taco Bell,200,4.1,1.40,25‚Äì35,Hamburguesas,‚Ç¨,"Calle Araucaria 19,  28039",Chamart√≠n
224,Roost Chicken,123,4.6,1.90,35‚Äì45,Pollo,‚Ç¨,"Av. De Brasil, 6, 28020",Chamart√≠n
225,La Mordida,25,4.4,1.40,45‚Äì55,Mediterr√°nea,‚Ç¨,"Calle Del Pr√≠ncipe De Vergara, 210,   28002",Chamart√≠n
226,Home Burger Bar,198,4.1,0.90,25‚Äì35,Hamburguesas,‚Ç¨‚Ç¨‚Ç¨,"Calle De Huesca, 19, Bajo,   28020",Chamart√≠n
227,La caba√±a de cris,29,2.9,1.90,50‚Äì60,Pollo,‚Ç¨‚Ç¨,"Calle De Bravo Murillo 199,  28039",Chamart√≠n
228,Pollos al Carb√≥n,21,3.6,5.00,15‚Äì35,Pollo,‚Ç¨,"Calle De Manuel De Falla 5,  28036",Chamart√≠n
229,Limbo Player Two,29,2.9,0.90,45‚Äì55,Carne,‚Ç¨‚Ç¨,"Av. De Brasil, 17, 28020",Chamart√≠n
230,Ala Sushi,29,2.9,1.40,30‚Äì40,Sushi,‚Ç¨‚Ç¨,"Calle De Bravo Murillo, 113, 28039",Chamart√≠n
231,Little Caesars Pizza,200,4.6,3.00,5‚Äì25 ,Pizza,‚Ç¨,"Calle De La Infanta Mercedes, 17, 28020",Chamart√≠n
232,Toro Burger Lounge,23,4.1,1.90,55‚Äì65,Alcohol,‚Ç¨,"Castellana, 123, 28046",Chamart√≠n
233,Popeyes,200,4.0,1.40,30‚Äì40,Pollo,‚Ç¨,"Calle Castilla,4 ,28039",Chamart√≠n
234,MANKA,52,4.9,2.40,55‚Äì65,Pizza,‚Ç¨,"Paseo De La Castellana 130, 28046",Chamart√≠n
235,Yakitoro,26,4.5,1.40,55‚Äì65,Pollo,‚Ç¨,"Calle De Francos Rodr√≠guez, 42, 28039",Chamart√≠n
236,EL ASADOR,40,2.9,2.40,60‚Äì70,Carne,‚Ç¨,"Calle Del Pr√≠ncipe De Vergara 256,  28016",Chamart√≠n
237,Empanadas Malv√≥n,12,5.0,0.90,20‚Äì30,Empanada,‚Ç¨,"Paseo De La Castellana, 210, 28036",Chamart√≠n
238,Taberna del Volapi√©,40,2.9,1.40,40‚Äì50,Tapas,‚Ç¨‚Ç¨‚Ç¨,"Calle De Azcona 36,  28028",Chamart√≠n
239,Arepish,186,4.6,2.90,35‚Äì45,Venezolana,‚Ç¨‚Ç¨‚Ç¨,"Calle De Bravo Murillo 122, 28020",Chamart√≠n
240,Arepish,53,4.6,2.40,55‚Äì65,Venezolana,‚Ç¨,"Calle De San Germ√°n, 64, 28020",Chamart√≠n
241,Fast chicken chain,40,2.9,1.90,45‚Äì55,Pollo,‚Ç¨,"Av. De P√≠o Xii, 4, 28016",Chamart√≠n
242,McDonald's,150,4.5,0.90,20‚Äì30,Hamburguesas,‚Ç¨,"Calle De Raimundo Fern√°ndez Villaverde, 33, 28020",Chamart√≠n
243,Pizza Central,22,3.1,2.40,50‚Äì60,Pizza,‚Ç¨,"Calle De Vel√°zquez, 118, 28006",Chamart√≠n
244,Makan Saj Manoushe,200,4.9,2.40,30‚Äì40,India,‚Ç¨,"Calle De Mar√≠a De Molina, 44, 28006",Chamart√≠n
245,Flame,40,2.9,2.40,45‚Äì55,Hamburguesas,‚Ç¨,"Intercambiador De Plaza De Castilla, 28046",Chamart√≠n
246,Busburguer,98,4.5,1.40,30‚Äì40,Hamburguesas,‚Ç¨,"Calle De L√©rida 58,  28020",Chamart√≠n
247,Polloco Gourmet,40,2.9,3.00,30‚Äì50,Pollo,‚Ç¨,"Calle De Maldonado, 51, 28006",Chamart√≠n
248,Tiendas 7x24,140,4.8,2.90,30‚Äì40,Opciones para alergias,‚Ç¨,"Calle Maldonado 07, 28006",Chamart√≠n
249,Artisan Burger,40,2.9,2.40,45‚Äì55,Hamburguesas,‚Ç¨,"Bravo Murillo, 120,  28020",Chamart√≠n
250,Pomodoro,87,3.8,2.40,55‚Äì65,Italiana,‚Ç¨,"Calle De Jos√© Abascal 31, 28003",Chamart√≠n
251,Junk Burger,31,4.3,2.40,50‚Äì60,Hamburguesas,‚Ç¨,"Calle De Mar√≠a De Molina, 16, 28006",Chamart√≠n
252,Aloha Poke,163,4.5,2.40,40‚Äì50,Poke,‚Ç¨,"Calle De Barcel√≥ 6, 318,  28004",Chamart√≠n
253,Mad Pollo,45,4.0,2.40,15‚Äì35,Pollo,‚Ç¨,"Calle Zabaleta 1,  28002",Chamart√≠n
254,CHUCK CHUCK CHICKEN,40,2.9,1.90,40‚Äì50,Pollo,‚Ç¨,"Calle De Arturo Soria, 189, 28043",Chamart√≠n
255,Pasteleria Saul,27,4.2,1.90,25‚Äì35,Everyday Essentials,‚Ç¨,"Calle Bravo Murillo, 229, 28020",Chamart√≠n
256,Galp,19,4.3,1.90,45‚Äì55,Tienda,‚Ç¨,"Calle Del Cactus, 42 ,  28039",Chamart√≠n
257,Chili Houseüå∂,40,2.9,1.90,45‚Äì55,Mexicana,‚Ç¨,"Calle De M√©jico, 20,  28028",Chamart√≠n
258,Restaurante Chino Diamante,100,4.0,2.40,30‚Äì40,China,‚Ç¨,"Plaza Sagrado Coraz√≥n De Jes√∫s, 2, 28002",Chamart√≠n
259,Foster's Hollywood,65,4.2,1.40,30‚Äì40,Americana,‚Ç¨,"Calle Del Pr√≠ncipe De Vergara 258,  28016",Chamart√≠n
260,Empanadas BAIRES,40,2.9,0.90,25‚Äì35,Empanada,‚Ç¨,"Calle Zabaleta 1,  28002",Chamart√≠n
261,Golat Helados,40,2.9,1.90,35‚Äì45,Postres,‚Ç¨,"Calle De San Andr√©s, 31, 28004",Chamart√≠n
262,Pic & Nic,200,4.4,3.40,60‚Äì70,Mediterr√°nea,‚Ç¨‚Ç¨‚Ç¨,"Calle Zabaleta 1,  28002",Chamart√≠n
263,Frambons,40,2.9,1.90,35‚Äì45,Empanada,‚Ç¨,"Calle De Raimundo Fern√°ndez Villaverde 33,  28020",Chamart√≠n
264,Empanadas BAIRES,13,4.0,2.40,55‚Äì65,Empanada,‚Ç¨,"Calle De Cartagena, 131, 28002",Chamart√≠n
265,Doner kebap efes,23,4.7,1.90,25‚Äì35,Kebab,‚Ç¨‚Ç¨‚Ç¨,"Calle De L√≥pez De Hoyos 11,  28006",Chamart√≠n
266,Crepes & Waffles,19,4.5,2.40,45‚Äì55,Postres,‚Ç¨‚Ç¨‚Ç¨,"Calle De L√≥pez De Hoyos, 139, 28002",Chamart√≠n
267,Doner kebap efes,30,4.6,1.90,30‚Äì40,Kebab,‚Ç¨,"Calle Bravo Murillo 218,  28020",Chamart√≠n
268,Sult√°n kebab,19,3.0,1.90,30‚Äì40,√Årabe,‚Ç¨‚Ç¨,"Calle De Bravo Murillo, 215, 28020",Chamart√≠n
269,Great Kebab,40,2.9,1.90,40‚Äì50,Kebab,‚Ç¨,"Calle De Jos√© Calvo 6,  28039",Chamart√≠n
270,Badsha India Restaurant,200,4.4,1.00,15‚Äì35,India,‚Ç¨,"Calle De Embajadores, 28012",Tetu√°n
271,TUTTO PASTA!,26,2.8,2.60,40‚Äì60,Espa√±ola,‚Ç¨,"Calle De Jos√© Calvo 10, 28039",Tetu√°n
272,Comida de Pueblo,40,3.5,2.40,40‚Äì50,Gourmet,‚Ç¨,"C/ Orense, 11, 28020",Tetu√°n
273,La Tagliatella,61,4.2,1.90,25‚Äì35,Pizza,‚Ç¨‚Ç¨‚Ç¨,"C/ Orense, 11, 28020",Tetu√°n
274,La Cuchara,40,3.5,2.90,40‚Äì50,Gourmet,‚Ç¨,"C/ Orense, 11, 28020",Tetu√°n
275,La Tagliatella,61,3.8,1.40,25‚Äì35,Pizza,‚Ç¨,"Paseo De La Castellana 191, 28046",Tetu√°n
276,Taco Bell,200,4.1,1.40,20‚Äì30,Hamburguesas,‚Ç¨,"Calle De Bravo Murillo 250,  28020",Tetu√°n
277,Empanadas Malv√≥n,25,4.7,0.40,25‚Äì35,Empanada,‚Ç¨,"Av. De Brasil, 6, 28020",Tetu√°n
278,La Mordida,25,4.4,0.90,45‚Äì55,Mediterr√°nea,‚Ç¨,"Calle De Bravo Murillo, 206, 28020",Tetu√°n
279,Express 88,60,4.6,0.90,30‚Äì40,De Latinoam√©rica,‚Ç¨‚Ç¨‚Ç¨,"Calle De Huesca, 19, Bajo, 28020",Tetu√°n
280,La caba√±a de cris,40,3.5,0.90,35‚Äì45,Pollo,‚Ç¨‚Ç¨‚Ç¨,"Calle De Bravo Murillo 199,  28039",Tetu√°n
281,Pollos al Carb√≥n,21,3.6,5.00,15‚Äì35,Pollo,‚Ç¨,"Calle De La Infanta Mercedes 17, 28020",Tetu√°n
282,Toro Burger Lounge,23,4.1,0.90,50‚Äì60,Empanada,‚Ç¨,"Calle De Raimundo Fern√°ndez Villaverde, 33, 28020",Tetu√°n
283,Pizzer√≠a El Tr√©bol 24h,18,4.4,1.40,35‚Äì45,Pizza,‚Ç¨‚Ç¨,"Av. De Brasil, 17, 28020",Tetu√°n
284,Ala Sushi,40,3.5,0.90,30‚Äì40,Sushi,‚Ç¨,"Calle Castilla,4 , 28039",Tetu√°n
285,MANKA,52,4.9,0.90,40‚Äì50,Pizza,‚Ç¨‚Ç¨‚Ç¨,"Calle De Bravo Murillo, 113, 28039",Tetu√°n
286,Little Caesars Pizza,200,4.6,3.00,15‚Äì25 ,Pizza,‚Ç¨,"Calle De Francos Rodr√≠guez, 42, 28039",Tetu√°n
287,EL ASADOR,40,3.5,0.90,55‚Äì65,Carne,‚Ç¨,"Calle De Manuel De Falla 5,  28036",Tetu√°n
288,Limbo Player Two,40,3.5,1.40,45‚Äì55,Carne,‚Ç¨,"Castellana, 123, 28046",Tetu√°n
289,Popeyes,200,4.0,0.90,25‚Äì35,Pollo,‚Ç¨,"Calle De San Germ√°n, 64, 28020",Tetu√°n
290,Fast chicken chain,40,3.5,0.90,35‚Äì45,Pollo,‚Ç¨,"Paseo De La Castellana 130, 28046",Tetu√°n
291,Yakitoro,26,4.5,1.40,55‚Äì65,Comida reconfortante,‚Ç¨,"Calle Del Pr√≠ncipe De Vergara, 210, 28002",Tetu√°n
292,Home Burger Bar,198,4.1,1.90,35‚Äì45,Hamburguesas,‚Ç¨‚Ç¨,"Calle De Bravo Murillo 122, 28020",Tetu√°n
293,Arepish,53,4.6,1.40,40‚Äì50,Venezolana,‚Ç¨,"C.C. La Vaguada, Av. De Monforte De Lemos, 32, 28029",Tetu√°n
294,TGB,66,4.1,2.40,50‚Äì60,Hamburguesas,‚Ç¨,"Calle De Galer√≠a De Vallehermoso 4, 28003",Tetu√°n
295,Real Fried Chicken,15,4.3,2.40,50‚Äì60,Alitas de pollo,‚Ç¨,"Avenida De Monforte De Lemos 36, 28029",Tetu√°n
296,Pollo Criollo,40,3.5,2.40,55‚Äì65,Pollo,‚Ç¨,"Calle De L√©rida 58,  28020",Tetu√°n
297,Polloco Gourmet,40,3.5,3.00,30‚Äì50,Pollo,‚Ç¨,"Paseo De La Castellana, 210, 28036",Tetu√°n
298,Taberna del Volapi√©,40,3.5,1.40,40‚Äì50,Tapas,‚Ç¨,"Calle De Cea Berm√∫dez 49, 28015",Tetu√°n
299,Cerveceria Ria√±o,40,3.5,2.90,40‚Äì50,Cerveza,‚Ç¨,"Calle Bravo Murillo, 229, 28020",Tetu√°n
300,Galp,19,4.3,0.90,35‚Äì45,Tienda,‚Ç¨,"Calle De Bravo Murillo, 274, 28020",Tetu√°n
301,McDonald's,200,4.2,0.40,20‚Äì30,Hamburguesas,‚Ç¨,"Intercambiador De Plaza De Castilla, 28046 ",Tetu√°n
302,Busburguer,98,4.5,1.40,25‚Äì35,Hamburguesas,‚Ç¨,"Calle De Jos√© Abascal 31, 28003",Tetu√°n
303,Junk Burger,31,4.3,1.90,45‚Äì55,Hamburguesas,‚Ç¨,"Calle Del Cactus 42,  28039",Tetu√°n
304,Chili Houseüå∂,40,3.5,0.90,35‚Äì45,Mexicana,‚Ç¨,"Bravo Murillo, 120,  28020",Tetu√°n
305,Pomodoro,87,3.8,1.40,40‚Äì50,Italiana,‚Ç¨,"Calle De Galileo, 75, 28015",Tetu√°n
306,Tosty,40,3.5,2.40,50‚Äì60,Family Meals,‚Ç¨,"Calle De Barcel√≥ 6,  28004",Tetu√°n
307,Mad Pollo,45,4.0,1.40,15‚Äì35,Pollo,‚Ç¨,"Calle De Mar√≠a De Molina, 16, 28006",Tetu√°n
308,Aloha Poke,163,4.5,2.40,40‚Äì50,Poke,‚Ç¨,"Calle De San Andr√©s, 31, 28004",Tetu√°n
309,Pic & Nic,200,4.4,2.90,55‚Äì65,Mediterr√°nea,‚Ç¨‚Ç¨,"Plaza Sagrado Coraz√≥n De Jes√∫s, 2, 28002",Tetu√°n
310,Foster's Hollywood,65,4.2,2.40,35‚Äì45,Americana,‚Ç¨‚Ç¨,"Paseo De S. Fco. De Sales, 3, 28003 ",Tetu√°n
311,Taste of America,40,3.5,2.40,35‚Äì45,Americana,‚Ç¨,"Calle De Raimundo Fern√°ndez Villaverde 33,  28020",Tetu√°n
312,Empanadas BAIRES,13,4.0,1.40,45‚Äì55,Empanada,‚Ç¨,"Calle Bravo Murillo 218,  28020",Tetu√°n
313,Sult√°n kebab,19,3.0,0.90,25‚Äì35,√Årabe,‚Ç¨‚Ç¨,"Calle De Bravo Murillo, 34, 28015",Tetu√°n
314,Astros,40,3.5,2.40,45‚Äì55,Family Meals,‚Ç¨,"Calle Del Pr√≠ncipe De Vergara 258,  28016",Tetu√°n
315,Empanadas BAIRES,40,3.5,1.90,35‚Äì45,Empanada,‚Ç¨,"Paseo De S. Fco. De Sales, 17, 28003",Tetu√°n
316,Cherry Pecas,92,4.4,2.40,30‚Äì40,Comida r√°pida,‚Ç¨,"Calle De Jos√© Calvo 10,  28039",Tetu√°n
317,Pops ¬¥n Bops,40,3.5,0.90,45‚Äì55,√Årabe,‚Ç¨‚Ç¨,"Calle De Bravo Murillo, 215, 28020",Tetu√°n
318,Great Kebab,40,3.5,0.90,35‚Äì45,Kebab,‚Ç¨,"Calle De Bravo Murillo 193, 28039",Tetu√°n
319,"Real Estambul Pizza, Doner y Kebab",15,3.4,0.90,40‚Äì50,Mediterr√°nea,‚Ç¨,"Cc La Vaguada Av Monforte De Lemos 36,  28029",Tetu√°n
320,Willy Factory,40,3.5,2.40,40‚Äì50,Opciones para alergias,‚Ç¨,"Av. De Betanzos, 31, 28029 ",Tetu√°n
321,Kebab Rico Rico,44,4.4,0.90,40‚Äì50,Kebab,‚Ç¨,"Calle Federico Sainz De Robles 3, 28035",Tetu√°n
322,Oriental Palace,167,4.4,2.40,40‚Äì50,Asiatica,‚Ç¨,"Calle De La Infanta Mercedes, 103, 28020",Tetu√°n
323,Pizzeria Nuns,40,3.5,0.90,40‚Äì50,Pizza,‚Ç¨,"Calle De Jos√© Calvo 6, 28039",Tetu√°n
324,Badsha India Restaurant,200,4.4,2.40,40‚Äì50,India,‚Ç¨,"Calle De Jos√© Calvo 10, 28039",Chamber√≠
325,Comida de Pueblo,40,3.5,0.90,25‚Äì35,Gourmet,‚Ç¨,"Calle Araucaria 19,  28039",Chamber√≠
326,Roost Chicken,123,4.6,0.40,25‚Äì35,Pollo,‚Ç¨,"C/ Marqu√©s De Viana, 76 , 28039",Chamber√≠
327,Papa John's,200,4.2,0.90,30‚Äì40,Pizza,‚Ç¨,"Calle Del Conde De Serrallo, 1, 28029",Chamber√≠
328,Taberna Andaluza,25,4.4,1.40,35‚Äì45,Tapas,‚Ç¨,"Calle Del Conde De Pe√±alver, 13, 28006",Chamber√≠
329,La Tagliatella,61,4.2,1.40,25‚Äì35,Pizza,‚Ç¨,"C/ Orense, 11, 28020",Chamber√≠
330,La Tagliatella,61,4.2,0.90,25‚Äì35,Pizza,‚Ç¨,"C/ Galileo, 15 , 28015",Chamber√≠
331,Papa John's,200,4.3,0.40,30‚Äì40,Pizza,‚Ç¨,"Calle De San Andr√©s, 26, 28004",Chamber√≠
332,Roost Chicken,40,3.5,0.90,40‚Äì50,Pollo,‚Ç¨,"Calle De Toledo 27,  28012",Chamber√≠
333,Fritz Foods,41,4.5,1.90,50‚Äì60,Pizza,‚Ç¨,"Calle Araucaria 19,  28039",Chamber√≠
334,Roost Chicken,123,4.6,1.90,40‚Äì50,Pollo,‚Ç¨,"Calle De Raimundo Fern√°ndez Villaverde, 33, 28020",Chamber√≠
335,Pizzer√≠a El Tr√©bol 24h,18,4.4,0.90,35‚Äì45,Pizza,‚Ç¨,"Calle De Arriaza, 6, 28008",Chamber√≠
336,El Imperio de la Empanada,40,3.5,1.40,55‚Äì65,Empanada,‚Ç¨,"Hilarion Eslava 42,  28015",Chamber√≠
337,CONVEXO,69,4.6,0.90,35‚Äì45,Pollo,‚Ç¨,"Calle De Galer√≠a De Vallehermoso 4, 28003",Chamber√≠
338,Real Fried Chicken,15,4.3,0.40,40‚Äì50,Alitas de pollo,‚Ç¨‚Ç¨,"Calle De La Alianza 33, 28041",Chamber√≠
339,Chinawokexpress,200,4.2,4.25,30‚Äì50,China,‚Ç¨,"Av. De Brasil, 6, 28020",Chamber√≠
340,La Mordida,25,4.4,1.40,55‚Äì65,Mediterr√°nea,‚Ç¨,"Calle De Carranza 3,  28004",Chamber√≠
341,Tiendas 7x24,70,4.6,0.90,35‚Äì45,Pizza,‚Ç¨‚Ç¨,"Calle De Bravo Murillo, 113, 28039",Chamber√≠
342,Little Caesars Pizza,200,4.6,0.90,40‚Äì50,Pizza,‚Ç¨‚Ç¨‚Ç¨,"Calle Azabache, 6, 28019",Chamber√≠
343,Super Dog,25,3.7,2.40,40‚Äì50,Hamburguesas,‚Ç¨‚Ç¨‚Ç¨,"Calle De Bravo Murillo 199,  28039",Chamber√≠
344,Pollos al Carb√≥n,21,3.6,5.00,15‚Äì35,Pollo,‚Ç¨,"Calle Andr√©s Mellado 43,  28015",Chamber√≠
345,La Bruja del Vesuvio,15,3.5,0.90,35‚Äì45,Comida r√°pida,‚Ç¨,"Calle De Luchana 13,  28010",Chamber√≠
346,Freedom Pizza,53,4.5,0.40,35‚Äì45,Pizza,‚Ç¨‚Ç¨,"Calle De Huesca, 19, 28020",Chamber√≠
347,La caba√±a de cris,15,3.5,1.90,50‚Äì60,Pollo,‚Ç¨,"P.¬∫ De La Florida, 2, 28008",Chamber√≠
348,KFC - Principe Pio,15,3.5,1.90,55‚Äì65,Pollo,‚Ç¨,"Calle De La Infanta Mercedes 17, 28020",Chamber√≠
349,Toro Burger Lounge,23,4.1,1.40,55‚Äì65,Hamburguesas,‚Ç¨,"Traves√≠a De La Parada 6,  28015",Chamber√≠
350,EL LAT√ìN GRIS,66,3.7,1.40,55‚Äì65,Pollo,‚Ç¨,"Calle De Francos Rodr√≠guez, 42, 28039",Chamber√≠
351,EL ASADOR,15,3.5,1.90,60‚Äì70,Carne,‚Ç¨,"Calle Castilla,4 , 28039",Chamber√≠
352,MANKA,52,4.9,1.40,40‚Äì50,Pizza,‚Ç¨,"Calle Del Cardenal Cisneros 1, 28010",Chamber√≠
353,Graal,15,3.5,0.90,45‚Äì55,Ramen,‚Ç¨‚Ç¨,"Av. De Brasil, 17, 28020",Chamber√≠
354,Ala Sushi,15,3.5,0.90,40‚Äì50,Sushi,‚Ç¨,"Calle De Sta Engracia, 108, 28003",Chamber√≠
355,Home Burger Bar,181,4.1,2.40,40‚Äì50,Hamburguesas,‚Ç¨,"Calle De Luchana 3,  28010",Chamber√≠
356,Empanadas Malv√≥n,32,4.8,0.40,30‚Äì40,Empanada,‚Ç¨,"Av. De Filipinas, 30, 28003",Chamber√≠
357,Tiendas 7x24,62,4.5,0.40,25‚Äì35,Queso,‚Ç¨,"Calle De Ayala 28,  28001",Chamber√≠
358,SANABRIA,15,3.5,1.40,50‚Äì60,Tapas y raciones,‚Ç¨,"Calle Del Esp√≠ritu Santo 16, 28004",Chamber√≠
359,MY Pasta Room,59,4.6,0.90,35‚Äì45,Italiana,‚Ç¨,"Calle De Manuel De Falla 5,  28036",Chamber√≠
360,Limbo Player Two,15,3.5,1.90,50‚Äì60,Carne,‚Ç¨,"Calle De Jos√© Abascal 31, 28003",Chamber√≠
361,Junk Burger,31,4.3,1.90,50‚Äì60,Hamburguesas,‚Ç¨,"Calle De Bravo Murillo, 100, 28020",Chamber√≠
362,Popeyes,200,4.2,0.90,35‚Äì45,Pollo,‚Ç¨‚Ç¨,"Calle De Bravo Murillo 122,  28020",Chamber√≠
363,Arepish,53,4.6,0.90,40‚Äì50,Venezolana,‚Ç¨,"Calle De Cea Berm√∫dez 49, 28015",Chamber√≠
364,Cerveceria Ria√±o,15,3.5,0.90,30‚Äì40,Cerveza,‚Ç¨,"Paseo De La Castellana 130, 28046",Chamber√≠
365,Yakitoro,26,4.5,1.40,55‚Äì65,Con opciones veganas,‚Ç¨,"Calle De Tudescos, 4, 28004",Chamber√≠
366,Super naan,15,3.5,1.40,60‚Äì70,India,‚Ç¨,"Calle Gran V√≠a, 16, 28004",Chamber√≠
367,Steak Burger,168,4.2,1.90,50‚Äì60,Americana,‚Ç¨,"Calle De San Bernardino, 20, 28015",Chamber√≠
368,MILA TOWN,15,3.5,0.90,35‚Äì45,Americana,‚Ç¨,"Calle De La Cruz, 20, Local 1, 28012",Chamber√≠
369,Galipan,23,4.2,1.90,70‚Äì80,Halal,‚Ç¨,"Calle Gran V√≠a 74, Local, 28015",Chamber√≠
370,Trek Taco,15,3.5,1.40,45‚Äì55,Halal,‚Ç¨,"Calle Del Dr Cortezo, 7, 28012",Chamber√≠
371,El Turkito,200,4.1,1.90,50‚Äì60,Asiatica,‚Ç¨,"Calle Maldonado 07, 28006",Chamber√≠
372,Artisan Burger,15,3.5,0.90,45‚Äì55,Hamburguesas,‚Ç¨,"Calle De Vel√°zquez, 118, 28006",Chamber√≠
373,Makan Saj Manoushe,200,4.9,1.40,30‚Äì40,India,‚Ç¨‚Ç¨,"Calle De Azcona 36,  28028",Chamber√≠
374,Arepish,186,4.6,2.40,35‚Äì45,Venezolana,‚Ç¨‚Ç¨‚Ç¨,"Calle De Los Donados 2,  28013",Chamber√≠
375,Cor & Cor,15,3.5,1.40,55‚Äì65,Postres,‚Ç¨,"Calle De Galileo, 75,  28015",Chamber√≠
376,Tosty,15,3.5,0.40,40‚Äì50,Pollo,‚Ç¨,"Calle De San Germ√°n, 64, 28020",Chamber√≠
377,Fast chicken chain,15,3.5,1.90,45‚Äì55,Pollo,‚Ç¨,"Calle De Jos√© Calvo 6, 28039",Chamber√≠
378,Badsha India Restaurant,200,4.4,1.00,15‚Äì35,India,‚Ç¨,"Calle Bravo Murillo 108, 28020",Moncloa-Aravaca
379,Taco Bell,200,4.3,0.90,30‚Äì40,Hamburguesas,‚Ç¨,"Calle De Embajadores, 13, 28012",Moncloa-Aravaca
380,TUTTO PASTA!,26,2.8,2.60,40‚Äì60,Espa√±ola,‚Ç¨,"Calle De Jos√© Calvo 10,  28039",Moncloa-Aravaca
381,Comida de Pueblo,15,3.5,1.90,35‚Äì45,Gourmet,‚Ç¨,"Calle De Isaac Peral, 4, 28015",Moncloa-Aravaca
382,Pizzart Luchana,15,3.5,0.40,35‚Äì45,Pizza,‚Ç¨,"Calle De Isaac Peral 4, 28015",Moncloa-Aravaca
383,Taco Bell,200,4.1,2.40,35‚Äì45,Hamburguesas,‚Ç¨,"Hilarion Eslava 42,  28015",Moncloa-Aravaca
384,CONVEXO,69,4.6,2.90,35‚Äì45,Pollo,‚Ç¨‚Ç¨‚Ç¨,"Calle De Bravo Murillo 199,  28039",Moncloa-Aravaca
385,Pollos al Carb√≥n,21,3.6,5.00,15‚Äì35,Pollo,‚Ç¨‚Ç¨,"Calle De Bravo Murillo, 113, 28039",Moncloa-Aravaca
386,Little Caesars Pizza,200,4.6,3.00,5‚Äì25 ,Pizza,‚Ç¨,"Calle De Francos Rodr√≠guez, 42,  28039",Moncloa-Aravaca
387,EL ASADOR,15,3.5,2.90,60‚Äì70,Carne,‚Ç¨,"Calle Castilla,4 ,28039",Moncloa-Aravaca
388,MANKA,52,4.9,2.90,55‚Äì65,Pizza,‚Ç¨,"Calle De Galer√≠a De Vallehermoso 4, 28003",Moncloa-Aravaca
389,Real Fried Chicken,15,4.3,2.90,45‚Äì55,Alitas de pollo,‚Ç¨,"Calle De La Infanta Mercedes 17, 28020",Moncloa-Aravaca
390,Toro Burger Lounge,23,4.1,2.90,60‚Äì70,De Latinoam√©rica,‚Ç¨‚Ç¨,"Calle De Huesca, 19, 28020",Moncloa-Aravaca
391,La caba√±a de cris,15,3.5,3.40,55‚Äì65,Pollo,‚Ç¨,"Calle Andr√©s Mellado 43, 28015",Moncloa-Aravaca
392,La Bruja del Vesuvio,15,3.5,2.90,45‚Äì55,Comida r√°pida,‚Ç¨‚Ç¨,"Calle De Bravo Murillo 122,  28020",Moncloa-Aravaca
393,Arepish,53,4.6,2.90,50‚Äì60,Venezolana,‚Ç¨,"Calle De Bravo Murillo, 100, 28020",Moncloa-Aravaca
394,Popeyes,200,4.2,2.90,40‚Äì50,Pollo,‚Ç¨,"Calle De Cea Berm√∫dez 49, 28015",Moncloa-Aravaca
395,Cerveceria Ria√±o,15,3.5,2.90,40‚Äì50,Cerveza,‚Ç¨,"Calle De San Germ√°n, 64, 28020",Moncloa-Aravaca
396,Fast chicken chain,15,3.5,2.90,50‚Äì60,Pollo,‚Ç¨,"Calle De Sta Engracia, 108, 28003",Moncloa-Aravaca
397,Home Burger Bar,181,4.1,3.40,45‚Äì55,Hamburguesas,‚Ç¨,"Calle Hilari√≥n Eslava, 38, 28015",Moncloa-Aravaca
398,Empanadas Malv√≥n,21,4.7,2.40,30‚Äì40,Empanada,‚Ç¨,"Calle De Galileo, 75, 28015",Moncloa-Aravaca
399,Tosty,15,3.5,2.90,45‚Äì55,Opciones para alergias,‚Ç¨,"Calle Ferraz 43,  28008",Moncloa-Aravaca
400,Red Roo Australian Restaurant,15,3.5,2.90,45‚Äì55,Opciones para alergias,‚Ç¨,"Calle De L√©rida 58,  28020",Moncloa-Aravaca
401,Polloco Gourmet,26,3.5,3.00,30‚Äì50,Pollo,‚Ç¨,"Bravo Murillo, 120,  28020",Moncloa-Aravaca
402,Pomodoro,87,3.8,2.90,50‚Äì60,Italiana,‚Ç¨,"Av. De Filipinas, 30, 28003",Moncloa-Aravaca
403,Tiendas 7x24,62,4.5,2.90,30‚Äì40,Family Meals,‚Ç¨,"Calle De Barcel√≥ 6, 318,  28004",Moncloa-Aravaca
404,Mad Pollo,45,4.0,2.90,15‚Äì35,Pollo,‚Ç¨,"Calle De Raimundo Fern√°ndez Villaverde 33,  28020",Moncloa-Aravaca
405,El tr√©bol empanadas,16,4.5,2.90,45‚Äì55,Comida r√°pida,‚Ç¨,"Calle De San Andr√©s, 31, 28004",Moncloa-Aravaca
406,Pic & Nic,200,4.4,3.40,55‚Äì65,Mediterr√°nea,‚Ç¨‚Ç¨,"Paseo De S. Fco. De Sales, 3, 28003",Moncloa-Aravaca
407,Taste of America,26,3.5,2.40,35‚Äì45,Americana,‚Ç¨‚Ç¨,"Calle De Bravo Murillo, 34, 28015",Moncloa-Aravaca
408,Astros,26,3,2.90,45‚Äì55,Family Meals,‚Ç¨,"Calle De Guzm√°n El Bueno, 73, 28015",Moncloa-Aravaca
409,Aloha Poke,200,4.7,2.90,25‚Äì35,Poke,‚Ç¨,"Calle De Fern√°ndez De Los R√≠os, 98, 28015",Moncloa-Aravaca
410,Doner kebap efes,30,3.8,2.90,35‚Äì45,Kebab,‚Ç¨,"C. De La Princesa, 40, 28008",Moncloa-Aravaca
411,Starbucks,63,4.3,3.40,35‚Äì45,Cafe,‚Ç¨,"Paseo De S. Fco. De Sales, 17, 28003",Moncloa-Aravaca
412,Cherry Pecas,92,4.4,2.40,30‚Äì40,Comida r√°pida,‚Ç¨,"Calle De Vallehermoso, 42, 28015",Moncloa-Aravaca
413,Basically Just Burrito Bowls,26,3,2.90,45‚Äì55,Bar Food,‚Ç¨,"Calle Bravo Murillo 218,  28020",Moncloa-Aravaca
414,Sult√°n kebab,19,3.0,2.90,35‚Äì45,√Årabe,‚Ç¨‚Ç¨,"Calle De Bravo Murillo, 215, 28020",Moncloa-Aravaca
415,Great Kebab,26,3,2.90,40‚Äì50,Kebab,‚Ç¨,"Calle De Bravo Murillo 193, 28039",Moncloa-Aravaca
416,"Real Estambul Pizza, Doner y Kebab",15,3.4,2.90,45‚Äì55,Mediterr√°nea,‚Ç¨,"Calle De Jos√© Calvo 10,  28039",Moncloa-Aravaca
417,Pops ¬¥n Bops,26,3,2.40,50‚Äì60,China,‚Ç¨,"Calle Federico Sainz De Robles 3, 28035",Moncloa-Aravaca
418,Oriental Palace,167,4.4,2.90,45‚Äì55,Asiatica,‚Ç¨,"Calle De Galileo 40,  28015",Moncloa-Aravaca
419,Shawarma palace,15,3.5,2.40,50‚Äì60,Americana,‚Ç¨,"Plaza Del Descubridor Diego De Ord√°s, 4, 28003",Moncloa-Aravaca
420,Jimbo Smokehouse,68,4.7,2.90,45‚Äì55,Napolitana,‚Ç¨,"Calle Jose Calvo 10,  28039",Moncloa-Aravaca
421,Napoli Gang by Bel Mondo,26,3,2.40,50‚Äì60,Pizza,‚Ç¨,"Calle Rodr√≠guez San Pedro 44,  28015",Moncloa-Aravaca
422,Soda Bar,26,3,2.90,45‚Äì55,Comida r√°pida,‚Ç¨,"C. Del Dr. Ram√≥n Castroviejo, 59, 28035",Moncloa-Aravaca
423,Danny‚Äôs Jazz,11,4.7,2.40,50‚Äì60,Espa√±ola,‚Ç¨,"Calle Del Aviador Zorita 32,  28020",Moncloa-Aravaca
424,Ferreiro,26,3,3.40,35‚Äì45,Postres,‚Ç¨,"Calle De Almansa 41,  28039",Moncloa-Aravaca
425,TeKeS,78,4.8,2.40,30‚Äì40,Opciones para alergias,‚Ç¨‚Ç¨‚Ç¨,"Calle De C√°ndido Mateos 21,  28035",Moncloa-Aravaca
426,Toropikaru Sushi,26,3,3.40,35‚Äì45,Comfort Food,‚Ç¨,"Calle Sorgo 53, Nave 2,  28029",Moncloa-Aravaca
427,NUBO Rolls,15,4.3,3.40,35‚Äì45,Comida r√°pida,‚Ç¨,"Calle De Santa Engracia 108,  28003",Moncloa-Aravaca
428,DITALY,26,3,2.40,30‚Äì40,Empanada,‚Ç¨,"Calle De Fern√°ndez De Los R√≠os 85,  28015",Moncloa-Aravaca
429,Empanadas BAIRES,26,3,3.40,35‚Äì45,Empanada,‚Ç¨,"Calle De Ofelia Nieto, 42, 28039",Moncloa-Aravaca
430,Massburg,194,4.4,2.40,30‚Äì40,Opciones para alergias,‚Ç¨,"Zabaleta 1,  28002",Moncloa-Aravaca
431,Nola Smoke,199,4.2,1.00,15‚Äì35,Comida r√°pida,‚Ç¨,"Calle De Jos√© Calvo 6, 28039",Moncloa-Aravaca
432,Badsha India Restaurant,200,4.4,1.00,15‚Äì35,India,‚Ç¨,"Calle De Jos√© Calvo 10, 28039",Carabanchel
433,Comida de Pueblo,26,3,2.40,35‚Äì45,Gourmet,‚Ç¨,"Avenida De La Reina Victoria 68, 28040",Carabanchel
434,Papa John's,200,4.4,1.90,35‚Äì45,Pizza,‚Ç¨,"Calle Araucaria 19,  28039",Carabanchel
435,Roost Chicken,123,4.6,2.90,40‚Äì50,Pollo,‚Ç¨,"Calle De Isaac Peral 4, 28015",Carabanchel
436,McDonald's,200,4.4,2.90,30‚Äì40,Hamburguesas,‚Ç¨,"Calle De Isaac Peral 4, 28015",Carabanchel
437,Taco Bell,200,4.1,2.40,35‚Äì45,Hamburguesas,‚Ç¨,"Hilarion Eslava 42,  28015",Carabanchel
438,CONVEXO,69,4.6,2.90,35‚Äì45,Pollo,‚Ç¨‚Ç¨‚Ç¨,"Calle De Bravo Murillo 199,  28039",Carabanchel
439,Pollos al Carb√≥n,21,3.6,5.00,15‚Äì35,Pollo,‚Ç¨‚Ç¨,"Calle De Bravo Murillo, 113, 28039",Carabanchel
440,Little Caesars Pizza,200,4.6,3.00,5‚Äì25 ,Pizza,‚Ç¨,"Calle De Francos Rodr√≠guez, 42, 28039",Carabanchel
453,McDonald's,200,4.3,1.90,15‚Äì25,Hamburguesas,‚Ç¨,"Paseo De Santa Mar√≠a De La Cabeza, 86, 28045",Carabanchel
454,Beiben,14,4.2,2.40,30‚Äì40,Tapas,‚Ç¨,"Calle De Mira El Sol 23, 28005",Carabanchel
455,La Cochinita Loca,19,4.3,2.40,45‚Äì55,Colombiana,‚Ç¨,"Calle De Guetaria 72,  28041",Carabanchel
456,Pasta con todo üçù,26,3,2.40,45‚Äì55,Italiana,‚Ç¨,"Calle Fragata, 11,  28019",Carabanchel
457,Latin kebab,25,4.0,1.40,30‚Äì40,Kebab,‚Ç¨,"Calle Arechavaleta 6,  28041",Carabanchel
458,Pura Italia,109,3.2,1.90,35‚Äì55,Italiana,‚Ç¨,"Calle De Antonio L√≥pez 109,  28026",Carabanchel
459,Pollo Criollo,26,3,2.40,50‚Äì60,Pollo,‚Ç¨,"Calle De Juan Pascual De Mena 7, 28011",Carabanchel
460,Maha Kebab,11,4.3,2.40,20‚Äì30,Kebab,‚Ç¨,"Plaza De La Cebada, 10, 28005",Carabanchel
461,Taberna La Buha,24,4.2,2.40,60‚Äì70,Tapas,‚Ç¨,"Calle Mirasierra, 37, 28026",Carabanchel
462,Pizza Mirasierra,17,4.2,2.40,30‚Äì40,Pizza,‚Ç¨,"Calle De San Andr√©s, 31, 28004",Carabanchel
463,Pic & Nic,200,4.4,3.90,60‚Äì70,Mediterr√°nea,‚Ç¨,"Calle De Marcelo Usera 135,  28026",Carabanchel
464,Pizz-a-porter,26,3,1.90,30‚Äì40,Pizza,‚Ç¨,"Calle De Don Pedro 11, 28005",Carabanchel
465,Tabaxo - Don Pedro,26,3,2.40,50‚Äì60,S√°ndwich,‚Ç¨,"Paseo De Los Pontones, 24, 28005",Carabanchel
466,Taberna Piedra Pinta,26,3,1.90,45‚Äì55,Halal,‚Ç¨,"Calle V√≠a Carpetana, 226, 28047",Carabanchel
467,Dinos Bar Kebab,26,3,2.50,40‚Äì60,Kebab,‚Ç¨,"Av. Oporto, 89, 28025",Carabanchel
468,Gran Oporto Kebab,29,3.7,1.40,25‚Äì35,Kebab,‚Ç¨,"Glorieta De Embajadores 4, 28012",Carabanchel
469,GALAXY KEBAB,17,4.5,2.90,30‚Äì40,Kebab,‚Ç¨,"Calle V√≠a Carpetana 81,  28047",Carabanchel
470,Bar y Kebab La Parada,23,3,1.40,15‚Äì25,Kebab,‚Ç¨,"Calle De Embajadores, 28, 28012",Carabanchel
471,√âccolo,28,4.2,2.40,50‚Äì60,Tapas y raciones,‚Ç¨,"Calle De La Ruda, 5, 28005",Carabanchel
472,Malacatin,19,4.9,1.90,45‚Äì55,Pizza,‚Ç¨,"Calle De Melilla, 47, 28005",Carabanchel
473,Le Crust,25,4.4,2.50,40‚Äì60,Hamburguesas,‚Ç¨,"Paseo De Los Melanc√≥licos 7,  28005",Carabanchel
474,Toro Burger Lounge,27,4.1,1.40,25‚Äì35,Comida reconfortante,‚Ç¨,"Plaza De Cascorro, 16,  28005",Carabanchel
475,Cor & Cor,11,4.3,2.90,30‚Äì40,Postres,‚Ç¨,"Calle Campo De La Paloma 32,  28018",Carabanchel
476,Arepa Mix,38,3.9,1.40,15‚Äì25,Venezolana,‚Ç¨‚Ç¨,"Calle De Ferroviarios 98,  28026",Carabanchel
477,Bocadillos Ole,23,3,2.40,60‚Äì70,Bocadillo,‚Ç¨,"Calle De Dolores Barranco, 88, 28026",Carabanchel
478,IGo Pasta,89,4.5,2.40,30‚Äì40,Italiana,‚Ç¨,"Calle De Santa Isabel, 5, 28012",Carabanchel
479,Yokaloka,23,3.6,3.90,60‚Äì70,Comfort Food,‚Ç¨,"Calle De Jaime Vera 12,  28011",Carabanchel
480,Burger Las Vegas,23,3.6,1.90,30‚Äì40,Hamburguesas,‚Ç¨‚Ç¨,"Calle De Antonio L√≥pez 109,  28026",Carabanchel
481,Alice Pizza,23,3.6,2.40,50‚Äì60,Pizza,‚Ç¨,"Calle De C√°ceres 5, 28045",Carabanchel
482,Herb√≠voro,23,3.6,1.90,45‚Äì55,Parrilla,‚Ç¨,"Paseo De Los Melancolicos 7,  28005",Carabanchel
483,La Manousheria,23,3.6,2.50,40‚Äì60,Postres,‚Ç¨,"Calle De Los Y√©benes 150,  28047",Carabanchel
484,Popizza,23,3.6,0.90,30‚Äì40,Pollo,‚Ç¨,"Calle De Marcelo Usera 12,  28026",Carabanchel
485,"Asador de pollos ""LA WISLLA""",23,3.6,2.50,40‚Äì60,Carne,‚Ç¨,"C/ General Ricardos, 159 , 28025",Carabanchel
486,Papa John's,200,4.3,0.90,30‚Äì40,Pizza,‚Ç¨,"Calle De Embajadores, 14 ,  28012",Usera
487,TUTTO PASTA!,26,2.8,2.50,40‚Äì60,Comida r√°pida,‚Ç¨,"Calle De Matilde Hern√°ndez 90, 28025",Usera
488,Restaurante Sabor K-Tracho,23,3.6,1.40,35‚Äì45,Alcohol,‚Ç¨,"Calle Del Gral. Ricardos, 92,  28019",Usera
489,Autoservicio,77,4.8,0.90,15‚Äì25,Tienda,‚Ç¨,"Av. Del Manzanares, 210, 28026",Usera
490,Little Caesars Pizza,200,4.6,1.40,40‚Äì50,Pizza,‚Ç¨,"Calle De C√°ceres 1,  28045",Usera
491,Comida china yonghe,50,4.3,2.40,40‚Äì50,China,‚Ç¨‚Ç¨‚Ç¨,"Calle De La Alianza 33,  28041",Usera
492,Chinawokexpress,200,4.2,4.25,30‚Äì50,China,‚Ç¨,"Paseo Del Doctor Vallejo N√°gera, 25, 28005",Usera
493,Papa John's,200,4.3,2.40,30‚Äì40,Pizza,‚Ç¨,"Avenida De Oporto 14, 28019",Usera
494,TROPICALISSIMA,84,4.4,1.40,30‚Äì40,Alcohol,‚Ç¨‚Ç¨‚Ç¨,"Calle Azabache, 6, 28019",Usera
495,Super Dog,25,3.7,1.40,30‚Äì50,Hamburguesas,‚Ç¨,"Calle Del Gral. Ricardos, 92,  28019",Usera
496,Autoservicio,77,4.8,2.40,30‚Äì40,Tienda,‚Ç¨,"Avenida De Orovilla 46, 28041",Usera
497,Burger 123,15,4.3,2.40,45‚Äì55,Hamburguesas,‚Ç¨,"C/ Ejos 15, 28026",Usera
498,Pollo Rico Al carb√≥n,68,4.5,0.90,40‚Äì50,Pollo,‚Ç¨,"Calle C√°ceres, 34, 28045",Usera
499,Ristorante Pizzer√≠a Dante,61,4.1,2.40,45‚Äì55,Pizza,‚Ç¨,"Calle De Moncada 122,  28021",Usera
500,Pollos a la brasa el Corral,31,4.6,3.00,30‚Äì50,Pollo,‚Ç¨,"Paseo De Santa Mar√≠a De La Cabeza, 86, 28045",Usera
501,Beiben,14,4.2,1.90,30‚Äì40,Tapas,‚Ç¨,"Calle De Guetaria 72,  28041",Usera
502,Pasta con todo üçù,23,3.6,1.40,40‚Äì50,Italiana,‚Ç¨,"Calle De Antonio L√≥pez 109,  28026",Usera
503,Pollo Criollo,23,3.6,1.40,45‚Äì55,Pollo,‚Ç¨,"Av. De Andaluc√≠a, 19, 28041",Usera
504,McDonald's,200,4.1,1.90,20‚Äì30,Hamburguesas,‚Ç¨,"Calle De La Antracita 12,  28045",Usera
505,Empanadas Malv√≥n,31,5.0,1.90,35‚Äì45,Empanada,‚Ç¨,"Calle Mirasierra, 37, 28026",Usera
506,Pizza Mirasierra,17,4.2,1.40,20‚Äì30,Pizza,‚Ç¨,"Calle Arechavaleta 6,  28041",Usera
507,Pura Italia,109,3.2,1.90,35‚Äì55,Italiana,‚Ç¨,"Traves√≠a Arechavaleta 4,  28041",Usera
508,"Aqua, Farina e Forno",17,2.9,1.90,10‚Äì30,Pasta,‚Ç¨,"Calle Ariel,15,  28045",Usera
509,El Buen Gusto,17,4.5,2.40,50‚Äì60,Bar Food,‚Ç¨,"Calle De Marcelo Usera 135,  28026",Usera
510,Pizz-a-porter,23,3.6,0.90,25‚Äì35,Pizza,‚Ç¨,"Calle De Palos De La Frontera 38,  28045",Usera
511,La Pizza √© Bella,12,4.5,2.90,40‚Äì50,Pizza,‚Ç¨,"Paseo Del Molino, 1, 28045",Usera
512,Kebab Nemrut,81,4.3,1.90,25‚Äì35,Kebab,‚Ç¨,"Calle V√≠a Carpetana, 226, 28047",Usera
513,Dinos Bar Kebab,23,3.6,2.50,40‚Äì60,Kebab,‚Ç¨,"Glorieta De Embajadores 4, 28012",Usera
514,GALAXY KEBAB,17,4.5,2.90,30‚Äì40,Kebab,‚Ç¨,"Av. Oporto, 89, 28025",Usera
515,Gran Oporto Kebab,29,3.7,2.90,35‚Äì45,Kebab,‚Ç¨‚Ç¨,"Calle De Jos√© Antonio De Armona 12,  28012",Usera
516,Ramen Kagura,23,3.6,1.40,45‚Äì55,Comida reconfortante,‚Ç¨,"Calle De Tarragona 36,  28045",Usera
517,RAVIOLUZIONE,40,4.2,1.90,20‚Äì30,Pizza,‚Ç¨,"Calle De Melilla, 47, 28005",Usera
518,Le Crust,25,4.4,1.90,35‚Äì45,Hamburguesas,‚Ç¨,"Calle Campo De La Paloma 32,  28018",Usera
519,Arepa Mix,38,3.9,1.40,20‚Äì30,Venezolana,‚Ç¨,"Centro Comercial Plaza Rio 2, 28026",Usera
520,Llaollao,39,4.4,1.90,35‚Äì55,Gourmet,‚Ç¨‚Ç¨,"Calle De Ferroviarios 98,  28026",Usera
521,Bocadillos Ole,23,3.6,1.90,10‚Äì30,Bocadillo,‚Ç¨,"Calle De Dolores Barranco, 88, 28026",Usera
522,IGo Pasta,89,4.5,2.40,50‚Äì60,Italiana,‚Ç¨,"Calle De Santa Isabel, 5, 28012",Usera
523,Yokaloka,23,3.6,0.90,25‚Äì35,Tapas y raciones,‚Ç¨,"Calle De La Antracita, 10, 28045",Usera
524,Cantina Canalla,24,4.2,2.90,40‚Äì50,De Latinoam√©rica,‚Ç¨,"Paseo De Santa Mar√≠a De La Cabeza, 60, 28012",Usera
525,√ìrale burrito,23,3.6,1.90,25‚Äì35,Burritos,‚Ç¨‚Ç¨,"Calle De Antonio L√≥pez 109,  28026",Usera
526,Alice Pizza,23,3.6,2.50,40‚Äì60,Pizza,‚Ç¨,"Calle De M√©ndez √Ålvaro 77,  28045",Usera
527,Tasty Poke,178,4.6,2.90,30‚Äì40,Poke,‚Ç¨,"Calle De C√°ceres 5, 28045",Usera
528,Herb√≠voro,23,3.6,1.40,45‚Äì55,Parrilla,‚Ç¨,"Calle De Lillo 1,  28041",Usera
529,Abaco Taberna,23,3.6,1.90,20‚Äì30,Con opciones veganas,‚Ç¨,"Calle Del √Åncora 26,  28045",Usera
530,S√©samo,23,3.6,1.90,35‚Äì45,Pollo,‚Ç¨,"Calle De Marcelo Usera 12,  28026",Usera
531,"Asador de pollos ""LA WISLLA""",23,3.6,1.40,20‚Äì30,Carne,‚Ç¨,"Calle De Carde√±osa 42, 28053",Usera
532,Mac2Pic2,23,3.6,1.90,35‚Äì55,Boliviana,‚Ç¨,"Marcelo Usera 12, 28026",Usera
533,Asador de Pollos,23,3.6,1.90,10‚Äì30,Pollo,‚Ç¨,"Calle Alf√©rez Juan Usera, 34,  28019",Usera
534,Cheff oriental,23,3.6,2.40,50‚Äì60,Asiatica,‚Ç¨,"Paseo De Santa Mar√≠a De La Cabeza 32,  28045",Usera
535,Kaleka Poke,23,3.6,0.90,25‚Äì35,Kebab,‚Ç¨,"Paseo Molino, 7, 28045",Usera
536,Pizzeria Roberto,33,4.2,2.90,40‚Äì50,Pizza,‚Ç¨,"Calle De Jos√© Antonio De Armona 7,  28012",Usera
537,Pui's Thai tapas,43,4.6,1.90,25‚Äì35,Comida r√°pida,‚Ç¨,"Calle Sallaberry, 101, 28019",Usera
538,Comida China Feliz,200,4.4,2.50,40‚Äì60,China,‚Ç¨,"Avenida De Palomeras 150 , 28018",Usera
539,Merecumbe,100,4.3,2.90,30‚Äì40,Venezolana,‚Ç¨,"Calle De Embajadores, 12 ,  28045",Usera
540,TUTTO PASTA!,26,2.8,2.90,35‚Äì45,Alcohol,‚Ç¨,"Avenida De Rafaela Ybarra 37,  28026",Puente de Vallecas
541,Perla del Pacifico,66,4.1,0.90,30‚Äì40,Mediterr√°nea,‚Ç¨,"Calle De Matilde Hern√°ndez 90, 28025",Puente de Vallecas
542,Restaurante Sabor K-Tracho,23,3.6,2.40,40‚Äì50,Pollo,‚Ç¨,"Av. De La Albufera, 91, 28053",Puente de Vallecas
543,Precio Calidad y sabor,17,4.4,2.00,40‚Äì60,Bar Food,‚Ç¨‚Ç¨‚Ç¨,"Calle De La Alianza 33,  28041",Puente de Vallecas
544,Chinawokexpress,200,4.2,4.25,30‚Äì50,China,‚Ç¨,"Calle Felipe Fraile 5,  28038",Puente de Vallecas
545,On Rush,14,4.8,1.40,40‚Äì50,Burritos,‚Ç¨‚Ç¨‚Ç¨,"Calle Azabache, 6, 28019",Puente de Vallecas
546,Super Dog,25,3.7,2.49,30‚Äì50,Hamburguesas,‚Ç¨,"Calle Del Pico De La Maliciosa 6,  28038",Puente de Vallecas
547,Bur Burger,50,4.4,2.49,50‚Äì70,Hamburguesas,‚Ç¨,"Avenida De La Albufera, 40,  28038",Puente de Vallecas
548,El Sabroso Albufera,30,3.9,1.40,20‚Äì30,Comida r√°pida,‚Ç¨,"Calle Monederos 12,  28026",Puente de Vallecas
549,Precio Calidad y sabor,17,4.4,2.00,40‚Äì60,Bar Food,‚Ç¨,"Avenida De La Albufera 119,  28038",Puente de Vallecas
550,Kebab Rayo,117,3.8,0.90,25‚Äì35,Kebab,‚Ç¨,"Calle De Moncada 122,  28021",Puente de Vallecas
551,Pollos a la brasa el Corral,31,4.6,3.00,30‚Äì50,Pollo,‚Ç¨,"Av. Pablo Neruda, 91, 28018",Puente de Vallecas
552,McDonald's,200,4.1,0.90,15‚Äì25,Hamburguesas,‚Ç¨,"Av. De La Albufera, 20, 28053",Puente de Vallecas
553,Popeyes,187,4.1,1.99,20‚Äì40,Pollo,‚Ç¨,"Calle De La Antracita 12,  28045",Puente de Vallecas
554,Empanadas Malv√≥n,31,5.0,2.40,40‚Äì50,Empanada,‚Ç¨‚Ç¨,"Calle Del Puerto De Balbar√°n 31,  28018",Puente de Vallecas
555,Kebab Entrevias,43,4.5,1.40,25‚Äì35,Kebab,‚Ç¨,"Calle Arechavaleta 6,  28041",Puente de Vallecas
556,Pura Italia,109,3.2,1.90,35‚Äì55,Italiana,‚Ç¨,"Calle Ariel,15,  28045",Puente de Vallecas
557,El Buen Gusto,17,4.5,1.90,45‚Äì55,Bar Food,‚Ç¨,"Calle De Benjam√≠n Palencia, 32,  28038",Puente de Vallecas
558,Poke Ukelele,68,4.2,1.90,45‚Äì65,Poke,‚Ç¨,"Av. Del Mediterr√°neo, 30, 28009",Puente de Vallecas
559,Mahalo Poke,23,3.6,2.50,30‚Äì50,Poke,‚Ç¨‚Ç¨,"Calle Del Camino De Los Vinateros, 22, 28030",Puente de Vallecas
560,Ankara Doner Kebab,38,4.3,2.40,40‚Äì50,Kebab,‚Ç¨,"Av. De Entrev√≠as, 58, 28053",Puente de Vallecas
561,Shaurma House,26,4.3,1.90,20‚Äì30,Pollo,‚Ç¨,"Avenida Del Monte Igueldo 36,  28053",Puente de Vallecas
562,Istanbul Kebab Madrid,23,3.6,1.40,30‚Äì40,Asi√°tica,‚Ç¨,"Av Del Monte Igueldo, 36, 28053",Puente de Vallecas
563,Kebab Vallecano,12,4.0,1.40,30‚Äì40,Kebab,‚Ç¨,"Calle De Benadalid 6,  28018",Puente de Vallecas
564,Star Kebab Pollo Asado,14,4.1,2.40,35‚Äì45,Pollo,‚Ç¨‚Ç¨,"Calle De Pe√±a De La Atalaya, 86, 28053",Puente de Vallecas
565,Entrecarb√≥n,23,3.6,1.90,20‚Äì30,Carne,‚Ç¨,C/ Felipe Fraile 5 28038,Puente de Vallecas
566,Pizzamarket,30,4.8,1.90,20‚Äì30,Pizza,‚Ç¨‚Ç¨,"Av. Del Mediterr√°neo, 21, 28007",Puente de Vallecas
567,Twin Pizza Mediterr√°neo,17,4.2,1.90,20‚Äì30,China,‚Ç¨,"Avenida Pablo Neruda 108,  28018",Puente de Vallecas
568,Panda Sushi,133,4.4,1.90,20‚Äì30,Saludable,‚Ç¨‚Ç¨,"Calle De Arias Montano, 42, 28007",Puente de Vallecas
569,Acqua in Bocca,36,4.3,1.90,20‚Äì30,Opciones para alergias,‚Ç¨,"Calle Campo De La Paloma 32,  28018",Puente de Vallecas
570,Arepa Mix,38,3.9,1.90,20‚Äì30,Venezolana,‚Ç¨,"Calle Felipe Fraile 5,  28038",Puente de Vallecas
571,THE SCHNITZEL BOSS,23,3.6,1.90,20‚Äì30,Sudamericana,‚Ç¨,"Calle Del Pico De La Maliciosa 6,  28038",Puente de Vallecas
572,Frida Burritos,47,4.5,1.90,20‚Äì30,Burritos,‚Ç¨‚Ç¨,"Calle De Ferroviarios 98,  28026",Puente de Vallecas
573,Bocadillos Ole,23,3.6,1.90,20‚Äì30,Bocadillo,‚Ç¨,"Calle Felipe Fraile 5,  28038",Puente de Vallecas
574,Ceviches Marakaza,23,3.6,1.40,30‚Äì40,Peruana,‚Ç¨,"Avenida Pablo Neruda, 96 , 28018",Puente de Vallecas
575,Burger Town,23,3.6,1.40,30‚Äì40,Hamburguesas,‚Ç¨,"Calle Del Puerto Canfranc, 42, 28038",Puente de Vallecas
576,Comida Fusi√≥n,19,3.7,1.40,30‚Äì40,Fusi√≥n latina,‚Ç¨,"Avenida De Pe√±a Prieta 22,  28038",Puente de Vallecas
577,SUKAO FOOD FUSION,60,3.6,1.40,30‚Äì40,Japonesa,‚Ç¨,"Calle De Santa Isabel, 5, 28012",Puente de Vallecas
578,Yokaloka,60,3.6,1.40,30‚Äì40,Tapas y raciones,‚Ç¨,"Calle De La Antracita, 10, 28045",Puente de Vallecas
579,Cantina Canalla,24,4.2,1.40,30‚Äì40,De Latinoam√©rica,‚Ç¨,"Calle De La Cruz Del Sur 5,  28007",Puente de Vallecas
580,BURRITOS & TACOS,86,3.5,1.40,25‚Äì35,Burritos,‚Ç¨,"Avenida Pe√±a Prieta 50,  28038",Puente de Vallecas
581,Asador Delicasa,14,4.0,1.40,25‚Äì35,Carne,‚Ç¨,"Calle De Gutenberg 3, 28014",Puente de Vallecas
582,Waiwai Fusion Poke Atocha,32,4.7,1.40,25‚Äì35,Alcohol,‚Ç¨,"Calle De M√©ndez √Ålvaro 77,  28045",Puente de Vallecas
583,Tasty Poke,178,4.6,1.40,25‚Äì35,Poke,‚Ç¨,"Av. Pablo Neruda, 91, 28018",Puente de Vallecas
584,Don Tortilla,24,4.1,1.40,25‚Äì35,Saludable,‚Ç¨,"Calle De C√°ceres 5, 28045",Puente de Vallecas
585,Herb√≠voro,60,3.8,1.40,25‚Äì35,Parrilla,‚Ç¨,"Avenida De Buenos Aires 63,  28018",Puente de Vallecas
586,Kebab Turca,60,3.8,1.40,25‚Äì35,Kebab,‚Ç¨,"Calle De Carde√±osa 42, 28053",Puente de Vallecas
587,Mac2Pic2,60,3.8,1.40,25‚Äì35,Boliviana,‚Ç¨,"Av. De La Albufera, 226, 28018",Puente de Vallecas
588,Ateshgah Albufera,60,3.8,1.40,25‚Äì35,Fritura,‚Ç¨,"Avenida Pablo Neruda, 96 , 28018",Puente de Vallecas
589,Superbestia,60,3.8,1.40,25‚Äì35,Pizza,‚Ç¨,"Paseo Molino, 7, 28045",Puente de Vallecas
590,Pizzeria Roberto,33,4.2,1.40,25‚Äì35,Pizza,‚Ç¨,"Avenida De Palomeras 150 , 28018",Puente de Vallecas
591,Merecumbe,100,4.3,1.40,25‚Äì35,Venezolana,‚Ç¨‚Ç¨,"Calle De Ferroviarios 98,  28026",Puente de Vallecas
592,Mr Patata,60,3.8,1.40,25‚Äì35,Pollo,‚Ç¨,"Calle De Lituania 6,  28030",Puente de Vallecas
593,Drag√≥n,60,3.8,1.40,25‚Äì35,Pizza,‚Ç¨,"Calle De Embajadores, 12 ,  28045",Puente de Vallecas
594,TUTTO PASTA!,26,2.8,2.60,40‚Äì60,Comida r√°pida,‚Ç¨,"Av. De La Albufera, 226, 28018",Moratalaz
595,Papa John's,200,4.4,1.40,25‚Äì35,Pizza,‚Ç¨,"Calle Del Pico De La Maliciosa 6,  28038",Moratalaz
596,Streat Lab,50,4.6,2.49,50‚Äì70,Pollo,‚Ç¨,"Av. De La Albufera, 91, 28053",Moratalaz
597,Pizz-a-porter,60,3.8,0.90,35‚Äì45,Pizza,‚Ç¨‚Ç¨‚Ç¨,"Calle De La Alianza 33,  28041",Moratalaz
598,Chinawokexpress,200,4.2,4.25,30‚Äì50,China,‚Ç¨,"Calle Del Pico De La Maliciosa 6,  28038",Moratalaz
599,Streat Lab,50,4.6,1.90,40‚Äì50,Pollo,‚Ç¨,"Calle Felipe Fraile 5,  28038",Moratalaz
600,On Rush,14,4.8,2.40,45‚Äì55,Burritos,‚Ç¨,"Av. De La Albufera, 91, 28053",Moratalaz
601,Pizz-a-porter,60,3.8,1.90,45‚Äì55,Pizza,‚Ç¨,"Calle De Berastegui 24,  28017",Moratalaz
602,Perla del Pacifico,30,4.3,2.40,40‚Äì50,Mediterr√°nea,‚Ç¨,"Avenida De La Albufera, 40,  28038",Moratalaz
603,El Sabroso Albufera,30,3.9,2.40,25‚Äì35,Comida r√°pida,‚Ç¨,"Calle Manuel Machado, 6, 28030",Moratalaz
604,McDonald's,200,4.2,1.90,30‚Äì40,Hamburguesas,‚Ç¨,"Calle Del Pico De La Maliciosa 6,  28038",Moratalaz
605,Bur Burger,50,4.4,1.90,40‚Äì50,Hamburguesas,‚Ç¨‚Ç¨‚Ç¨,"Calle Azulejo 2,  28028",Moratalaz
606,Empanadas BAIRES,60,3.8,2.90,45‚Äì55,Empanada,‚Ç¨,"Calle Esteban Collantes, 31,  28017",Moratalaz
607,Croqueteria Focos,60,3.8,2.90,35‚Äì45,Croquetas,‚Ç¨,"Calle De Gonzalo De Berceo 63,  28017",Moratalaz
608,Asador Perla del Pacifico Ascao,39,4.6,2.40,40‚Äì50,Carne,‚Ç¨,"Av. De La Albufera, 20, 28053",Moratalaz
609,Popeyes,187,4.1,1.99,20‚Äì40,Pollo,‚Ç¨,"Avenida De La Albufera 119,  28038",Moratalaz
610,Kebab Rayo,117,3.8,1.90,35‚Äì45,Kebab,‚Ç¨,"Paseo Del Marqu√©s De Zafra 38, 28028",Moratalaz
611,DIVE`S FOOD,60,3.8,2.40,45‚Äì55,Hamburguesas,‚Ç¨,"Calle De Juli√°n Camarillo 47,  28037",Moratalaz
612,Pic & Nic,200,4.5,3.40,30‚Äì40,Mediterr√°nea,‚Ç¨,"Calle De Benjam√≠n Palencia, 32,  28038",Moratalaz
613,Poke Ukelele,68,4.2,3.40,45‚Äì65,Poke,‚Ç¨‚Ç¨‚Ç¨,"Av. De Moratalaz, 137, 28030",Moratalaz
614,Kebab moratalaz,60,3.8,1.40,30‚Äì40,Kebab,‚Ç¨,"Av. Del Mediterr√°neo, 30, 28009",Moratalaz
615,Mahalo Poke,60,3.8,2.50,30‚Äì50,Poke,‚Ç¨,"Av. Del Marqu√©s De Corbera, 40, 28017",Moratalaz
616,Bar el casta√±o,60,3.8,2.40,35‚Äì45,Mediterranea,‚Ç¨‚Ç¨,"Calle Del Camino De Los Vinateros, 22, 28030",Moratalaz
617,Ankara Doner Kebab,38,4.3,1.90,30‚Äì40,Kebab,‚Ç¨,"Avenida Del Monte Igueldo 36,  28053",Moratalaz
618,Istanbul Kebab Madrid,60,3.8,2.40,40‚Äì50,Kebab,‚Ç¨,"Calle De Benadalid 6,  28018",Moratalaz
619,Star Kebab Pollo Asado,14,4.1,2.40,35‚Äì45,Pollo,‚Ç¨,"Av Del Monte Igueldo, 36, 28053",Moratalaz
620,Kebab Vallecano,12,4.0,2.40,40‚Äì50,Kebab,‚Ç¨,"Calle De Ezequiel Solana, 52, 28017",Moratalaz
621,Da Yuan,200,4.4,2.40,40‚Äì50,Comida r√°pida,‚Ç¨,C/ Felipe Fraile 5 28038,Moratalaz
622,Pizzamarket,30,4.8,2.40,40‚Äì50,Pizza,‚Ç¨,"Calle De Ricardo Ortiz, 20, 28017",Moratalaz
623,Tennessee BBQ,77,4.8,2.40,40‚Äì50,Pizza,‚Ç¨,"Calle De Zabaleta 1, 28002",Moratalaz
624,Napoli Gang by Bel Mondo,200,4.6,2.40,40‚Äì50,Pizza,‚Ç¨‚Ç¨,"Av. Del Mediterr√°neo, 21, 28008",Moratalaz
625,Twin Pizza Mediterr√°neo,17,4.2,2.40,40‚Äì50,India,‚Ç¨‚Ç¨,"Calle Francisco Villaespesa, 6, 28017",Moratalaz
626,Mother india,37,4.3,2.40,40‚Äì50,China,‚Ç¨,"Avenida Pablo Neruda 108,  28018",Moratalaz
627,Panda Sushi,133,4.4,2.40,40‚Äì50,Saludable,‚Ç¨,"Calle Del Vizconde De Matamala 5,  28028",Moratalaz
628,Cl√°sico Argentino üá¶üá∑ ,41,4.5,2.40,40‚Äì50,Empanada,‚Ç¨‚Ç¨,"Calle De Arias Montano, 42, 28007",Moratalaz
629,Acqua in Bocca,36,4.3,2.40,40‚Äì50,Comida r√°pida,‚Ç¨,"Calle Buen Gobernador, 6,  28027",Moratalaz
630,Happy Burger,90,4.3,2.40,40‚Äì50,Hamburguesas,‚Ç¨,"Calle Campo De La Paloma 32,  28018",Moratalaz
631,Arepa Mix,38,3.9,2.40,40‚Äì50,Venezolana,‚Ç¨,"Calle Felipe Fraile 5,  28038",Moratalaz
632,THE SCHNITZEL BOSS,60,3.8,2.40,40‚Äì50,Sudamericana,‚Ç¨,"Calle Del Pico De La Maliciosa 6,  28038",Moratalaz
633,Frida Burritos,47,4.5,2.40,40‚Äì50,Burritos,‚Ç¨,"Calle De Gandhi 71, 28017",Moratalaz
634,Veg&Bite,12,4.9,2.40,40‚Äì50,Postres,‚Ç¨,"Calle Felipe Fraile 5,  28038",Moratalaz
635,Ceviches Marakaza,60,3.8,2.40,40‚Äì50,Peruana,‚Ç¨,"Calle Del Vizconde De Matamala 5,  28028",Moratalaz
636,Sushi Not Sorry,60,3.8,2.40,40‚Äì50,Fusi√≥n asi√°tica,‚Ç¨,"Calle De Maiquez 50,  28009",Moratalaz
637,Nagasaki Sushi Retiro,60,3.8,2.40,40‚Äì50,China,‚Ç¨,"Calle Del Puerto Canfranc, 42, 28038",Moratalaz
638,Comida Fusi√≥n,19,3.7,2.40,40‚Äì50,Fusi√≥n latina,‚Ç¨,"Avenida De Pe√±a Prieta 22,  28038",Moratalaz
639,SUKAO FOOD FUSION,60,3.8,2.50,40‚Äì60,Japonesa,‚Ç¨,"Zabaleta 1,  28002",Moratalaz
640,Nola Smoke,199,4.2,2.50,40‚Äì60,Comida r√°pida,‚Ç¨,"Calle De La Cruz Del Sur 5,  28007",Moratalaz
641,BURRITOS & TACOS,86,3.5,2.50,40‚Äì60,Burritos,‚Ç¨,"Avenida Pe√±a Prieta 50,  28038",Moratalaz
642,Asador Delicasa,14,4.0,2.50,40‚Äì60,Carne,‚Ç¨,"Fuente Carrantona 24, 28030",Moratalaz
643,TGB,174,3.9,2.50,40‚Äì60,Hamburguesas,‚Ç¨,"Avenida Uni√≥n Europea 5,  28850",Moratalaz
644,√Ågora Torrej√≥n,60,3.8,2.50,40‚Äì60,Fried Foods,‚Ç¨,"Avenida De Buenos Aires 63,  28018",Moratalaz
645,Kebab Turca,60,3.8,2.50,40‚Äì60,Kebab,‚Ç¨,"Av. De La Albufera, 226, 28018",Moratalaz
646,Ateshgah Albufera,60,3.8,2.50,40‚Äì60,Fritura,‚Ç¨,"Avenida Pablo Neruda, 96 , 28018",Moratalaz
647,Superbestia,60,3.8,2.50,40‚Äì60,Pizza,‚Ç¨,"Calle De Embajadores, 12 ,  28045",Moratalaz
648,TUTTO PASTA!,26,2.8,2.50,40‚Äì60,Pizza,‚Ç¨,"Alcalde Luis De Marichala 3, 28030",Ciudad Lineal
649,Papa John's,127,4.1,1.40,35‚Äì45,Pizza,‚Ç¨,"Calle Azulejo 2,  28028",Ciudad Lineal
650,Pizzer√≠a Argentina El Tr√©bol,60,3.8,2.90,45‚Äì55,Pizza,‚Ç¨‚Ç¨,"Calle De La Alianza 33,  28041",Ciudad Lineal
651,Chinawokexpress,200,4.2,4.25,30‚Äì50,China,‚Ç¨‚Ç¨,"Calle Lopez de Hoyos 15, 28006",Ciudad Lineal
652,El Burrito Borracho,60,2.7,2.90,40‚Äì50,Burritos,‚Ç¨,"Calle Azulejo 2,  28028",Ciudad Lineal
653,Pizzer√≠a Argentina El Tr√©bol,60,2.7,1.90,40‚Äì50,Pizza,‚Ç¨,"Calle De Berastegui 24,  28017",Ciudad Lineal
654,Perla del Pacifico,30,4.3,1.40,35‚Äì45,Mediterr√°nea,‚Ç¨‚Ç¨‚Ç¨,"Calle De La Alianza 33,  28041",Ciudad Lineal
655,Chinawokexpress,200,4.2,4.25,30‚Äì50,China,‚Ç¨,"Plaza Bami, 26, 28017",Ciudad Lineal
656,El Burrito Borracho,60,2.7,1.40,30‚Äì40,Burritos,‚Ç¨,"Calle De Jos√© Ortega Y Gasset 94, 28006",Ciudad Lineal
657,Empanadas Malv√≥n,48,4.9,1.90,25‚Äì35,Empanada,‚Ç¨‚Ç¨‚Ç¨,"Calle Azulejo 2,  28028",Ciudad Lineal
658,Empanadas BAIRES,60,2.7,1.90,40‚Äì50,Empanada,‚Ç¨,"L√≥pez De Hoyos , 153, 28224",Ciudad Lineal
659,Popeyes,200,4.4,1.90,35‚Äì45,Pollo,‚Ç¨,"Alcala 191, 28006",Ciudad Lineal
660,Pastamore,98,4.6,2.40,30‚Äì40,Italiana,‚Ç¨,"Calle Esteban Collantes, 31,  28017",Ciudad Lineal
661,Croqueteria Focos,60,2.7,1.40,25‚Äì35,Croquetas,‚Ç¨,"Calle Del Pr√≠ncipe De Vergara, 210, 28002",Ciudad Lineal
662,Home Burger Bar,198,4.1,2.40,35‚Äì45,Hamburguesas,‚Ç¨,"Calle De La Virgen De La Fuencisla, 19,  28027",Ciudad Lineal
663,HyH Kebab Fried Chicken,23,3.6,1.00,40‚Äì60,Pollo,‚Ç¨,"Calle Mateo Garc√≠a, 13, 28017",Ciudad Lineal
664,Pollos Gourmet,22,2.7,1.40,25‚Äì35,Pollo,‚Ç¨‚Ç¨,"Calle De Azcona 36,  28028",Ciudad Lineal
665,Arepish,186,4.6,1.90,30‚Äì40,Venezolana,‚Ç¨,"Calle De Cronos, 6, 28037",Ciudad Lineal
666,Ichibanya,40,4.0,1.90,40‚Äì60,Comida r√°pida,‚Ç¨,"Calle De Gonzalo De Berceo 63,  28017",Ciudad Lineal
667,Asador Perla del Pacifico Ascao,39,4.6,1.90,30‚Äì40,Carne,‚Ç¨,"Calle De Juli√°n Camarillo 47,  28037",Ciudad Lineal
668,Pic & Nic,200,4.5,2.40,25‚Äì35,Mediterr√°nea,‚Ç¨,"Paseo Del Marqu√©s De Zafra 38, 28028",Ciudad Lineal
669,DIVE`S FOOD,22,2.7,1.90,40‚Äì50,Hamburguesas,‚Ç¨,"Calle De Las Naciones 5,  28006",Ciudad Lineal
670,PaellaGood,22,2.7,2.40,45‚Äì55,Mediterr√°nea,‚Ç¨‚Ç¨,"Calle De Alcal√°, 339, 28027",Ciudad Lineal
671,Pa Picar,22,2.7,0.90,20‚Äì30,Mediterr√°nea,‚Ç¨,"Calle Del Gral. Pardi√±as, 32, 28001",Ciudad Lineal
672,Rude Burger,36,4.8,2.90,40‚Äì50,Hamburguesas,‚Ç¨‚Ç¨,"Calle Lopez de Hoyos 15, 28006",Ciudad Lineal
673,100 % Sano,22,2.7,2.90,35‚Äì45,Saludable,‚Ç¨,"Calle De San Romualdo, 22, 28037",Ciudad Lineal
674,McDonald's,200,4.2,2.40,20‚Äì30,Hamburguesas,‚Ç¨,"Calle Del Marqu√©s De Mond√©jar, 4,  28028",Ciudad Lineal
675,Thai Zafra,38,4.6,1.90,25‚Äì35,Opciones para alergias,‚Ç¨,"Calle De Mar√≠a De Molina, 44, 28006",Ciudad Lineal
676,Flame,22,2.7,2.40,45‚Äì55,Hamburguesas,‚Ç¨‚Ç¨,"Calle Conde De Penalver 35,  28006",Ciudad Lineal
677,Cor & Cor,35,4.3,2.40,50‚Äì60,Postres,‚Ç¨,"Calle De Maldonado, 51, 28006",Ciudad Lineal
678,Tiendas 7x24,140,4.8,2.40,30‚Äì40,Fusi√≥n asi√°tica,‚Ç¨,"Calle De M√©jico 20,  28028",Ciudad Lineal
679,Restaurante Chino Diamante,100,4.0,1.90,35‚Äì45,China,‚Ç¨,"Calle De Emilio Gastesi Fern√°ndez 12, 28027",Ciudad Lineal
680,Tienduki,22,2.7,2.99,5‚Äì25 ,Comida r√°pida,‚Ç¨,"Calle Del Dr. Esquerdo, 10, 28028",Ciudad Lineal
681,Empanadas Pampas,22,2.7,2.40,35‚Äì45,Empanada,‚Ç¨,"Calle Ferreter√≠a, 3, 28037",Ciudad Lineal
682,Make doner,15,3.9,2.40,50‚Äì60,S√°ndwiches,‚Ç¨,"Calle Zabaleta 1,  28002",Ciudad Lineal
683,CHUCK CHUCK CHICKEN,22,2.7,2.40,40‚Äì50,Pollo,‚Ç¨,"Calle De Mota Del Cuervo, 76, 28043",Ciudad Lineal
684,El Nuevo Yantar,22,2.7,3.90,45‚Äì55,Cafeter√≠a,‚Ç¨,"C/ Alcala 232, 28017",Ciudad Lineal
685,Tim Hortons,36,4.9,1.40,25‚Äì35,Comida reconfortante,‚Ç¨,"Calle De Arturo Soria, 189, 28043",Ciudad Lineal
686,Pasteleria Saul,27,4.2,2.40,25‚Äì35,Postres,‚Ç¨‚Ç¨,"Plaza Sagrado Coraz√≥n De Jes√∫s, 2, 28002",Ciudad Lineal
687,Foster's Hollywood,65,4.2,2.40,40‚Äì50,Americana,‚Ç¨,"Calle De Silvano, 77, 28043",Ciudad Lineal
688,Kebab Bosforos,80,4.5,2.90,40‚Äì50,Kebab,‚Ç¨,"Av. Del Marqu√©s De Corbera, 40, 28017",Ciudad Lineal
689,Bar el casta√±o,22,2.7,1.90,30‚Äì40,Mediterranea,‚Ç¨,"Calle De Hermosilla, 91, 28001",Ciudad Lineal
690,Esmirna Doner Kebap,48,4.7,2.40,35‚Äì45,Kebab,‚Ç¨,"Calle Zabaleta 1,  28002",Ciudad Lineal
691,Golat Helados,22,2.7,2.40,35‚Äì45,Postres,‚Ç¨,"Calle Zabaleta 1,  28002",Ciudad Lineal
692,Frambons,22,2.7,2.40,35‚Äì45,Empanada,‚Ç¨,"Av. Del Mediterr√°neo, 30, 28009",Ciudad Lineal
693,Mahalo Poke,22,2.7,2.50,30‚Äì50,Poke,‚Ç¨,"Calle De Cartagena, 131, 28002",Ciudad Lineal
694,Doner kebap efes,23,4.7,2.40,25‚Äì35,Kebab,‚Ç¨,"Calle De L√≥pez De Hoyos, 139, 28002",Ciudad Lineal
695,Doner kebap efes,30,4.6,1.90,30‚Äì40,Kebab,‚Ç¨,"Calle De Alcal√° 205, 28028",Ciudad Lineal
696,100 Montaditos,22,2.7,1.90,35‚Äì45,Panader√≠a,‚Ç¨,"Calle Del Conde De Pe√±alver 43,   28006",Ciudad Lineal
697,CHOCOLATES VALOR,12,4.1,2.90,60‚Äì70,Postres,‚Ç¨,"Calle De Francisco Silvela 63,  28006",Ciudad Lineal
698,Sumo Grill,26,4.5,2.90,60‚Äì70,Opciones para alergias,‚Ç¨,"Calle De Ezequiel Solana, 52, 28017",Ciudad Lineal
699,Da Yuan,200,4.4,2.90,60‚Äì70,Pasta,‚Ç¨,"Calle Del Conde De Pe√±alver, 66, 28006",Ciudad Lineal
700,Filippo Pizza,22,2.7,2.90,60‚Äì70,Americana,‚Ç¨,"Calle De Ricardo Ortiz, 20, 28017",Ciudad Lineal
701,Tennessee BBQ,77,4.8,2.90,60‚Äì70,Americana,‚Ç¨,"Calle Lopez de Hoyos 15, 28006",Ciudad Lineal