,Restaurante,Valoraci√≥n,Nota,Delivery_Fee,ETA,Tag,Precio,Direcci√≥n,Barrio,Tag_
0,Badsha India Restaurant,200,4.4,1.0,15‚Äì35,India,‚Ç¨,"Calle De Embajadores,  28045",Centro,India
1,TUTTO PASTA!,26,2.8,2.5,40‚Äì60,Pizza,‚Ç¨,"Calle De N√∫√±ez De Arce, 11, 28012",Centro,Pizza
2,Pizza Central,31,3.8,2.99,35‚Äì55,Pizza,‚Ç¨,"Plaza Del Emperador Carlos V, 10, 28012",Centro,Pizza
3,Scarlett Real Food,28,3.1,1.9,40‚Äì50,Dulce,‚Ç¨,"C/ Preciados 36,  28013",Centro,Dulce
4,La Tagliatella,15,3.9,0.9,25‚Äì35,Pizza,‚Ç¨‚Ç¨,"Calle De Toledo 27,  28012",Centro,Pizza
5,Fritz Foods,41,4.5,0.4,30‚Äì40,Pizza,‚Ç¨,"Calle De Luchana 17,  28010",Centro,Pizza
6,Pizzart Luchana,28,3.1,1.9,50‚Äì60,Pizza,‚Ç¨,"Paseo De La Virgen Del Puerto, 45, 28005",Centro,Pizza
7,Kahuna,25,4.6,1.4,45‚Äì55,Burritos,‚Ç¨,"Calle De La Aduana 25,  28013",Centro,Burritos
8,Wacamole,50,3.9,0.9,40‚Äì50,SouthAmerica,‚Ç¨,"Calle De Arriaza, 6, 28008",Centro,SouthAmerica
9,El Imperio de la Empanada,28,3.1,0.9,45‚Äì55,Empanada,‚Ç¨,"Calle De San Andr√©s, 26, 28004 ",Centro,Empanada
10,Roost Chicken,28,3.1,1.4,45‚Äì55,Pollo,‚Ç¨,"Calle Mayor, 38, 28013",Centro,Pollo
11,Popeyes,200,4.3,0.4,30‚Äì40,Pollo,‚Ç¨,"Paseo Del Doctor Vallejo N√°gera, 25 ,  28005",Centro,Pollo
12,Papa John's,200,4.3,1.9,30‚Äì40,Pizza,‚Ç¨,"Calle De C√°ceres 1, 28045",Centro,Pizza
13,Comida china yonghe,50,4.3,2.4,40‚Äì50,China,‚Ç¨,"Calle Preciados, 29 , 28013",Centro,China
14,Taco Bell,145,4.3,0.9,30‚Äì40,Hamburguesa,‚Ç¨,"P.¬∫ De La Florida, 2,  28008 ",Centro,Hamburguesa
15,KFC - Principe Pio,28,3.1,1.4,50‚Äì60,Pollo,‚Ç¨,"Traves√≠a De La Parada 6, 28015",Centro,Pollo
16,EL LAT√ìN GRIS,66,3.7,0.9,45‚Äì55,Pollo,‚Ç¨,"Calle De Mira El Sol, 1, 28005 ",Centro,Pollo
17,TAMCOC,28,3.1,1.4,40‚Äì50,Pizza,‚Ç¨,"Calle De La Alianza 33,  28041",Centro,Pizza
18,Chinawokexpress,200,4.2,4.25,30‚Äì50,China,‚Ç¨,"Calle Dos Hermanas, 22, 28012 ",Centro,China
19,La Alegr√≠a de la Huerta,28,3.1,0.9,25‚Äì35,Ensaladas,‚Ç¨,"Calle De N√∫√±ez De Arce 11, 28012",Centro,Ensaladas
20,Empanadas BAIRES,28,3.1,2.99,35‚Äì55,Empanada,‚Ç¨,"Atocha, 64, 28012",Centro,Empanada
21,Domino's,89,4.4,1.0,15‚Äì25,Pizza,‚Ç¨,"Calle De Los Donados 2,  28013",Centro,Pizza
22,Cor & Cor,28,3.1,0.4,30‚Äì40,Dulce,‚Ç¨,"Calle De Carranza 3,  28004",Centro,Dulce
23,Tiendas 7x24,70,4.6,1.9,50‚Äì60,Tienda,‚Ç¨,"Calle De Tudescos, 4, 28004",Centro,Tienda
24,Super naan,28,3.1,0.9,50‚Äì60,India,‚Ç¨,"Calle Azabache, 6,  28019",Centro,India
25,Super Dog,25,3.7,0.9,30‚Äì50,Hamburguesa,‚Ç¨,"Calle Gran V√≠a, 16,  28004",Centro,Hamburguesa
26,Steak Burger,168,4.2,1.4,45‚Äì55,Hamburguesa,‚Ç¨,"Calle De La Cruz, 20,  28012",Centro,Hamburguesa
27,Galipan,23,4.2,0.9,45‚Äì55,India,‚Ç¨,"Calle Del Dr Cortezo, 7,  28012",Centro,India
28,El Turkito,200,4.1,0.9,30‚Äì40,Asi√°tica,‚Ç¨,"Paseo De Santa Mar√≠a De La Cabeza 14,  28012",Centro,Asi√°tica
29,Arepish,186,4.4,1.9,35‚Äì45,SouthAmerica,‚Ç¨,"Hilarion Eslava 42,  28015",Centro,SouthAmerica
30,CONVEXO,69,4.6,2.4,40‚Äì50,Gourmet,‚Ç¨‚Ç¨‚Ç¨,"Calle Del Mes√≥n De Paredes 52,  28012",Centro,Gourmet
31,Mandela 100,28,3.1,0.9,40‚Äì50,India,‚Ç¨,"Calle Del Esp√≠ritu Santo 16,  28004",Centro,India
32,MY Pasta Room,59,4.6,1.4,40‚Äì50,Pizza,‚Ç¨,"Calle C√°ceres, 34, 28045",Centro,Pizza
33,Ristorante Pizzer√≠a Dante,61,4.1,2.4,45‚Äì55,Pizza,‚Ç¨,"Calle Gran V√≠a 74,  28015",Centro,Pizza
34,Trek Taco,28,3.1,0.9,40‚Äì50,SouthAmerica,‚Ç¨,"Calle De San Bernardino, 20,  28015",Centro,SouthAmerica
35,MILA TOWN,28,3.1,1.4,35‚Äì45,Hamburguesa,‚Ç¨,"Plaza Del Comandante Las Morenas 3,  28013",Centro,Hamburguesa
36,Pollo Criollo,28,3.1,0.4,45‚Äì55,Pollo,‚Ç¨,"Paseo De Los Jesuitas 18,  28011",Centro,Pollo
37,Gourmet Madrid,24,3.3,2.4,60‚Äì70,Pizza,‚Ç¨,"Calle De Luchana 13, 28010",Centro,Pizza
38,Freedom Pizza,53,4.5,1.9,45‚Äì55,Pizza,‚Ç¨,"Calle De Mira El Sol 23b,  28005",Centro,Pizza
39,La Cochinita Loca,19,4.3,1.4,40‚Äì50,SouthAmerica,‚Ç¨,"Calle De Lavapi√©s 34, 28012",Centro,SouthAmerica
40,Sonali Indian Restaurante,58,4.1,1.4,25‚Äì35,India,‚Ç¨‚Ç¨,"Calle De Ayala 28,  28001",Centro,India
41,SANABRIA,28,3.1,2.4,55‚Äì65,Mediterr√°nea,‚Ç¨‚Ç¨‚Ç¨,"Plaza De La Cebada, 10,  28005",Centro,Mediterr√°nea
42,Taberna La Buha,24,4.2,0.9,45‚Äì55,Mediterr√°nea,‚Ç¨,"Calle De Galer√≠a De Vallehermoso 4, 28003",Centro,Mediterr√°nea
43,Real Fried Chicken,15,4.3,2.4,50‚Äì60,Pollo,‚Ç¨,"Calle De Moncada 122, 28021",Centro,Pollo
44,Pollos a la brasa el Corral,31,4.6,3.0,30‚Äì50,Pollo,‚Ç¨,"Calle Mayor, 42,  28013",Centro,Pollo
45,Las Muns,28,3.1,0.4,35‚Äì45,Carne,‚Ç¨,"Calle Mayor, 31,  28012",Centro,Carne
46,Chocolateria Tacita de Plata,13,4.1,0.4,35‚Äì45,Dulce,‚Ç¨,"Calle Gran V√≠a, 22,  28004",Centro,Dulce
47,TGB,89,3.9,1.4,50‚Äì60,Hamburguesa,‚Ç¨,"Calle Vergara 3,  28013",Centro,Hamburguesa
48,Mr. Pizza Madrid,28,3.1,0.9,35‚Äì45,Pizza,‚Ç¨,"Calle De Toledo, 63,  28005",Centro,Pizza
49,McDonald's,200,4.3,0.9,25‚Äì35,Hamburguesa,‚Ç¨,"Calle Libertad, 9, 28004",Centro,Hamburguesa
50,Puccias Chueca,28,3.1,1.4,30‚Äì40,Hamburguesa,‚Ç¨,"Paseo De Santa Mar√≠a De La Cabeza, 86,  28045",Centro,Hamburguesa
51,Beiben,14,4.2,1.9,30‚Äì40,Mediterr√°nea,‚Ç¨,"Calle Andr√©s Mellado 43, 28015",Centro,Mediterr√°nea
52,La Bruja del Vesuvio,28,3.1,1.9,40‚Äì50,Comida r√°pida,‚Ç¨,"Calle De Cea Berm√∫dez 49,  28015",Centro,Comida r√°pida
53,Cerveceria Ria√±o,28,3.1,2.9,45‚Äì55,Tienda,‚Ç¨,"Calle De Jos√© Calvo 6,  28039",Centro,Tienda
54,Badsha India Restaurant,200,4.4,1.0,15‚Äì35,India,‚Ç¨,"Calle De Embajadores,  28012",Arganzuela,India
55,TUTTO PASTA!,26,2.8,2.5,40‚Äì60,Pizza,‚Ç¨,"Calle De C√°ceres 1,  28045",Arganzuela,Pizza
56,Pizza Central,31,3.8,2.99,35‚Äì55,Pizza,‚Ç¨,"Calle C√°ceres, 34, 28045",Arganzuela,Pizza
57,Ristorante Pizzer√≠a Dante,61,4.1,2.4,40‚Äì60,Pizza,‚Ç¨,"Paseo Del Doctor Vallejo N√°gera, 25 , 28005",Arganzuela,Pizza
58,Papa John's,200,4.3,0.9,20‚Äì30,Pizza,‚Ç¨,"Paseo Delicias, 65,  28045",Arganzuela,Pizza
59,Domino's,33,4.3,1.0,15‚Äì35,Pizza,‚Ç¨,"Calle De Toledo 27,  28012",Arganzuela,Pizza
60,Fritz Foods,41,4.5,1.9,45‚Äì55,Pizza,‚Ç¨,"Paseo De La Virgen Del Puerto, 45, 28005",Arganzuela,Pizza
61,Kahuna,25,4.6,2.4,50‚Äì60,Burritos,‚Ç¨,"Plaza Emperador Carlos V 11 ,  28012",Arganzuela,Burritos
62,Taco Bell,200,4.2,1.4,20‚Äì30,Hamburguesa,‚Ç¨,"Av. Del Manzanares, 210, 28026",Arganzuela,Hamburguesa
63,Hamburguesa Nostra,139,4.3,0.9,35‚Äì45,Dulce,‚Ç¨,"C/ Preciados 36,  28013",Arganzuela,Dulce
64,La Tagliatella,15,3.9,2.4,25‚Äì35,Pizza,‚Ç¨‚Ç¨,"Paseo De Santa Mar√≠a De La Cabeza 14,  28012",Arganzuela,Pizza
65,Arepish,186,4.4,1.4,25‚Äì35,SouthAmerica,‚Ç¨,"Paseo De Las Acacias, 22, 28005",Arganzuela,SouthAmerica
66,McDonald's,200,4.4,1.4,15‚Äì25,Hamburguesa,‚Ç¨,"Calle Monederos 12,  28026",Arganzuela,Hamburguesa
67,Precio Calidad y sabor,17,4.4,2.0,40‚Äì60,Mediterr√°nea,‚Ç¨,"Calle De Mira El Sol, 1, 28005 ",Arganzuela,Mediterr√°nea
68,TAMCOC,28,3.1,1.4,45‚Äì55,Pizza,‚Ç¨,"Calle De La Alianza 33,  28041",Arganzuela,Pizza
69,Chinawokexpress,200,4.2,4.25,30‚Äì50,China,‚Ç¨,"Calle Azabache, 6,  28019",Arganzuela,China
70,Super Dog,25,3.7,1.4,30‚Äì50,Hamburguesa,‚Ç¨,"Calle Del Gral. Ricardos, 92,  28019",Arganzuela,Hamburguesa
71,Autoservicio,77,4.8,2.4,30‚Äì40,Tienda,‚Ç¨,"Avenida De Rafaela Ybarra 37,  28026",Arganzuela,Tienda
72,Perla del Pacifico,66,4.1,2.4,40‚Äì50,SouthAmerica,‚Ç¨‚Ç¨‚Ç¨,"Avenida De Oporto 14,  28019",Arganzuela,SouthAmerica
73,TROPICALISSIMA,84,4.4,2.4,35‚Äì45,Hamburguesa,‚Ç¨,"Paseo De Santa Mar√≠a De La Cabeza, 86,  28045",Arganzuela,Hamburguesa
74,Beiben,14,4.2,0.4,25‚Äì35,Mediterr√°nea,‚Ç¨,"Calle Del Pico De La Maliciosa 6,  28038",Arganzuela,Mediterr√°nea
75,Streat Lab,50,4.6,2.9,50‚Äì60,Pollo,‚Ç¨,"Calle Mayor, 38, 28013",Arganzuela,Pollo
76,Popeyes,200,4.3,2.4,55‚Äì65,Pollo,‚Ç¨,"Calle Felipe Fraile 5,  28038",Arganzuela,Pollo
77,On Rush,14,4.8,2.4,50‚Äì60,Burritos,‚Ç¨,"Avenida De La Albufera, 40,  28038",Arganzuela,Burritos
78,El Sabroso Albufera,30,3.9,2.9,30‚Äì40,Comida r√°pida,‚Ç¨,"Calle N√∫√±ez De Arce, 11, 28012 ",Arganzuela,Comida r√°pida
79,Pizzer√≠a Argentina El Tr√©bol,24,4.3,2.99,35‚Äì55,Pizza,‚Ç¨,"Calle Dos Hermanas, 22, 28012 ",Arganzuela,Pizza
80,La Alegr√≠a de la Huerta,28,3.1,1.9,30‚Äì40,Ensaladas,‚Ç¨,"Traves√≠a De La Parada 6,  28015",Arganzuela,Ensaladas
81,EL LAT√ìN GRIS,66,3.7,2.4,70‚Äì80,Pollo,‚Ç¨,"Calle Del Mes√≥n De Paredes 52, 28012",Arganzuela,Pollo
82,Mandela 100,28,3.1,1.4,40‚Äì50,India,‚Ç¨,"Calle De Mira El Sol 23b,  28005",Arganzuela,India
83,La Cochinita Loca,19,4.3,1.4,40‚Äì50,SouthAmerica,‚Ç¨,"C/ Ejos 15, 28026",Arganzuela,SouthAmerica
84,Pollo Rico Al carb√≥n,68,4.5,1.9,40‚Äì50,Pollo,‚Ç¨,"Calle De Moncada 122,  28021",Arganzuela,Pollo
85,Pollos a la brasa el Corral,31,4.6,3.0,30‚Äì50,Pollo,‚Ç¨,"Calle De La Antracita 12,  28045",Arganzuela,Pollo
86,Empanadas Malv√≥n,31,5.0,1.4,25‚Äì35,Empanada,‚Ç¨,"Calle Del Dr Cortezo, 7,  28012",Arganzuela,Empanada
87,El Turkito,200,4.1,1.9,40‚Äì50,Asi√°tica,‚Ç¨,"Calle De La Cruz, 20,  28012",Arganzuela,Asi√°tica
88,Galipan,23,4.2,1.9,55‚Äì65,India,‚Ç¨,"Calle Gran V√≠a, 16,  28004",Arganzuela,India
89,Steak Burger,168,4.2,2.4,55‚Äì65,Hamburguesa,‚Ç¨,"Calle De Antonio L√≥pez 109,  28026",Arganzuela,Hamburguesa
90,Pollo Criollo,28,3.1,1.4,45‚Äì55,Pollo,‚Ç¨,"Calle De N√∫√±ez De Arce 11,  28012",Arganzuela,Pollo
91,Empanadas BAIRES,28,3.1,2.99,35‚Äì55,Empanada,‚Ç¨,"Calle De Tudescos, 4,  28004",Arganzuela,Empanada
92,Super naan,30,3.1,2.4,65‚Äì75,India,‚Ç¨,"Calle De Lavapi√©s 34,  28012",Arganzuela,India
93,Sonali Indian Restaurante,58,4.1,1.4,30‚Äì40,India,‚Ç¨‚Ç¨,"Calle De Los Donados 2,  28013",Arganzuela,India
94,Cor & Cor,30,3.1,2.4,55‚Äì65,Dulce,‚Ç¨,"Calle Libertad, 9, 28004",Arganzuela,Dulce
95,Puccias Chueca,30,3.1,2.4,40‚Äì50,Hamburguesa,‚Ç¨,"Ronda De Valencia, 14,  28012",Arganzuela,Hamburguesa
96,Aloha Poke,200,4.5,1.4,20‚Äì30,Poke,‚Ç¨,"Calle De Atocha 98,  28014",Arganzuela,Poke
97,Capasso Pizza,30,3.1,1.4,35‚Äì45,Pizza,‚Ç¨,"Calle De Lavapi√©s, 34,  28012",Arganzuela,Pizza
98,Shapla Indian,31,4.3,1.4,35‚Äì45,Pizza,‚Ç¨,"Calle Arechavaleta 6,  28041",Arganzuela,Pizza
99,Pura Italia,109,3.2,1.9,35‚Äì55,Pizza,‚Ç¨,"Plaza Del Comandante Las Morenas 3,  28013",Arganzuela,Pizza
100,Pollo Criollo,30,3.1,1.9,60‚Äì70,Pollo,‚Ç¨,"Plaza De La Cebada, 10,  28005",Arganzuela,Pollo
101,Taberna La Buha,24,4.2,1.9,55‚Äì65,Mediterr√°nea,‚Ç¨,"Calle Ariel,15,  28045",Arganzuela,Mediterr√°nea
102,El Buen Gusto,17,4.5,1.9,45‚Äì55,Mediterr√°nea,‚Ç¨,"Calle De Palos De La Frontera 38, 28045",Arganzuela,Mediterr√°nea
103,La Pizza √© Bella,12,4.5,1.4,25‚Äì35,Pizza,‚Ç¨,"Calle Mayor, 42,  28013",Arganzuela,Pizza
104,Las Muns,30,3.1,2.4,50‚Äì60,Carne,‚Ç¨,"Calle De Atocha, 117,  28012",Arganzuela,Carne
105,Halal Steak House Grill,30,3.1,1.4,30‚Äì40,Carne,‚Ç¨,"Calle De Silva, 25,  28004",Arganzuela,Carne
106,Home Burger Bar,200,4.3,2.4,60‚Äì70,Hamburguesa,‚Ç¨,"Plaza De Puerta Cerrada 6,  28005",Arganzuela,Hamburguesa
107,LaRegustosa,26,4.2,1.9,60‚Äì70,Empanada,‚Ç¨,"Calle De Embajadores, 12, 28012",Arganzuela,Empanada
108,TUTTO PASTA!,26,2.8,2.5,40‚Äì60,Pizza,‚Ç¨,"Plaza Del Emperador Carlos V, 10, 28012",Retiro,Pizza
109,Scarlett Real Food,30,3.1,1.4,35‚Äì45,Dulce,‚Ç¨,"Calle De C√°ceres 1,  28045",Retiro,Dulce
110,Comida china yonghe,50,4.3,0.9,25‚Äì35,China,‚Ç¨,"Calle C√°ceres, 34, 28045",Retiro,China
111,Ristorante Pizzer√≠a Dante,61,4.1,2.4,40‚Äì60,Pizza,‚Ç¨,"Paseo Del Doctor Vallejo N√°gera, 25 ,  28005",Retiro,Pizza
112,Papa John's,200,4.3,0.9,20‚Äì30,Pizza,‚Ç¨,"Paseo Delicias, 65,  28045",Retiro,Pizza
113,Domino's,33,4.3,1.0,15‚Äì35,Pizza,‚Ç¨,"Calle Azulejo 2,  28028",Retiro,Pizza
114,Pizzer√≠a Argentina El Tr√©bol,30,3.1,1.9,40‚Äì50,Pizza,‚Ç¨,"Calle De C√°ceres 1,  28045",Retiro,Pizza
115,Comida china yonghe,50,4.3,1.9,40‚Äì50,China,‚Ç¨‚Ç¨‚Ç¨,"Calle De La Alianza 33,  28041",Retiro,China
116,Chinawokexpress,200,4.2,4.25,30‚Äì50,China,‚Ç¨,"Calle Del Pico De La Maliciosa 6,  28038",Retiro,China
117,Streat Lab,50,4.6,1.9,40‚Äì50,Pollo,‚Ç¨,"Calle Azabache, 6,  28019",Retiro,Pollo
118,Super Dog,25,3.7,4.25,30‚Äì50,Hamburguesa,‚Ç¨,"Calle Felipe Fraile 5,  28038",Retiro,Hamburguesa
119,On Rush,14,4.8,1.4,40‚Äì50,Burritos,‚Ç¨,"Avenida De La Albufera, 40, 28038",Retiro,Burritos
120,El Sabroso Albufera,30,3.9,1.9,20‚Äì30,Comida r√°pida,‚Ç¨,"Paseo De Santa Mar√≠a De La Cabeza 14, 28012",Retiro,Comida r√°pida
121,Arepish,186,4.4,1.9,35‚Äì45,SouthAmerica,‚Ç¨,"Av. De La Albufera, 91,  28053",Retiro,SouthAmerica
122,Pizz-a-porter,30,3.1,1.9,40‚Äì50,Pizza,‚Ç¨,"Calle De Mira El Sol, 1, 28005 ",Retiro,Pizza
123,TAMCOC,30,3.1,2.4,55‚Äì65,Pizza,‚Ç¨,"Calle Alcala 191, 28006",Retiro,Pizza
124,Pastamore,98,4.6,1.9,30‚Äì40,Pizza,‚Ç¨,"Calle C√°ceres, 34, 28045",Retiro,Pizza
125,Ristorante Pizzer√≠a Dante,61,4.1,2.4,45‚Äì55,Pizza,‚Ç¨,"Calle Azulejo 2,  28028",Retiro,Pizza
126,Empanadas BAIRES,30,3.1,1.9,45‚Äì55,Empanada,‚Ç¨,"Calle De Ayala 28,  28001",Retiro,Empanada
127,SANABRIA,30,3.1,2.4,50‚Äì60,Mediterr√°nea,‚Ç¨‚Ç¨‚Ç¨,"Calle Dos Hermanas, 22, 28012 , Espa√±a,   28012",Retiro,Mediterr√°nea
128,La Alegr√≠a de la Huerta,30,3.1,2.9,40‚Äì50,Ensaladas,‚Ç¨,"Calle De Moncada 122,  28021",Retiro,Ensaladas
129,Pollos a la brasa el Corral,31,4.6,3.0,30‚Äì50,Pollo,‚Ç¨,"Calle De Narv√°ez, 60, 28009",Retiro,Pollo
130,Empanadas Malv√≥n,35,4.8,1.4,25‚Äì35,Empanada,‚Ç¨,"Calle Gran V√≠a, 16, 28004",Retiro,Empanada
131,Steak Burger,168,4.2,2.4,55‚Äì65,Hamburguesa,‚Ç¨,"Calle Del Pico De La Maliciosa 6,  28038",Retiro,Hamburguesa
132,Bur Burger,50,4.4,2.4,40‚Äì50,Hamburguesa,‚Ç¨,"Calle De N√∫√±ez De Arce 11,  28012",Retiro,Hamburguesa
133,Empanadas BAIRES,30,3.1,2.99,35‚Äì55,Empanada,‚Ç¨,"Calle De La Cruz, 20,  28012",Retiro,Empanada
134,Galipan,23,4.2,2.4,60‚Äì70,India,‚Ç¨,"Calle Del Dr Cortezo, 7,  28012",Retiro,India
135,El Turkito,200,4.1,2.4,50‚Äì60,Asi√°tica,‚Ç¨,"Paseo De Santa Mar√≠a De La Cabeza, 86, 28045",Retiro,Asi√°tica
136,Beiben,14,4.2,2.4,35‚Äì45,Mediterr√°nea,‚Ç¨,"Calle Del Mes√≥n De Paredes 52,  28012",Retiro,Mediterr√°nea
137,Mandela 100,30,3.1,2.4,50‚Äì60,India,‚Ç¨,"Calle De Lavapi√©s 34, 28012",Retiro,India
138,Sonali Indian Restaurante,58,4.1,2.4,40‚Äì50,India,‚Ç¨‚Ç¨,"Av. De La Albufera, 20,  28053",Retiro,India
139,Popeyes,187,4.1,1.99,20‚Äì40,Pollo,‚Ç¨,"Calle De Mira El Sol 23b, 28005",Retiro,Pollo
140,La Cochinita Loca,19,4.3,2.4,45‚Äì55,SouthAmerica,‚Ç¨,"Calle De Las Naciones 5,  28006",Retiro,SouthAmerica
141,PaellaGood,30,3.1,1.9,45‚Äì55,Mediterr√°nea,‚Ç¨‚Ç¨,"Paseo Del Marqu√©s De Zafra 38, 28028",Retiro,SouthAmerica
142,DIVE`S FOOD,30,3.1,1.9,40‚Äì50,Hamburguesa,‚Ç¨,"Calle Lopez de Hoyos 15, 28006",Retiro,Hamburguesa
143,100 % Sano,30,3.1,1.9,35‚Äì45,Ensaladas,‚Ç¨‚Ç¨,"Calle Libertad, 9, 28004",Retiro,Ensaladas
144,Puccias Chueca,30,3.1,2.4,40‚Äì50,Hamburguesa,‚Ç¨,"Calle Del Gral. Pardi√±as, 32, 28001",Retiro,Hamburguesa
145,Rude Burger,36,4.8,1.9,35‚Äì45,Hamburguesa,‚Ç¨‚Ç¨,"Calle Conde De Penalver 35,  28006",Retiro,Hamburguesa
146,Cor & Cor,35,4.3,1.9,45‚Äì55,Dulce,‚Ç¨,"Av. De La Albufera, 1, 28038",Retiro,Dulce
147,McDonald's,200,4.4,1.4,20‚Äì30,Hamburguesa,‚Ç¨,"Calle Del Marqu√©s De Mond√©jar, 4,  28028",Retiro,Hamburguesa
148,Thai Zafra,38,4.6,1.9,30‚Äì40,Pizza,‚Ç¨,"Calle Ariel,15,  28045",Retiro,Pizza
149,El Buen Gusto,17,4.5,1.9,45‚Äì55,Mediterr√°nea,‚Ç¨,"Avenida De La Albufera 119,  28038",Retiro,Mediterr√°nea
150,Kebab Rayo,117,3.8,2.4,35‚Äì45,Kebab,‚Ç¨,"Calle De Atocha 98,  28014",Retiro,Kebab
151,Capasso Pizza,30,3.1,1.9,35‚Äì45,Pizza,‚Ç¨,"Calle De Lavapi√©s, 34, 28012",Retiro,Pizza
152,Shapla Indian,31,4.3,2.4,40‚Äì50,Ensaladas,‚Ç¨,"Calle De Silva, 25, 28004",Retiro,Ensaladas
153,Home Burger Bar,200,4.3,2.9,60‚Äì70,Hamburguesa,‚Ç¨,"Calle Del Dr. Esquerdo, 10, 28009",Retiro,Hamburguesa
154,Empanadas Pampas,30,3.1,1.9,35‚Äì45,Empanada,‚Ç¨,"Calle Gran V√≠a, 22, 28004",Retiro,Empanada
155,TGB,89,3.9,2.4,60‚Äì70,Hamburguesa,‚Ç¨,"Calle Hortaleza,6, 28004",Retiro,Hamburguesa
156,Bosforos Turkish Restaurant,34,4.3,2.9,50‚Äì60,India,‚Ç¨,"Calle De Atocha, 117, 28012",Retiro,India
157,Halal Steak House Grill,30,2.9,1.9,35‚Äì45,Carne,‚Ç¨,"Calle De Barcel√≥ 6, 28004",Retiro,Carne
158,Mad Pollo,45,4.0,1.9,15‚Äì35,Pollo,‚Ç¨,"Av. Del Mediterr√°neo, 30, 28007",Retiro,Pollo
159,Mahalo Poke,30,2.9,2.5,30‚Äì50,Poke,‚Ç¨‚Ç¨,"Calle Del Puerto De Balbar√°n 31,  28018",Retiro,Poke
160,Kebab Entrevias,43,4.5,2.9,35‚Äì45,Kebab,‚Ç¨,"Calle De Santa Isabel, 5, 28012",Retiro,Kebab
161,Mo√±etes,30,2.9,1.9,35‚Äì45,Pizza,‚Ç¨,"Calle De Embajadores, 15, 28045",Retiro,Pizza
162,TUTTO PASTA!,26,2.8,2.5,40‚Äì60,Pizza,‚Ç¨,"Avda. Felipe II, 17, 28009",Salamanca,Pizza
163,La Tagliatella,38,4.5,1.9,25‚Äì35,Pizza,‚Ç¨‚Ç¨,"Plaza Del Emperador Carlos V, 10, 28012",Salamanca,Pizza
164,Scarlett Real Food,30,2.9,1.9,35‚Äì45,Dulce,‚Ç¨,"Calle Del Conde De Pe√±alver, 13, 28006",Salamanca,Dulce
165,La Cuchara,30,2.9,2.4,40‚Äì50,Gourmet,‚Ç¨‚Ç¨‚Ç¨,"Alcalde Luis De Marichala 3,  28030",Salamanca,Gourmet
166,Papa John's,127,4.1,1.4,35‚Äì45,Pizza,‚Ç¨,"Calle De √Ångel Gonz√°lez Tejedor 5,  28017",Salamanca,Pizza
167,Taco Bell,200,4.2,1.9,25‚Äì35,Hamburguesa,‚Ç¨,"Plaza Del Emperador Carlos V, 10, 28012",Salamanca,Hamburguesa
168,Scarlett Real Food,29,2.9,2.4,45‚Äì55,Dulce,‚Ç¨,"Calle Azulejo 2,  28028",Salamanca,Dulce
169,Pizzer√≠a Argentina El Tr√©bol,29,2.9,1.4,30‚Äì40,Pizza,‚Ç¨,"Calle De Jos√© Ortega Y Gasset 94, 28006",Salamanca,Pizza
170,Empanadas Malv√≥n,48,4.9,0.9,15‚Äì25,Empanada,‚Ç¨,"Calle De Luchana 17,  28010",Salamanca,Empanada
171,Pizzart Luchana,29,2.9,2.4,55‚Äì65,Pizza,‚Ç¨,"Calle Alcala 191,  28006",Salamanca,Pizza
172,Pastamore,98,4.6,0.9,15‚Äì25,Pizza,‚Ç¨,"Calle De San Andr√©s, 26, 28004",Salamanca,Pizza
173,Roost Chicken,29,2.9,2.4,50‚Äì60,Pollo,‚Ç¨,"Plaza Emperador Carlos V, 11 , 28012",Salamanca,Pollo
174,Taco Bell,200,4.2,2.4,35‚Äì45,Hamburguesa,‚Ç¨,"Calle De La Alianza 33, 28041",Salamanca,Hamburguesa
175,Chinawokexpress,200,4.2,4.25,30‚Äì50,China,‚Ç¨,"Plaza Bami, 26, 28017",Salamanca,China
176,El Burrito Borracho,29,2.9,1.9,35‚Äì45,Burritos,‚Ç¨,"Calle De Azcona 36,  28028",Salamanca,Burritos
177,Arepish,186,4.6,0.9,25‚Äì35,SouthAmerica,‚Ç¨,"Calle De Alcal√°, 344,   28027",Salamanca,SouthAmerica
178,Little Caesars Pizza,200,4.5,2.4,30‚Äì40,Pizza,‚Ç¨,"Calle Azulejo 2,  28028",Salamanca,Pizza
179,Empanadas BAIRES,29,2.9,1.4,35‚Äì45,Empanada,‚Ç¨,"Calle De Ayala 28,  28001",Salamanca,Empanada
180,SANABRIA,29,2.9,1.4,50‚Äì60,Mediterr√°nea,‚Ç¨‚Ç¨‚Ç¨,"Calle Del Gral. Pardi√±as, 32, 28001",Salamanca,Mediterr√°nea
181,Rude Burger,36,4.8,0.9,25‚Äì35,Hamburguesa,‚Ç¨‚Ç¨,"Calle Lopez de Hoyos 15, 28006",Salamanca,Hamburguesa
182,100 % Sano,29,2.9,0.9,20‚Äì30,Ensaladas,‚Ç¨‚Ç¨,"Calle Conde De Penalver 35,  28006",Salamanca,Ensaladas
183,Cor & Cor,35,4.3,0.4,35‚Äì45,Dulce,‚Ç¨,"L√≥pez De Hoyos , 153,  28224",Salamanca,Dulce
184,Popeyes,200,4.4,2.4,35‚Äì45,Pollo,‚Ç¨,"Calle Del Pr√≠ncipe De Vergara, 210,   28002",Salamanca,Pollo
185,Home Burger Bar,198,4.1,2.4,30‚Äì40,Hamburguesa,‚Ç¨,"Calle Maldonado 07, 28006",Salamanca,Hamburguesa
186,Artisan Burger,29,2.9,0.9,40‚Äì50,Hamburguesa,‚Ç¨,"Calle Del Marqu√©s De Mond√©jar, 4, 28028",Salamanca,Hamburguesa
187,Thai Zafra,38,4.6,0.9,15‚Äì25,Tienda,‚Ç¨,"Calle De Maldonado, 51, 28006",Salamanca,Tienda
188,Tiendas 7x24,140,4.8,0.9,20‚Äì30,Tienda,‚Ç¨,"Calle De Vel√°zquez, 118, 28006",Salamanca,Tienda
189,Makan Saj Manoushe,200,4.9,1.4,30‚Äì40,India,‚Ç¨‚Ç¨,"Paseo Del Marqu√©s De Zafra 38,  28028",Salamanca,India
190,DIVE`S FOOD,29,2.9,1.4,35‚Äì45,Hamburguesa,‚Ç¨,"Calle De Mar√≠a De Molina, 44, 28006",Salamanca,Hamburguesa
191,Flame,29,2.9,1.4,40‚Äì50,Hamburguesa,‚Ç¨,"Calle De Luchana 13,  28010",Salamanca,Hamburguesa
192,Freedom Pizza,53,4.5,2.4,45‚Äì55,Pizza,‚Ç¨,"Calle Del Esp√≠ritu Santo 16,  28004",Salamanca,Pizza
193,MY Pasta Room,59,4.6,2.4,50‚Äì60,Pizza,‚Ç¨,"Calle Gran V√≠a, 16,   28004",Salamanca,Pizza
194,Steak Burger,168,4.2,2.4,55‚Äì65,Hamburguesa,‚Ç¨,"Calle De Goya, 70, 28001",Salamanca,Hamburguesa
195,McDonald's,200,4.6,0.9,15‚Äì25,Hamburguesa,‚Ç¨,"Calle De Las Naciones 5,  28006",Salamanca,Hamburguesa
196,PaellaGood,29,2.9,0.4,30‚Äì40,Mediterr√°nea,‚Ç¨‚Ç¨,"Calle De N√∫√±ez De Arce 11,  28012",Salamanca,SouthAmerica
197,Empanadas BAIRES,29,2.9,2.99,35‚Äì55,Empanada,‚Ç¨,"Calle De Carranza 3,  28004",Salamanca,Empanada
198,Tiendas 7x24,70,4.6,2.4,45‚Äì55,Tienda,‚Ç¨,"Calle Del Dr. Esquerdo, 10, 28028",Salamanca,Tienda
199,Empanadas Pampas,29,2.9,0.9,25‚Äì35,Empanada,‚Ç¨,"Calle Esteban Collantes, 31,  28017",Salamanca,Empanada
200,Croqueteria Focos,29,2.9,2.9,35‚Äì45,Mediterr√°nea,‚Ç¨,"Calle De La Cruz, 20,   28012",Salamanca,Mediterr√°nea
201,Galipan,23,4.2,2.9,60‚Äì70,India,‚Ç¨,"Calle De Tudescos, 4, 28004",Salamanca,India
202,Super naan,29,2.9,2.4,60‚Äì70,India,‚Ç¨,"Calle Mateo Garc√≠a, 13, 28017",Salamanca,India
203,Pollos Gourmet,29,2.9,1.9,30‚Äì40,Pollo,‚Ç¨,"Calle De Gonzalo De Berceo 63,  28017",Salamanca,Pollo
204,Asador Perla del Pacifico Ascao,39,4.6,2.9,40‚Äì50,Carne,‚Ç¨,"Calle Libertad, 9, 28004",Salamanca,Carne
205,Puccias Chueca,29,2.9,2.4,40‚Äì50,Hamburguesa,‚Ç¨,"Calle Del Cardenal Cisneros 1, 28010",Salamanca,Hamburguesa
206,Graal,29,2.9,2.4,60‚Äì70,Kebab,‚Ç¨,"Calle De M√©jico 20,  28028",Salamanca,Kebab
207,Restaurante Chino Diamante,100,4.0,1.4,25‚Äì35,China,‚Ç¨,"Calle De Jos√© Abascal 31, 28003",Salamanca,China
208,Junk Burger,31,4.3,1.9,45‚Äì55,Hamburguesa,‚Ç¨,"Calle De Hermosilla, 91, 28001",Salamanca,Hamburguesa
209,Esmirna Doner Kebap,48,4.7,0.9,25‚Äì35,Kebab,‚Ç¨,"Av. De Felipe II, 8, 28009",Salamanca,Kebab
210,Aloha Poke,200,4.7,0.9,20‚Äì30,Poke,‚Ç¨,"Calle Zabaleta 1,  28002",Salamanca,Poke
211,CHUCK CHUCK CHICKEN,29,2.9,1.4,35‚Äì45,Pollo,‚Ç¨,"Calle Gran V√≠a, 22, 28004",Salamanca,Pollo
212,TGB,89,3.9,2.4,65‚Äì75,Hamburguesa,‚Ç¨,"Calle G√©nova 27, 28010",Salamanca,Hamburguesa
213,VIPS,16,4.8,1.9,50‚Äì60,Hamburguesa,‚Ç¨,"Calle De Atocha 98, 28014",Salamanca,Hamburguesa
214,Capasso Pizza,29,2.9,2.4,45‚Äì55,Pizza,‚Ç¨,"Calle De La Virgen De La Fuencisla, 19,  28027",Salamanca,Pizza
215,HyH Kebab Fried Chicken,23,3.6,1.0,40‚Äì60,Pollo,‚Ç¨,"Calle De Jos√© Calvo 6, 28039",Salamanca,Pollo
216,Badsha India Restaurant,200,4.4,1.0,15‚Äì35,India,‚Ç¨,"Calle De Embajadores, 17 , 28012",Chamart√≠n,India
217,TUTTO PASTA!,26,2.8,2.5,40‚Äì60,Pizza,‚Ç¨,"Avda. Felipe Ii, 17, 28009",Chamart√≠n,Pizza
218,La Tagliatella,38,4.5,0.9,25‚Äì35,Pizza,‚Ç¨‚Ç¨,"C/ Orense, 11, , Spain, Spain 28020",Chamart√≠n,Pizza
219,Papa John's,200,4.5,1.4,30‚Äì40,Pizza,‚Ç¨,"Calle Del Conde De Pe√±alver, 17, 28006",Chamart√≠n,Pizza
220,La Cuchara,29,2.9,2.9,40‚Äì50,Gourmet,‚Ç¨‚Ç¨‚Ç¨,"C/ Serrano, 203 , 28016",Chamart√≠n,Gourmet
221,Papa John's,200,4.3,0.9,25‚Äì35,Pizza,‚Ç¨,"Calle Del Conde De Serrallo, 1, 28029",Chamart√≠n,Pizza
222,Taberna Andaluza,25,4.4,1.4,40‚Äì50,Mediterr√°nea,‚Ç¨,"Paseo De La Castellana 191,  28046",Chamart√≠n,Mediterr√°nea
223,Taco Bell,200,4.1,1.4,25‚Äì35,Hamburguesa,‚Ç¨,"Calle Araucaria 19,  28039",Chamart√≠n,Hamburguesa
224,Roost Chicken,123,4.6,1.9,35‚Äì45,Pollo,‚Ç¨,"Av. De Brasil, 6, 28020",Chamart√≠n,Pollo
225,La Mordida,25,4.4,1.4,45‚Äì55,SouthAmerica,‚Ç¨,"Calle Del Pr√≠ncipe De Vergara, 210,   28002",Chamart√≠n,SouthAmerica
226,Home Burger Bar,198,4.1,0.9,25‚Äì35,Hamburguesa,‚Ç¨,"Calle De Huesca, 19, Bajo,   28020",Chamart√≠n,Hamburguesa
227,La caba√±a de cris,29,2.9,1.9,50‚Äì60,Mediterr√°nea,‚Ç¨‚Ç¨‚Ç¨,"Calle De Bravo Murillo 199,  28039",Chamart√≠n,Pollo
228,Pollos al Carb√≥n,21,3.6,5.0,15‚Äì35,Pollo,‚Ç¨,"Calle De Manuel De Falla 5,  28036",Chamart√≠n,Pollo
229,Limbo Player Two,29,2.9,0.9,45‚Äì55,Carne,‚Ç¨‚Ç¨,"Av. De Brasil, 17, 28020",Chamart√≠n,Carne
230,Ala Sushi,29,2.9,1.4,30‚Äì40,Asi√°tica,‚Ç¨‚Ç¨,"Calle De Bravo Murillo, 113, 28039",Chamart√≠n,Asi√°tica
231,Little Caesars Pizza,200,4.6,3.0,5‚Äì25,Pizza,‚Ç¨,"Calle De La Infanta Mercedes, 17, 28020",Chamart√≠n,Pizza
232,Toro Burger Lounge,23,4.1,1.9,55‚Äì65,Hamburguesa,‚Ç¨,"Castellana, 123, 28046",Chamart√≠n,Hamburguesa
233,Popeyes,200,4.0,1.4,30‚Äì40,Pollo,‚Ç¨,"Calle Castilla,4 ,28039",Chamart√≠n,Pollo
234,MANKA,52,4.9,2.4,55‚Äì65,Pizza,‚Ç¨,"Paseo De La Castellana 130, 28046",Chamart√≠n,Pizza
235,Yakitoro,26,4.5,1.4,55‚Äì65,Asi√°tica,‚Ç¨‚Ç¨‚Ç¨,"Calle De Francos Rodr√≠guez, 42, 28039",Chamart√≠n,Asi√°tica
236,EL ASADOR,40,2.9,2.4,60‚Äì70,Carne,‚Ç¨‚Ç¨‚Ç¨,"Calle Del Pr√≠ncipe De Vergara 256,  28016",Chamart√≠n,Carne
237,Empanadas Malv√≥n,12,5.0,0.9,20‚Äì30,Empanada,‚Ç¨,"Paseo De La Castellana, 210, 28036",Chamart√≠n,Empanada
238,Taberna del Volapi√©,40,2.9,1.4,40‚Äì50,Mediterr√°nea,‚Ç¨‚Ç¨,"Calle De Azcona 36,  28028",Chamart√≠n,Mediterr√°nea
239,Arepish,186,4.6,2.9,35‚Äì45,SouthAmerica,‚Ç¨,"Calle De Bravo Murillo 122, 28020",Chamart√≠n,SouthAmerica
240,Arepish,53,4.6,2.4,55‚Äì65,SouthAmerica,‚Ç¨,"Calle De San Germ√°n, 64, 28020",Chamart√≠n,SouthAmerica
241,Fast chicken chain,40,2.9,1.9,45‚Äì55,Pollo,‚Ç¨,"Av. De P√≠o Xii, 4, 28016",Chamart√≠n,Pollo
242,McDonald's,150,4.5,0.9,20‚Äì30,Hamburguesa,‚Ç¨,"Calle De Raimundo Fern√°ndez Villaverde, 33, 28020",Chamart√≠n,Hamburguesa
243,Pizza Central,22,3.1,2.4,50‚Äì60,Pizza,‚Ç¨,"Calle De Vel√°zquez, 118, 28006",Chamart√≠n,Pizza
244,Makan Saj Manoushe,200,4.9,2.4,30‚Äì40,India,‚Ç¨‚Ç¨,"Calle De Mar√≠a De Molina, 44, 28006",Chamart√≠n,India
245,Flame,40,2.9,2.4,45‚Äì55,Hamburguesa,‚Ç¨,"Intercambiador De Plaza De Castilla, 28046",Chamart√≠n,Hamburguesa
246,Busburguer,98,4.5,1.4,30‚Äì40,Hamburguesa,‚Ç¨,"Calle De L√©rida 58,  28020",Chamart√≠n,Hamburguesa
247,Polloco Gourmet,40,2.9,3.0,30‚Äì50,Pollo,‚Ç¨,"Calle De Maldonado, 51, 28006",Chamart√≠n,Pollo
248,Tiendas 7x24,140,4.8,2.9,30‚Äì40,Tienda,‚Ç¨,"Calle Maldonado 07, 28006",Chamart√≠n,Tienda
249,Artisan Burger,40,2.9,2.4,45‚Äì55,Hamburguesa,‚Ç¨,"Bravo Murillo, 120,  28020",Chamart√≠n,Hamburguesa
250,Pomodoro,87,3.8,2.4,55‚Äì65,Pizza,‚Ç¨,"Calle De Jos√© Abascal 31, 28003",Chamart√≠n,Pizza
251,Junk Burger,31,4.3,2.4,50‚Äì60,Hamburguesa,‚Ç¨,"Calle De Mar√≠a De Molina, 16, 28006",Chamart√≠n,Hamburguesa
252,Aloha Poke,163,4.5,2.4,40‚Äì50,Poke,‚Ç¨,"Calle De Barcel√≥ 6, 318,  28004",Chamart√≠n,Poke
253,Mad Pollo,45,4.0,2.4,15‚Äì35,Pollo,‚Ç¨,"Calle Zabaleta 1,  28002",Chamart√≠n,Pollo
254,CHUCK CHUCK CHICKEN,40,2.9,1.9,40‚Äì50,Pollo,‚Ç¨,"Calle De Arturo Soria, 189, 28043",Chamart√≠n,Pollo
255,Pasteleria Saul,27,4.2,1.9,25‚Äì35,Tienda,‚Ç¨,"Calle Bravo Murillo, 229, 28020",Chamart√≠n,Tienda
256,Galp,19,4.3,1.9,45‚Äì55,Tienda,‚Ç¨,"Calle Del Cactus, 42 ,  28039",Chamart√≠n,Tienda
257,Chili Houseüå∂,40,2.9,1.9,45‚Äì55,SouthAmerica,‚Ç¨,"Calle De M√©jico, 20,  28028",Chamart√≠n,SouthAmerica
258,Restaurante Chino Diamante,100,4.0,2.4,30‚Äì40,China,‚Ç¨,"Plaza Sagrado Coraz√≥n De Jes√∫s, 2, 28002",Chamart√≠n,China
259,Foster's Hollywood,65,4.2,1.4,30‚Äì40,Hamburguesa,‚Ç¨‚Ç¨,"Calle Del Pr√≠ncipe De Vergara 258,  28016",Chamart√≠n,Hamburguesa
260,Empanadas BAIRES,40,2.9,0.9,25‚Äì35,Empanada,‚Ç¨,"Calle Zabaleta 1,  28002",Chamart√≠n,Empanada
261,Golat Helados,40,2.9,1.9,35‚Äì45,Dulce,‚Ç¨,"Calle De San Andr√©s, 31, 28004",Chamart√≠n,Dulce
262,Pic & Nic,200,4.4,3.4,60‚Äì70,SouthAmerica,‚Ç¨,"Calle Zabaleta 1,  28002",Chamart√≠n,SouthAmerica
263,Frambons,40,2.9,1.9,35‚Äì45,Empanada,‚Ç¨,"Calle De Raimundo Fern√°ndez Villaverde 33,  28020",Chamart√≠n,Empanada
264,Empanadas BAIRES,13,4.0,2.4,55‚Äì65,Empanada,‚Ç¨,"Calle De Cartagena, 131, 28002",Chamart√≠n,Empanada
265,Doner kebap efes,23,4.7,1.9,25‚Äì35,Kebab,‚Ç¨,"Calle De L√≥pez De Hoyos 11,  28006",Chamart√≠n,Kebab
266,Crepes & Waffles,19,4.5,2.4,45‚Äì55,Dulce,‚Ç¨,"Calle De L√≥pez De Hoyos, 139, 28002",Chamart√≠n,Dulce
267,Doner kebap efes,30,4.6,1.9,30‚Äì40,Kebab,‚Ç¨,"Calle Bravo Murillo 218,  28020",Chamart√≠n,Kebab
268,Sult√°n kebab,19,3.0,1.9,30‚Äì40,Kebab,‚Ç¨,"Calle De Bravo Murillo, 215, 28020",Chamart√≠n,Kebab
269,Great Kebab,40,2.9,1.9,40‚Äì50,Kebab,‚Ç¨,"Calle De Jos√© Calvo 6,  28039",Chamart√≠n,Kebab
270,Badsha India Restaurant,200,4.4,1.0,15‚Äì35,India,‚Ç¨,"Calle De Embajadores, 28012",Tetu√°n,India
271,TUTTO PASTA!,26,2.8,2.6,40‚Äì60,Pizza,‚Ç¨,"Calle De Jos√© Calvo 10, 28039",Tetu√°n,Pizza
272,Comida de Pueblo,40,3.5,2.4,40‚Äì50,Gourmet,‚Ç¨‚Ç¨,"C/ Orense, 11, 28020",Tetu√°n,Gourmet
273,La Tagliatella,61,4.2,1.9,25‚Äì35,Pizza,‚Ç¨‚Ç¨,"C/ Orense, 11, 28020",Tetu√°n,Pizza
274,La Cuchara,40,3.5,2.9,40‚Äì50,Gourmet,‚Ç¨‚Ç¨‚Ç¨,"C/ Orense, 11, 28020",Tetu√°n,Gourmet
275,La Tagliatella,61,3.8,1.4,25‚Äì35,Pizza,‚Ç¨‚Ç¨,"Paseo De La Castellana 191, 28046",Tetu√°n,Pizza
276,Taco Bell,200,4.1,1.4,20‚Äì30,Hamburguesa,‚Ç¨,"Calle De Bravo Murillo 250,  28020",Tetu√°n,Hamburguesa
277,Empanadas Malv√≥n,25,4.7,0.4,25‚Äì35,Empanada,‚Ç¨,"Av. De Brasil, 6, 28020",Tetu√°n,Empanada
278,La Mordida,25,4.4,0.9,45‚Äì55,SouthAmerica,‚Ç¨,"Calle De Bravo Murillo, 206, 28020",Tetu√°n,SouthAmerica
279,Express 88,60,4.6,0.9,30‚Äì40,SouthAmerica,‚Ç¨,"Calle De Huesca, 19, Bajo, 28020",Tetu√°n,SouthAmerica
280,La caba√±a de cris,40,3.5,0.9,35‚Äì45,Mediterr√°nea,‚Ç¨‚Ç¨‚Ç¨,"Calle De Bravo Murillo 199,  28039",Tetu√°n,Pollo
281,Pollos al Carb√≥n,21,3.6,5.0,15‚Äì35,Pollo,‚Ç¨,"Calle De La Infanta Mercedes 17, 28020",Tetu√°n,Pollo
282,Toro Burger Lounge,23,4.1,0.9,50‚Äì60,Hamburguesa,‚Ç¨,"Calle De Raimundo Fern√°ndez Villaverde, 33, 28020",Tetu√°n,Hamburguesa
283,Pizzer√≠a El Tr√©bol 24h,18,4.4,1.4,35‚Äì45,Pizza,‚Ç¨,"Av. De Brasil, 17, 28020",Tetu√°n,Pizza
284,Ala Sushi,40,3.5,0.9,30‚Äì40,Asi√°tica,‚Ç¨‚Ç¨,"Calle Castilla,4 , 28039",Tetu√°n,Asi√°tica
285,MANKA,52,4.9,0.9,40‚Äì50,Pizza,‚Ç¨,"Calle De Bravo Murillo, 113, 28039",Tetu√°n,Pizza
286,Little Caesars Pizza,200,4.6,3.0,15‚Äì25,Pizza,‚Ç¨,"Calle De Francos Rodr√≠guez, 42, 28039",Tetu√°n,Pizza
287,EL ASADOR,40,3.5,0.9,55‚Äì65,Carne,‚Ç¨‚Ç¨‚Ç¨,"Calle De Manuel De Falla 5,  28036",Tetu√°n,Carne
288,Limbo Player Two,40,3.5,1.4,45‚Äì55,Carne,‚Ç¨‚Ç¨,"Castellana, 123, 28046",Tetu√°n,Carne
289,Popeyes,200,4.0,0.9,25‚Äì35,Pollo,‚Ç¨,"Calle De San Germ√°n, 64, 28020",Tetu√°n,Pollo
290,Fast chicken chain,40,3.5,0.9,35‚Äì45,Pollo,‚Ç¨,"Paseo De La Castellana 130, 28046",Tetu√°n,Pollo
291,Yakitoro,26,4.5,1.4,55‚Äì65,Asi√°tica,‚Ç¨‚Ç¨‚Ç¨,"Calle Del Pr√≠ncipe De Vergara, 210, 28002",Tetu√°n,Asi√°tica
292,Home Burger Bar,198,4.1,1.9,35‚Äì45,Hamburguesa,‚Ç¨,"Calle De Bravo Murillo 122, 28020",Tetu√°n,Hamburguesa
293,Arepish,53,4.6,1.4,40‚Äì50,SouthAmerica,‚Ç¨,"C.C. La Vaguada, Av. De Monforte De Lemos, 32, 28029",Tetu√°n,SouthAmerica
294,TGB,66,4.1,2.4,50‚Äì60,Hamburguesa,‚Ç¨,"Calle De Galer√≠a De Vallehermoso 4, 28003",Tetu√°n,Hamburguesa
295,Real Fried Chicken,15,4.3,2.4,50‚Äì60,Pollo,‚Ç¨,"Avenida De Monforte De Lemos 36, 28029",Tetu√°n,Pollo
296,Pollo Criollo,40,3.5,2.4,55‚Äì65,Pollo,‚Ç¨,"Calle De L√©rida 58,  28020",Tetu√°n,Pollo
297,Polloco Gourmet,40,3.5,3.0,30‚Äì50,Pollo,‚Ç¨,"Paseo De La Castellana, 210, 28036",Tetu√°n,Pollo
298,Taberna del Volapi√©,40,3.5,1.4,40‚Äì50,Mediterr√°nea,‚Ç¨‚Ç¨,"Calle De Cea Berm√∫dez 49, 28015",Tetu√°n,Mediterr√°nea
299,Cerveceria Ria√±o,40,3.5,2.9,40‚Äì50,Tienda,‚Ç¨,"Calle Bravo Murillo, 229, 28020",Tetu√°n,Tienda
300,Galp,19,4.3,0.9,35‚Äì45,Tienda,‚Ç¨,"Calle De Bravo Murillo, 274, 28020",Tetu√°n,Tienda
301,McDonald's,200,4.2,0.4,20‚Äì30,Hamburguesa,‚Ç¨,"Intercambiador De Plaza De Castilla, 28046 ",Tetu√°n,Hamburguesa
302,Busburguer,98,4.5,1.4,25‚Äì35,Hamburguesa,‚Ç¨,"Calle De Jos√© Abascal 31, 28003",Tetu√°n,Hamburguesa
303,Junk Burger,31,4.3,1.9,45‚Äì55,Hamburguesa,‚Ç¨,"Calle Del Cactus 42,  28039",Tetu√°n,Hamburguesa
304,Chili Houseüå∂,40,3.5,0.9,35‚Äì45,SouthAmerica,‚Ç¨,"Bravo Murillo, 120,  28020",Tetu√°n,SouthAmerica
305,Pomodoro,87,3.8,1.4,40‚Äì50,Pizza,‚Ç¨,"Calle De Galileo, 75, 28015",Tetu√°n,Pizza
306,Tosty,40,3.5,2.4,50‚Äì60,Pollo,‚Ç¨,"Calle De Barcel√≥ 6,  28004",Tetu√°n,Pollo
307,Mad Pollo,45,4.0,1.4,15‚Äì35,Pollo,‚Ç¨,"Calle De Mar√≠a De Molina, 16, 28006",Tetu√°n,Pollo
308,Aloha Poke,163,4.5,2.4,40‚Äì50,Poke,‚Ç¨,"Calle De San Andr√©s, 31, 28004",Tetu√°n,Poke
309,Pic & Nic,200,4.4,2.9,55‚Äì65,SouthAmerica,‚Ç¨,"Plaza Sagrado Coraz√≥n De Jes√∫s, 2, 28002",Tetu√°n,SouthAmerica
310,Foster's Hollywood,65,4.2,2.4,35‚Äì45,Hamburguesa,‚Ç¨‚Ç¨,"Paseo De S. Fco. De Sales, 3, 28003 ",Tetu√°n,Hamburguesa
311,Taste of America,40,3.5,2.4,35‚Äì45,Tienda,‚Ç¨‚Ç¨,"Calle De Raimundo Fern√°ndez Villaverde 33,  28020",Tetu√°n,Hamburguesa
312,Empanadas BAIRES,13,4.0,1.4,45‚Äì55,Empanada,‚Ç¨,"Calle Bravo Murillo 218,  28020",Tetu√°n,Empanada
313,Sult√°n kebab,19,3.0,0.9,25‚Äì35,Kebab,‚Ç¨,"Calle De Bravo Murillo, 34, 28015",Tetu√°n,Kebab
314,Astros,40,3.5,2.4,45‚Äì55,Comida r√°pida,‚Ç¨,"Calle Del Pr√≠ncipe De Vergara 258,  28016",Tetu√°n,Comida r√°pida
315,Empanadas BAIRES,40,3.5,1.9,35‚Äì45,Empanada,‚Ç¨,"Paseo De S. Fco. De Sales, 17, 28003",Tetu√°n,Empanada
316,Cherry Pecas,92,4.4,2.4,30‚Äì40,Comida r√°pida,‚Ç¨,"Calle De Jos√© Calvo 10,  28039",Tetu√°n,Comida r√°pida
317,Pops ¬¥n Bops,40,3.5,0.9,45‚Äì55,Asi√°tica,‚Ç¨,"Calle De Bravo Murillo, 215, 28020",Tetu√°n,Asi√°tica
318,Great Kebab,40,3.5,0.9,35‚Äì45,Kebab,‚Ç¨,"Calle De Bravo Murillo 193, 28039",Tetu√°n,Kebab
319,"Real Estambul Pizza, Doner y Kebab",15,3.4,0.9,40‚Äì50,SouthAmerica,‚Ç¨,"Cc La Vaguada Av Monforte De Lemos 36,  28029",Tetu√°n,SouthAmerica
320,Willy Factory,40,3.5,2.4,40‚Äì50,Tienda,‚Ç¨,"Av. De Betanzos, 31, 28029 ",Tetu√°n,Tienda
321,Kebab Rico Rico,44,4.4,0.9,40‚Äì50,Kebab,‚Ç¨,"Calle Federico Sainz De Robles 3, 28035",Tetu√°n,Kebab
322,Oriental Palace,167,4.4,2.4,40‚Äì50,Asi√°tica,‚Ç¨‚Ç¨‚Ç¨,"Calle De La Infanta Mercedes, 103, 28020",Tetu√°n,Asi√°tica
323,Pizzeria Nuns,40,3.5,0.9,40‚Äì50,Pizza,‚Ç¨,"Calle De Jos√© Calvo 6, 28039",Tetu√°n,Pizza
324,Badsha India Restaurant,200,4.4,2.4,40‚Äì50,India,‚Ç¨,"Calle De Jos√© Calvo 10, 28039",Chamber√≠,India
325,Comida de Pueblo,40,3.5,0.9,25‚Äì35,Gourmet,‚Ç¨‚Ç¨,"Calle Araucaria 19,  28039",Chamber√≠,Gourmet
326,Roost Chicken,123,4.6,0.4,25‚Äì35,Pollo,‚Ç¨,"C/ Marqu√©s De Viana, 76 , 28039",Chamber√≠,Pollo
327,Papa John's,200,4.2,0.9,30‚Äì40,Pizza,‚Ç¨,"Calle Del Conde De Serrallo, 1, 28029",Chamber√≠,Pizza
328,Taberna Andaluza,25,4.4,1.4,35‚Äì45,Mediterr√°nea,‚Ç¨,"Calle Del Conde De Pe√±alver, 13, 28006",Chamber√≠,Mediterr√°nea
329,La Tagliatella,61,4.2,1.4,25‚Äì35,Pizza,‚Ç¨‚Ç¨,"C/ Orense, 11, 28020",Chamber√≠,Pizza
330,La Tagliatella,61,4.2,0.9,25‚Äì35,Pizza,‚Ç¨‚Ç¨,"C/ Galileo, 15 , 28015",Chamber√≠,Pizza
331,Papa John's,200,4.3,0.4,30‚Äì40,Pizza,‚Ç¨,"Calle De San Andr√©s, 26, 28004",Chamber√≠,Pizza
332,Roost Chicken,40,3.5,0.9,40‚Äì50,Pollo,‚Ç¨,"Calle De Toledo 27,  28012",Chamber√≠,Pollo
333,Fritz Foods,41,4.5,1.9,50‚Äì60,Pizza,‚Ç¨,"Calle Araucaria 19,  28039",Chamber√≠,Pizza
334,Roost Chicken,123,4.6,1.9,40‚Äì50,Pollo,‚Ç¨,"Calle De Raimundo Fern√°ndez Villaverde, 33, 28020",Chamber√≠,Pollo
335,Pizzer√≠a El Tr√©bol 24h,18,4.4,0.9,35‚Äì45,Pizza,‚Ç¨,"Calle De Arriaza, 6, 28008",Chamber√≠,Pizza
336,El Imperio de la Empanada,40,3.5,1.4,55‚Äì65,Empanada,‚Ç¨,"Hilarion Eslava 42,  28015",Chamber√≠,Empanada
337,CONVEXO,69,4.6,0.9,35‚Äì45,Gourmet,‚Ç¨‚Ç¨‚Ç¨,"Calle De Galer√≠a De Vallehermoso 4, 28003",Chamber√≠,Gourmet
338,Real Fried Chicken,15,4.3,0.4,40‚Äì50,Pollo,‚Ç¨,"Calle De La Alianza 33, 28041",Chamber√≠,Pollo
339,Chinawokexpress,200,4.2,4.25,30‚Äì50,China,‚Ç¨,"Av. De Brasil, 6, 28020",Chamber√≠,China
340,La Mordida,25,4.4,1.4,55‚Äì65,SouthAmerica,‚Ç¨,"Calle De Carranza 3,  28004",Chamber√≠,SouthAmerica
341,Tiendas 7x24,70,4.6,0.9,35‚Äì45,Tienda,‚Ç¨,"Calle De Bravo Murillo, 113, 28039",Chamber√≠,Tienda
342,Little Caesars Pizza,200,4.6,0.9,40‚Äì50,Pizza,‚Ç¨,"Calle Azabache, 6, 28019",Chamber√≠,Pizza
343,Super Dog,25,3.7,2.4,40‚Äì50,Hamburguesa,‚Ç¨,"Calle De Bravo Murillo 199,  28039",Chamber√≠,Hamburguesa
344,Pollos al Carb√≥n,21,3.6,5.0,15‚Äì35,Pollo,‚Ç¨,"Calle Andr√©s Mellado 43,  28015",Chamber√≠,Pollo
345,La Bruja del Vesuvio,15,3.5,0.9,35‚Äì45,Comida r√°pida,‚Ç¨,"Calle De Luchana 13,  28010",Chamber√≠,Comida r√°pida
346,Freedom Pizza,53,4.5,0.4,35‚Äì45,Pizza,‚Ç¨,"Calle De Huesca, 19, 28020",Chamber√≠,Pizza
347,La caba√±a de cris,15,3.5,1.9,50‚Äì60,Mediterr√°nea,‚Ç¨‚Ç¨‚Ç¨,"P.¬∫ De La Florida, 2, 28008",Chamber√≠,Pollo
348,KFC - Principe Pio,15,3.5,1.9,55‚Äì65,Pollo,‚Ç¨,"Calle De La Infanta Mercedes 17, 28020",Chamber√≠,Pollo
349,Toro Burger Lounge,23,4.1,1.4,55‚Äì65,Hamburguesa,‚Ç¨,"Traves√≠a De La Parada 6,  28015",Chamber√≠,Hamburguesa
350,EL LAT√ìN GRIS,66,3.7,1.4,55‚Äì65,Pollo,‚Ç¨,"Calle De Francos Rodr√≠guez, 42, 28039",Chamber√≠,Pollo
351,EL ASADOR,15,3.5,1.9,60‚Äì70,Carne,‚Ç¨‚Ç¨‚Ç¨,"Calle Castilla,4 , 28039",Chamber√≠,Carne
352,MANKA,52,4.9,1.4,40‚Äì50,Pizza,‚Ç¨,"Calle Del Cardenal Cisneros 1, 28010",Chamber√≠,Pizza
353,Graal,15,3.5,0.9,45‚Äì55,Kebab,‚Ç¨,"Av. De Brasil, 17, 28020",Chamber√≠,Kebab
354,Ala Sushi,15,3.5,0.9,40‚Äì50,Asi√°tica,‚Ç¨‚Ç¨,"Calle De Sta Engracia, 108, 28003",Chamber√≠,Asi√°tica
355,Home Burger Bar,181,4.1,2.4,40‚Äì50,Hamburguesa,‚Ç¨,"Calle De Luchana 3,  28010",Chamber√≠,Hamburguesa
356,Empanadas Malv√≥n,32,4.8,0.4,30‚Äì40,Empanada,‚Ç¨,"Av. De Filipinas, 30, 28003",Chamber√≠,Empanada
357,Tiendas 7x24,62,4.5,0.4,25‚Äì35,Tienda,‚Ç¨,"Calle De Ayala 28,  28001",Chamber√≠,Tienda
358,SANABRIA,15,3.5,1.4,50‚Äì60,Mediterr√°nea,‚Ç¨‚Ç¨‚Ç¨,"Calle Del Esp√≠ritu Santo 16, 28004",Chamber√≠,Mediterr√°nea
359,MY Pasta Room,59,4.6,0.9,35‚Äì45,Pizza,‚Ç¨,"Calle De Manuel De Falla 5,  28036",Chamber√≠,Pizza
360,Limbo Player Two,15,3.5,1.9,50‚Äì60,Carne,‚Ç¨,"Calle De Jos√© Abascal 31, 28003",Chamber√≠,Carne
361,Junk Burger,31,4.3,1.9,50‚Äì60,Hamburguesa,‚Ç¨,"Calle De Bravo Murillo, 100, 28020",Chamber√≠,Hamburguesa
362,Popeyes,200,4.2,0.9,35‚Äì45,Pollo,‚Ç¨,"Calle De Bravo Murillo 122,  28020",Chamber√≠,Pollo
363,Arepish,53,4.6,0.9,40‚Äì50,SouthAmerica,‚Ç¨,"Calle De Cea Berm√∫dez 49, 28015",Chamber√≠,SouthAmerica
364,Cerveceria Ria√±o,15,3.5,0.9,30‚Äì40,Tienda,‚Ç¨,"Paseo De La Castellana 130, 28046",Chamber√≠,Tienda
365,Yakitoro,26,4.5,1.4,55‚Äì65,Asi√°tica,‚Ç¨‚Ç¨‚Ç¨,"Calle De Tudescos, 4, 28004",Chamber√≠,Asi√°tica
366,Super naan,15,3.5,1.4,60‚Äì70,India,‚Ç¨,"Calle Gran V√≠a, 16, 28004",Chamber√≠,India
367,Steak Burger,168,4.2,1.9,50‚Äì60,Hamburguesa,‚Ç¨,"Calle De San Bernardino, 20, 28015",Chamber√≠,Hamburguesa
368,MILA TOWN,15,3.5,0.9,35‚Äì45,Hamburguesa,‚Ç¨,"Calle De La Cruz, 20, Local 1, 28012",Chamber√≠,Hamburguesa
369,Galipan,23,4.2,1.9,70‚Äì80,India,‚Ç¨,"Calle Gran V√≠a 74, Local, 28015",Chamber√≠,India
370,Trek Taco,15,3.5,1.4,45‚Äì55,SouthAmerica,‚Ç¨,"Calle Del Dr Cortezo, 7, 28012",Chamber√≠,SouthAmerica
371,El Turkito,200,4.1,1.9,50‚Äì60,Asi√°tica,‚Ç¨,"Calle Maldonado 07, 28006",Chamber√≠,Asi√°tica
372,Artisan Burger,15,3.5,0.9,45‚Äì55,Hamburguesa,‚Ç¨,"Calle De Vel√°zquez, 118, 28006",Chamber√≠,Hamburguesa
373,Makan Saj Manoushe,200,4.9,1.4,30‚Äì40,India,‚Ç¨‚Ç¨,"Calle De Azcona 36,  28028",Chamber√≠,India
374,Arepish,186,4.6,2.4,35‚Äì45,SouthAmerica,‚Ç¨,"Calle De Los Donados 2,  28013",Chamber√≠,SouthAmerica
375,Cor & Cor,15,3.5,1.4,55‚Äì65,Dulce,‚Ç¨,"Calle De Galileo, 75,  28015",Chamber√≠,Dulce
376,Tosty,15,3.5,0.4,40‚Äì50,Pollo,‚Ç¨,"Calle De San Germ√°n, 64, 28020",Chamber√≠,Pollo
377,Fast chicken chain,15,3.5,1.9,45‚Äì55,Pollo,‚Ç¨,"Calle De Jos√© Calvo 6, 28039",Chamber√≠,Pollo
378,Badsha India Restaurant,200,4.4,1.0,15‚Äì35,India,‚Ç¨,"Calle Bravo Murillo 108, 28020",Moncloa-Aravaca,India
379,Taco Bell,200,4.3,0.9,30‚Äì40,Hamburguesa,‚Ç¨,"Calle De Embajadores, 13, 28012",Moncloa-Aravaca,Hamburguesa
380,TUTTO PASTA!,26,2.8,2.6,40‚Äì60,Pizza,‚Ç¨,"Calle De Jos√© Calvo 10,  28039",Moncloa-Aravaca,Pizza
381,Comida de Pueblo,15,3.5,1.9,35‚Äì45,Gourmet,‚Ç¨‚Ç¨,"Calle De Isaac Peral, 4, 28015",Moncloa-Aravaca,Gourmet
382,Pizzart Luchana,15,3.5,0.4,35‚Äì45,Pizza,‚Ç¨,"Calle De Isaac Peral 4, 28015",Moncloa-Aravaca,Pizza
383,Taco Bell,200,4.1,2.4,35‚Äì45,Hamburguesa,‚Ç¨,"Hilarion Eslava 42,  28015",Moncloa-Aravaca,Hamburguesa
384,CONVEXO,69,4.6,2.9,35‚Äì45,Gourmet,‚Ç¨‚Ç¨‚Ç¨,"Calle De Bravo Murillo 199,  28039",Moncloa-Aravaca,Gourmet
385,Pollos al Carb√≥n,21,3.6,5.0,15‚Äì35,Pollo,‚Ç¨,"Calle De Bravo Murillo, 113, 28039",Moncloa-Aravaca,Pollo
386,Little Caesars Pizza,200,4.6,3.0,5‚Äì25,Pizza,‚Ç¨,"Calle De Francos Rodr√≠guez, 42,  28039",Moncloa-Aravaca,Pizza
387,EL ASADOR,15,3.5,2.9,60‚Äì70,Carne,‚Ç¨‚Ç¨‚Ç¨,"Calle Castilla,4 ,28039",Moncloa-Aravaca,Carne
388,MANKA,52,4.9,2.9,55‚Äì65,Pizza,‚Ç¨,"Calle De Galer√≠a De Vallehermoso 4, 28003",Moncloa-Aravaca,Pizza
389,Real Fried Chicken,15,4.3,2.9,45‚Äì55,Pollo,‚Ç¨,"Calle De La Infanta Mercedes 17, 28020",Moncloa-Aravaca,Pollo
390,Toro Burger Lounge,23,4.1,2.9,60‚Äì70,Hamburguesa,‚Ç¨,"Calle De Huesca, 19, 28020",Moncloa-Aravaca,Hamburguesa
391,La caba√±a de cris,15,3.5,3.4,55‚Äì65,Mediterr√°nea,‚Ç¨‚Ç¨‚Ç¨,"Calle Andr√©s Mellado 43, 28015",Moncloa-Aravaca,Pollo
392,La Bruja del Vesuvio,15,3.5,2.9,45‚Äì55,Comida r√°pida,‚Ç¨,"Calle De Bravo Murillo 122,  28020",Moncloa-Aravaca,Comida r√°pida
393,Arepish,53,4.6,2.9,50‚Äì60,SouthAmerica,‚Ç¨,"Calle De Bravo Murillo, 100, 28020",Moncloa-Aravaca,SouthAmerica
394,Popeyes,200,4.2,2.9,40‚Äì50,Pollo,‚Ç¨,"Calle De Cea Berm√∫dez 49, 28015",Moncloa-Aravaca,Pollo
395,Cerveceria Ria√±o,15,3.5,2.9,40‚Äì50,Tienda,‚Ç¨,"Calle De San Germ√°n, 64, 28020",Moncloa-Aravaca,Tienda
396,Fast chicken chain,15,3.5,2.9,50‚Äì60,Pollo,‚Ç¨,"Calle De Sta Engracia, 108, 28003",Moncloa-Aravaca,Pollo
397,Home Burger Bar,181,4.1,3.4,45‚Äì55,Hamburguesa,‚Ç¨,"Calle Hilari√≥n Eslava, 38, 28015",Moncloa-Aravaca,Hamburguesa
398,Empanadas Malv√≥n,21,4.7,2.4,30‚Äì40,Empanada,‚Ç¨,"Calle De Galileo, 75, 28015",Moncloa-Aravaca,Empanada
399,Tosty,15,3.5,2.9,45‚Äì55,Pollo,‚Ç¨,"Calle Ferraz 43,  28008",Moncloa-Aravaca,Pollo
400,Red Roo Australian Restaurant,15,3.5,2.9,45‚Äì55,Carne,‚Ç¨,"Calle De L√©rida 58,  28020",Moncloa-Aravaca,Carne
401,Polloco Gourmet,26,3.5,3.0,30‚Äì50,Pollo,‚Ç¨,"Bravo Murillo, 120,  28020",Moncloa-Aravaca,Pollo
402,Pomodoro,87,3.8,2.9,50‚Äì60,Pizza,‚Ç¨,"Av. De Filipinas, 30, 28003",Moncloa-Aravaca,Pizza
403,Tiendas 7x24,62,4.5,2.9,30‚Äì40,Tienda,‚Ç¨,"Calle De Barcel√≥ 6, 318,  28004",Moncloa-Aravaca,Tienda
404,Mad Pollo,45,4.0,2.9,15‚Äì35,Pollo,‚Ç¨,"Calle De Raimundo Fern√°ndez Villaverde 33,  28020",Moncloa-Aravaca,Pollo
405,El tr√©bol empanadas,16,4.5,2.9,45‚Äì55,Comida r√°pida,‚Ç¨,"Calle De San Andr√©s, 31, 28004",Moncloa-Aravaca,Comida r√°pida
406,Pic & Nic,200,4.4,3.4,55‚Äì65,SouthAmerica,‚Ç¨,"Paseo De S. Fco. De Sales, 3, 28003",Moncloa-Aravaca,SouthAmerica
407,Taste of America,26,3.5,2.4,35‚Äì45,Tienda,‚Ç¨‚Ç¨,"Calle De Bravo Murillo, 34, 28015",Moncloa-Aravaca,Hamburguesa
408,Astros,26,3.0,2.9,45‚Äì55,Comida r√°pida,‚Ç¨,"Calle De Guzm√°n El Bueno, 73, 28015",Moncloa-Aravaca,Comida r√°pida
409,Aloha Poke,200,4.7,2.9,25‚Äì35,Poke,‚Ç¨,"Calle De Fern√°ndez De Los R√≠os, 98, 28015",Moncloa-Aravaca,Poke
410,Doner kebap efes,30,3.8,2.9,35‚Äì45,Kebab,‚Ç¨,"C. De La Princesa, 40, 28008",Moncloa-Aravaca,Kebab
411,Starbucks,63,4.3,3.4,35‚Äì45,Dulce,‚Ç¨,"Paseo De S. Fco. De Sales, 17, 28003",Moncloa-Aravaca,Dulce
412,Cherry Pecas,92,4.4,2.4,30‚Äì40,Comida r√°pida,‚Ç¨,"Calle De Vallehermoso, 42, 28015",Moncloa-Aravaca,Comida r√°pida
413,Basically Just Burrito Bowls,26,3.0,2.9,45‚Äì55,Comida r√°pida,‚Ç¨,"Calle Bravo Murillo 218,  28020",Moncloa-Aravaca,Comida r√°pida
414,Sult√°n kebab,19,3.0,2.9,35‚Äì45,Kebab,‚Ç¨,"Calle De Bravo Murillo, 215, 28020",Moncloa-Aravaca,Kebab
415,Great Kebab,26,3.0,2.9,40‚Äì50,Kebab,‚Ç¨,"Calle De Bravo Murillo 193, 28039",Moncloa-Aravaca,Kebab
416,"Real Estambul Pizza, Doner y Kebab",15,3.4,2.9,45‚Äì55,SouthAmerica,‚Ç¨,"Calle De Jos√© Calvo 10,  28039",Moncloa-Aravaca,SouthAmerica
417,Pops ¬¥n Bops,26,3.0,2.4,50‚Äì60,China,‚Ç¨,"Calle Federico Sainz De Robles 3, 28035",Moncloa-Aravaca,China
418,Oriental Palace,167,4.4,2.9,45‚Äì55,Asi√°tica,‚Ç¨‚Ç¨‚Ç¨,"Calle De Galileo 40,  28015",Moncloa-Aravaca,Asi√°tica
419,Shawarma palace,15,3.5,2.4,50‚Äì60,Hamburguesa,‚Ç¨,"Plaza Del Descubridor Diego De Ord√°s, 4, 28003",Moncloa-Aravaca,Hamburguesa
420,Jimbo Smokehouse,68,4.7,2.9,45‚Äì55,Dulce,‚Ç¨,"Calle Jose Calvo 10,  28039",Moncloa-Aravaca,Dulce
421,Napoli Gang by Bel Mondo,26,3.0,2.4,50‚Äì60,Pizza,‚Ç¨,"Calle Rodr√≠guez San Pedro 44,  28015",Moncloa-Aravaca,Pizza
422,Soda Bar,26,3.0,2.9,45‚Äì55,Comida r√°pida,‚Ç¨,"C. Del Dr. Ram√≥n Castroviejo, 59, 28035",Moncloa-Aravaca,Comida r√°pida
423,Danny‚Äôs Jazz,11,4.7,2.4,50‚Äì60,Mediterr√°nea,‚Ç¨,"Calle Del Aviador Zorita 32,  28020",Moncloa-Aravaca,Mediterr√°nea
424,Ferreiro,26,3.0,3.4,35‚Äì45,Dulce,‚Ç¨,"Calle De Almansa 41,  28039",Moncloa-Aravaca,Dulce
425,TeKeS,78,4.8,2.4,30‚Äì40,SouthAmerica,‚Ç¨,"Calle De C√°ndido Mateos 21,  28035",Moncloa-Aravaca,SouthAmerica
426,Toropikaru Sushi,26,3.0,3.4,35‚Äì45,Pollo,‚Ç¨,"Calle Sorgo 53, Nave 2,  28029",Moncloa-Aravaca,Pollo
427,NUBO Rolls,15,4.3,3.4,35‚Äì45,Comida r√°pida,‚Ç¨,"Calle De Santa Engracia 108,  28003",Moncloa-Aravaca,Comida r√°pida
428,DITALY,26,3.0,2.4,30‚Äì40,Empanada,‚Ç¨,"Calle De Fern√°ndez De Los R√≠os 85,  28015",Moncloa-Aravaca,Empanada
429,Empanadas BAIRES,26,3.0,3.4,35‚Äì45,Empanada,‚Ç¨,"Calle De Ofelia Nieto, 42, 28039",Moncloa-Aravaca,Empanada
430,Massburg,194,4.4,2.4,30‚Äì40,Hamburguesa,‚Ç¨,"Zabaleta 1,  28002",Moncloa-Aravaca,Hamburguesa
431,Nola Smoke,199,4.2,1.0,15‚Äì35,Comida r√°pida,‚Ç¨,"Calle De Jos√© Calvo 6, 28039",Moncloa-Aravaca,Comida r√°pida
432,Badsha India Restaurant,200,4.4,1.0,15‚Äì35,India,‚Ç¨,"Calle De Jos√© Calvo 10, 28039",Carabanchel,India
433,Comida de Pueblo,26,3.0,2.4,35‚Äì45,Gourmet,‚Ç¨‚Ç¨,"Avenida De La Reina Victoria 68, 28040",Carabanchel,Gourmet
434,Papa John's,200,4.4,1.9,35‚Äì45,Pizza,‚Ç¨,"Calle Araucaria 19,  28039",Carabanchel,Pizza
435,Roost Chicken,123,4.6,2.9,40‚Äì50,Pollo,‚Ç¨,"Calle De Isaac Peral 4, 28015",Carabanchel,Pollo
436,McDonald's,200,4.4,2.9,30‚Äì40,Hamburguesa,‚Ç¨,"Calle De Isaac Peral 4, 28015",Carabanchel,Hamburguesa
437,Taco Bell,200,4.1,2.4,35‚Äì45,Hamburguesa,‚Ç¨,"Hilarion Eslava 42,  28015",Carabanchel,Hamburguesa
438,CONVEXO,69,4.6,2.9,35‚Äì45,Gourmet,‚Ç¨‚Ç¨‚Ç¨,"Calle De Bravo Murillo 199,  28039",Carabanchel,Gourmet
439,Pollos al Carb√≥n,21,3.6,5.0,15‚Äì35,Pollo,‚Ç¨,"Calle De Bravo Murillo, 113, 28039",Carabanchel,Pollo
440,Little Caesars Pizza,200,4.6,3.0,5‚Äì25,Pizza,‚Ç¨,"Calle De Francos Rodr√≠guez, 42, 28039",Carabanchel,Pizza
453,McDonald's,200,4.3,1.9,15‚Äì25,Hamburguesa,‚Ç¨,"Paseo De Santa Mar√≠a De La Cabeza, 86, 28045",Carabanchel,Hamburguesa
454,Beiben,14,4.2,2.4,30‚Äì40,Mediterr√°nea,‚Ç¨,"Calle De Mira El Sol 23, 28005",Carabanchel,Mediterr√°nea
455,La Cochinita Loca,19,4.3,2.4,45‚Äì55,SouthAmerica,‚Ç¨,"Calle De Guetaria 72,  28041",Carabanchel,SouthAmerica
456,Pasta con todo üçù,26,3.0,2.4,45‚Äì55,Pizza,‚Ç¨,"Calle Fragata, 11,  28019",Carabanchel,Pizza
457,Latin kebab,25,4.0,1.4,30‚Äì40,Kebab,‚Ç¨,"Calle Arechavaleta 6,  28041",Carabanchel,Kebab
458,Pura Italia,109,3.2,1.9,35‚Äì55,Pizza,‚Ç¨,"Calle De Antonio L√≥pez 109,  28026",Carabanchel,Pizza
459,Pollo Criollo,26,3.0,2.4,50‚Äì60,Pollo,‚Ç¨,"Calle De Juan Pascual De Mena 7, 28011",Carabanchel,Pollo
460,Maha Kebab,11,4.3,2.4,20‚Äì30,Kebab,‚Ç¨,"Plaza De La Cebada, 10, 28005",Carabanchel,Kebab
461,Taberna La Buha,24,4.2,2.4,60‚Äì70,Mediterr√°nea,‚Ç¨,"Calle Mirasierra, 37, 28026",Carabanchel,Mediterr√°nea
462,Pizza Mirasierra,17,4.2,2.4,30‚Äì40,Pizza,‚Ç¨,"Calle De San Andr√©s, 31, 28004",Carabanchel,Pizza
463,Pic & Nic,200,4.4,3.9,60‚Äì70,SouthAmerica,‚Ç¨,"Calle De Marcelo Usera 135,  28026",Carabanchel,SouthAmerica
464,Pizz-a-porter,26,3.0,1.9,30‚Äì40,Pizza,‚Ç¨,"Calle De Don Pedro 11, 28005",Carabanchel,Pizza
465,Tabaxo - Don Pedro,26,3.0,2.4,50‚Äì60,Dulce,‚Ç¨,"Paseo De Los Pontones, 24, 28005",Carabanchel,Dulce
466,Taberna Piedra Pinta,26,3.0,1.9,45‚Äì55,India,‚Ç¨,"Calle V√≠a Carpetana, 226, 28047",Carabanchel,India
467,Dinos Bar Kebab,26,3.0,2.5,40‚Äì60,Kebab,‚Ç¨,"Av. Oporto, 89, 28025",Carabanchel,Kebab
468,Gran Oporto Kebab,29,3.7,1.4,25‚Äì35,Kebab,‚Ç¨,"Glorieta De Embajadores 4, 28012",Carabanchel,Kebab
469,GALAXY KEBAB,17,4.5,2.9,30‚Äì40,Kebab,‚Ç¨,"Calle V√≠a Carpetana 81,  28047",Carabanchel,Kebab
470,Bar y Kebab La Parada,23,3.0,1.4,15‚Äì25,Kebab,‚Ç¨,"Calle De Embajadores, 28, 28012",Carabanchel,Kebab
471,√âccolo,28,4.2,2.4,50‚Äì60,Mediterr√°nea,‚Ç¨,"Calle De La Ruda, 5, 28005",Carabanchel,Mediterr√°nea
472,Malacatin,19,4.9,1.9,45‚Äì55,Pizza,‚Ç¨,"Calle De Melilla, 47, 28005",Carabanchel,Pizza
473,Le Crust,25,4.4,2.5,40‚Äì60,Hamburguesa,‚Ç¨,"Paseo De Los Melanc√≥licos 7,  28005",Carabanchel,Hamburguesa
474,Toro Burger Lounge,27,4.1,1.4,25‚Äì35,Hamburguesa,‚Ç¨,"Plaza De Cascorro, 16,  28005",Carabanchel,Hamburguesa
475,Cor & Cor,11,4.3,2.9,30‚Äì40,Dulce,‚Ç¨,"Calle Campo De La Paloma 32,  28018",Carabanchel,Dulce
476,Arepa Mix,38,3.9,1.4,15‚Äì25,SouthAmerica,‚Ç¨,"Calle De Ferroviarios 98,  28026",Carabanchel,SouthAmerica
477,Bocadillos Ole,23,3.0,2.4,60‚Äì70,Mediterr√°nea,‚Ç¨,"Calle De Dolores Barranco, 88, 28026",Carabanchel,Mediterr√°nea
478,IGo Pasta,89,4.5,2.4,30‚Äì40,Pizza,‚Ç¨‚Ç¨,"Calle De Santa Isabel, 5, 28012",Carabanchel,Pizza
479,Yokaloka,23,3.6,3.9,60‚Äì70,Asi√°tica,‚Ç¨‚Ç¨‚Ç¨,"Calle De Jaime Vera 12,  28011",Carabanchel,Asi√°tica
480,Burger Las Vegas,23,3.6,1.9,30‚Äì40,Hamburguesa,‚Ç¨,"Calle De Antonio L√≥pez 109,  28026",Carabanchel,Hamburguesa
481,Alice Pizza,23,3.6,2.4,50‚Äì60,Pizza,‚Ç¨,"Calle De C√°ceres 5, 28045",Carabanchel,Pizza
482,Herb√≠voro,23,3.6,1.9,45‚Äì55,Carne,‚Ç¨‚Ç¨‚Ç¨,"Paseo De Los Melancolicos 7,  28005",Carabanchel,Carne
483,La Manousheria,23,3.6,2.5,40‚Äì60,Dulce,‚Ç¨,"Calle De Los Y√©benes 150,  28047",Carabanchel,Dulce
484,Popizza,23,3.6,0.9,30‚Äì40,Pollo,‚Ç¨,"Calle De Marcelo Usera 12,  28026",Carabanchel,Pollo
485,Asador de Pollos,23,3.6,2.5,40‚Äì60,Pollo,‚Ç¨,"C/ General Ricardos, 159 , 28025",Carabanchel,Pollo
486,Papa John's,200,4.3,0.9,30‚Äì40,Pizza,‚Ç¨,"Calle De Embajadores, 14 ,  28012",Usera,Pizza
487,TUTTO PASTA!,26,2.8,2.5,40‚Äì60,Pizza,‚Ç¨,"Calle De Matilde Hern√°ndez 90, 28025",Usera,Pizza
488,Restaurante Sabor K-Tracho,23,3.6,1.4,35‚Äì45,Tienda,‚Ç¨,"Calle Del Gral. Ricardos, 92,  28019",Usera,Tienda
489,Autoservicio,77,4.8,0.9,15‚Äì25,Tienda,‚Ç¨,"Av. Del Manzanares, 210, 28026",Usera,Tienda
490,Little Caesars Pizza,200,4.6,1.4,40‚Äì50,Pizza,‚Ç¨,"Calle De C√°ceres 1,  28045",Usera,Pizza
491,Comida china yonghe,50,4.3,2.4,40‚Äì50,China,‚Ç¨‚Ç¨‚Ç¨,"Calle De La Alianza 33,  28041",Usera,China
492,Chinawokexpress,200,4.2,4.25,30‚Äì50,China,‚Ç¨,"Paseo Del Doctor Vallejo N√°gera, 25, 28005",Usera,China
493,Papa John's,200,4.3,2.4,30‚Äì40,Pizza,‚Ç¨,"Avenida De Oporto 14, 28019",Usera,Pizza
494,TROPICALISSIMA,84,4.4,1.4,30‚Äì40,Hamburguesa,‚Ç¨,"Calle Azabache, 6, 28019",Usera,Hamburguesa
495,Super Dog,25,3.7,1.4,30‚Äì50,Hamburguesa,‚Ç¨,"Calle Del Gral. Ricardos, 92,  28019",Usera,Hamburguesa
496,Autoservicio,77,4.8,2.4,30‚Äì40,Tienda,‚Ç¨,"Avenida De Orovilla 46, 28041",Usera,Tienda
497,Burger 123,15,4.3,2.4,45‚Äì55,Hamburguesa,‚Ç¨,"C/ Ejos 15, 28026",Usera,Hamburguesa
498,Pollo Rico Al carb√≥n,68,4.5,0.9,40‚Äì50,Pollo,‚Ç¨,"Calle C√°ceres, 34, 28045",Usera,Pollo
499,Ristorante Pizzer√≠a Dante,61,4.1,2.4,45‚Äì55,Pizza,‚Ç¨,"Calle De Moncada 122,  28021",Usera,Pizza
500,Pollos a la brasa el Corral,31,4.6,3.0,30‚Äì50,Pollo,‚Ç¨,"Paseo De Santa Mar√≠a De La Cabeza, 86, 28045",Usera,Pollo
501,Beiben,14,4.2,1.9,30‚Äì40,Mediterr√°nea,‚Ç¨,"Calle De Guetaria 72,  28041",Usera,Mediterr√°nea
502,Pasta con todo üçù,23,3.6,1.4,40‚Äì50,Pizza,‚Ç¨,"Calle De Antonio L√≥pez 109,  28026",Usera,Pizza
503,Pollo Criollo,23,3.6,1.4,45‚Äì55,Pollo,‚Ç¨,"Av. De Andaluc√≠a, 19, 28041",Usera,Pollo
504,McDonald's,200,4.1,1.9,20‚Äì30,Hamburguesa,‚Ç¨,"Calle De La Antracita 12,  28045",Usera,Hamburguesa
505,Empanadas Malv√≥n,31,5.0,1.9,35‚Äì45,Empanada,‚Ç¨,"Calle Mirasierra, 37, 28026",Usera,Empanada
506,Pizza Mirasierra,17,4.2,1.4,20‚Äì30,Pizza,‚Ç¨,"Calle Arechavaleta 6,  28041",Usera,Pizza
507,Pura Italia,109,3.2,1.9,35‚Äì55,Pizza,‚Ç¨,"Traves√≠a Arechavaleta 4,  28041",Usera,Pizza
508,"Aqua, Farina e Forno",17,2.9,1.9,10‚Äì30,Pizza,‚Ç¨,"Calle Ariel,15,  28045",Usera,Pizza
509,El Buen Gusto,17,4.5,2.4,50‚Äì60,Mediterr√°nea,‚Ç¨,"Calle De Marcelo Usera 135,  28026",Usera,Mediterr√°nea
510,Pizz-a-porter,23,3.6,0.9,25‚Äì35,Pizza,‚Ç¨,"Calle De Palos De La Frontera 38,  28045",Usera,Pizza
511,La Pizza √© Bella,12,4.5,2.9,40‚Äì50,Pizza,‚Ç¨,"Paseo Del Molino, 1, 28045",Usera,Pizza
512,Kebab Nemrut,81,4.3,1.9,25‚Äì35,Kebab,‚Ç¨,"Calle V√≠a Carpetana, 226, 28047",Usera,Kebab
513,Dinos Bar Kebab,23,3.6,2.5,40‚Äì60,Kebab,‚Ç¨,"Glorieta De Embajadores 4, 28012",Usera,Kebab
514,GALAXY KEBAB,17,4.5,2.9,30‚Äì40,Kebab,‚Ç¨,"Av. Oporto, 89, 28025",Usera,Kebab
515,Gran Oporto Kebab,29,3.7,2.9,35‚Äì45,Kebab,‚Ç¨,"Calle De Jos√© Antonio De Armona 12,  28012",Usera,Kebab
516,Ramen Kagura,23,3.6,1.4,45‚Äì55,Ensaladas,‚Ç¨,"Calle De Tarragona 36,  28045",Usera,Ensaladas
517,RAVIOLUZIONE,40,4.2,1.9,20‚Äì30,Pizza,‚Ç¨,"Calle De Melilla, 47, 28005",Usera,Pizza
518,Le Crust,25,4.4,1.9,35‚Äì45,Hamburguesa,‚Ç¨,"Calle Campo De La Paloma 32,  28018",Usera,Hamburguesa
519,Arepa Mix,38,3.9,1.4,20‚Äì30,SouthAmerica,‚Ç¨,"Centro Comercial Plaza Rio 2, 28026",Usera,SouthAmerica
520,Llaollao,39,4.4,1.9,35‚Äì55,Gourmet,‚Ç¨,"Calle De Ferroviarios 98,  28026",Usera,Gourmet
521,Bocadillos Ole,23,3.6,1.9,10‚Äì30,Mediterr√°nea,‚Ç¨,"Calle De Dolores Barranco, 88, 28026",Usera,Mediterr√°nea
522,IGo Pasta,89,4.5,2.4,50‚Äì60,Pizza,‚Ç¨‚Ç¨,"Calle De Santa Isabel, 5, 28012",Usera,Pizza
523,Yokaloka,23,3.6,0.9,25‚Äì35,Asi√°tica,‚Ç¨‚Ç¨‚Ç¨,"Calle De La Antracita, 10, 28045",Usera,Asi√°tica
524,Cantina Canalla,24,4.2,2.9,40‚Äì50,SouthAmerica,‚Ç¨,"Paseo De Santa Mar√≠a De La Cabeza, 60, 28012",Usera,SouthAmerica
525,√ìrale burrito,23,3.6,1.9,25‚Äì35,Burritos,‚Ç¨,"Calle De Antonio L√≥pez 109,  28026",Usera,Burritos
526,Alice Pizza,23,3.6,2.5,40‚Äì60,Pizza,‚Ç¨,"Calle De M√©ndez √Ålvaro 77,  28045",Usera,Pizza
527,Tasty Poke,178,4.6,2.9,30‚Äì40,Poke,‚Ç¨,"Calle De C√°ceres 5, 28045",Usera,Poke
528,Herb√≠voro,23,3.6,1.4,45‚Äì55,Carne,‚Ç¨‚Ç¨‚Ç¨,"Calle De Lillo 1,  28041",Usera,Carne
529,Abaco Taberna,23,3.6,1.9,20‚Äì30,Ensaladas,‚Ç¨,"Calle Del √Åncora 26,  28045",Usera,Ensaladas
530,S√©samo,23,3.6,1.9,35‚Äì45,Pollo,‚Ç¨,"Calle De Marcelo Usera 12,  28026",Usera,Pollo
531,Asador de Pollos,23,3.6,1.4,20‚Äì30,Pollo,‚Ç¨,"Calle De Carde√±osa 42, 28053",Usera,Pollo
532,Mac2Pic2,23,3.6,1.9,35‚Äì55,SouthAmerica,‚Ç¨,"Marcelo Usera 12, 28026",Usera,SouthAmerica
533,Asador de Pollos,23,3.6,1.9,10‚Äì30,Pollo,‚Ç¨,"Calle Alf√©rez Juan Usera, 34,  28019",Usera,Pollo
534,Cheff oriental,23,3.6,2.4,50‚Äì60,SouthAmerica,‚Ç¨,"Paseo De Santa Mar√≠a De La Cabeza 32,  28045",Usera,SouthAmerica
535,Kaleka Poke,23,3.6,0.9,25‚Äì35,Kebab,‚Ç¨,"Paseo Molino, 7, 28045",Usera,Kebab
536,Pizzeria Roberto,33,4.2,2.9,40‚Äì50,Pizza,‚Ç¨,"Calle De Jos√© Antonio De Armona 7,  28012",Usera,Pizza
537,Pui's Thai tapas,43,4.6,1.9,25‚Äì35,Comida r√°pida,‚Ç¨,"Calle Sallaberry, 101, 28019",Usera,Comida r√°pida
538,Comida China Feliz,200,4.4,2.5,40‚Äì60,China,‚Ç¨,"Avenida De Palomeras 150 , 28018",Usera,China
539,Merecumbe,100,4.3,2.9,30‚Äì40,SouthAmerica,‚Ç¨,"Calle De Embajadores, 12 ,  28045",Usera,SouthAmerica
540,TUTTO PASTA!,26,2.8,2.9,35‚Äì45,Pizza,‚Ç¨,"Avenida De Rafaela Ybarra 37,  28026",Puente de Vallecas,Pizza
541,Perla del Pacifico,66,4.1,0.9,30‚Äì40,SouthAmerica,‚Ç¨‚Ç¨‚Ç¨,"Calle De Matilde Hern√°ndez 90, 28025",Puente de Vallecas,SouthAmerica
542,Restaurante Sabor K-Tracho,23,3.6,2.4,40‚Äì50,Pollo,‚Ç¨,"Av. De La Albufera, 91, 28053",Puente de Vallecas,Pollo
543,Precio Calidad y sabor,17,4.4,2.0,40‚Äì60,Mediterr√°nea,‚Ç¨,"Calle De La Alianza 33,  28041",Puente de Vallecas,Mediterr√°nea
544,Chinawokexpress,200,4.2,4.25,30‚Äì50,China,‚Ç¨,"Calle Felipe Fraile 5,  28038",Puente de Vallecas,China
545,On Rush,14,4.8,1.4,40‚Äì50,Burritos,‚Ç¨,"Calle Azabache, 6, 28019",Puente de Vallecas,Burritos
546,Super Dog,25,3.7,2.49,30‚Äì50,Hamburguesa,‚Ç¨,"Calle Del Pico De La Maliciosa 6,  28038",Puente de Vallecas,Hamburguesa
547,Bur Burger,50,4.4,2.49,50‚Äì70,Hamburguesa,‚Ç¨,"Avenida De La Albufera, 40,  28038",Puente de Vallecas,Hamburguesa
548,El Sabroso Albufera,30,3.9,1.4,20‚Äì30,Comida r√°pida,‚Ç¨,"Calle Monederos 12,  28026",Puente de Vallecas,Comida r√°pida
549,Precio Calidad y sabor,17,4.4,2.0,40‚Äì60,Mediterr√°nea,‚Ç¨,"Avenida De La Albufera 119,  28038",Puente de Vallecas,Mediterr√°nea
550,Kebab Rayo,117,3.8,0.9,25‚Äì35,Kebab,‚Ç¨,"Calle De Moncada 122,  28021",Puente de Vallecas,Kebab
551,Pollos a la brasa el Corral,31,4.6,3.0,30‚Äì50,Pollo,‚Ç¨,"Av. Pablo Neruda, 91, 28018",Puente de Vallecas,Pollo
552,McDonald's,200,4.1,0.9,15‚Äì25,Hamburguesa,‚Ç¨,"Av. De La Albufera, 20, 28053",Puente de Vallecas,Hamburguesa
553,Popeyes,187,4.1,1.99,20‚Äì40,Pollo,‚Ç¨,"Calle De La Antracita 12,  28045",Puente de Vallecas,Pollo
554,Empanadas Malv√≥n,31,5.0,2.4,40‚Äì50,Empanada,‚Ç¨,"Calle Del Puerto De Balbar√°n 31,  28018",Puente de Vallecas,Empanada
555,Kebab Entrevias,43,4.5,1.4,25‚Äì35,Kebab,‚Ç¨,"Calle Arechavaleta 6,  28041",Puente de Vallecas,Kebab
556,Pura Italia,109,3.2,1.9,35‚Äì55,Pizza,‚Ç¨,"Calle Ariel,15,  28045",Puente de Vallecas,Pizza
557,El Buen Gusto,17,4.5,1.9,45‚Äì55,Mediterr√°nea,‚Ç¨,"Calle De Benjam√≠n Palencia, 32,  28038",Puente de Vallecas,Mediterr√°nea
558,Poke Ukelele,68,4.2,1.9,45‚Äì65,Poke,‚Ç¨,"Av. Del Mediterr√°neo, 30, 28009",Puente de Vallecas,Poke
559,Mahalo Poke,23,3.6,2.5,30‚Äì50,Poke,‚Ç¨‚Ç¨,"Calle Del Camino De Los Vinateros, 22, 28030",Puente de Vallecas,Poke
560,Ankara Doner Kebab,38,4.3,2.4,40‚Äì50,Kebab,‚Ç¨,"Av. De Entrev√≠as, 58, 28053",Puente de Vallecas,Kebab
561,Shaurma House,26,4.3,1.9,20‚Äì30,Pollo,‚Ç¨,"Avenida Del Monte Igueldo 36,  28053",Puente de Vallecas,Pollo
562,Istanbul Kebab Madrid,23,3.6,1.4,30‚Äì40,Kebab,‚Ç¨,"Av Del Monte Igueldo, 36, 28053",Puente de Vallecas,Kebab
563,Kebab Vallecano,12,4.0,1.4,30‚Äì40,Kebab,‚Ç¨,"Calle De Benadalid 6,  28018",Puente de Vallecas,Kebab
564,Star Kebab Pollo Asado,14,4.1,2.4,35‚Äì45,Pollo,‚Ç¨,"Calle De Pe√±a De La Atalaya, 86, 28053",Puente de Vallecas,Pollo
565,Entrecarb√≥n,23,3.6,1.9,20‚Äì30,Carne,‚Ç¨‚Ç¨‚Ç¨,C/ Felipe Fraile 5 28038,Puente de Vallecas,Carne
566,Pizzamarket,30,4.8,1.9,20‚Äì30,Pizza,‚Ç¨,"Av. Del Mediterr√°neo, 21, 28007",Puente de Vallecas,Pizza
567,Twin Pizza Mediterr√°neo,17,4.2,1.9,20‚Äì30,India,‚Ç¨,"Avenida Pablo Neruda 108,  28018",Puente de Vallecas,India
568,Panda Sushi,133,4.4,1.9,20‚Äì30,Asi√°tica,‚Ç¨‚Ç¨,"Calle De Arias Montano, 42, 28007",Puente de Vallecas,Ensaladas
569,Acqua in Bocca,36,4.3,1.9,20‚Äì30,Comida r√°pida,‚Ç¨,"Calle Campo De La Paloma 32,  28018",Puente de Vallecas,Comida r√°pida
570,Arepa Mix,38,3.9,1.9,20‚Äì30,SouthAmerica,‚Ç¨,"Calle Felipe Fraile 5,  28038",Puente de Vallecas,SouthAmerica
571,THE SCHNITZEL BOSS,23,3.6,1.9,20‚Äì30,SouthAmerica,‚Ç¨,"Calle Del Pico De La Maliciosa 6,  28038",Puente de Vallecas,SouthAmerica
572,Frida Burritos,47,4.5,1.9,20‚Äì30,Burritos,‚Ç¨,"Calle De Ferroviarios 98,  28026",Puente de Vallecas,Burritos
573,Bocadillos Ole,23,3.6,1.9,20‚Äì30,Mediterr√°nea,‚Ç¨,"Calle Felipe Fraile 5,  28038",Puente de Vallecas,Mediterr√°nea
574,Ceviches Marakaza,23,3.6,1.4,30‚Äì40,SouthAmerica,‚Ç¨,"Avenida Pablo Neruda, 96 , 28018",Puente de Vallecas,SouthAmerica
575,Burger Town,23,3.6,1.4,30‚Äì40,Hamburguesa,‚Ç¨,"Calle Del Puerto Canfranc, 42, 28038",Puente de Vallecas,Hamburguesa
576,Comida Fusi√≥n,19,3.7,1.4,30‚Äì40,Gourmet,‚Ç¨‚Ç¨‚Ç¨,"Avenida De Pe√±a Prieta 22,  28038",Puente de Vallecas,Gourmet
577,SUKAO FOOD FUSION,60,3.6,1.4,30‚Äì40,Asi√°tica,‚Ç¨‚Ç¨‚Ç¨,"Calle De Santa Isabel, 5, 28012",Puente de Vallecas,Asi√°tica
578,Yokaloka,60,3.6,1.4,30‚Äì40,Asi√°tica,‚Ç¨‚Ç¨‚Ç¨,"Calle De La Antracita, 10, 28045",Puente de Vallecas,Asi√°tica
579,Cantina Canalla,24,4.2,1.4,30‚Äì40,SouthAmerica,‚Ç¨,"Calle De La Cruz Del Sur 5,  28007",Puente de Vallecas,SouthAmerica
580,BURRITOS & TACOS,86,3.5,1.4,25‚Äì35,Burritos,‚Ç¨,"Avenida Pe√±a Prieta 50,  28038",Puente de Vallecas,Burritos
581,Asador Delicasa,14,4.0,1.4,25‚Äì35,Carne,‚Ç¨,"Calle De Gutenberg 3, 28014",Puente de Vallecas,Carne
582,Waiwai Fusion Poke Atocha,32,4.7,1.4,25‚Äì35,Tienda,‚Ç¨,"Calle De M√©ndez √Ålvaro 77,  28045",Puente de Vallecas,Tienda
583,Tasty Poke,178,4.6,1.4,25‚Äì35,Poke,‚Ç¨,"Av. Pablo Neruda, 91, 28018",Puente de Vallecas,Poke
584,Don Tortilla,24,4.1,1.4,25‚Äì35,Ensaladas,‚Ç¨,"Calle De C√°ceres 5, 28045",Puente de Vallecas,Ensaladas
585,Herb√≠voro,60,3.8,1.4,25‚Äì35,Carne,‚Ç¨‚Ç¨‚Ç¨,"Avenida De Buenos Aires 63,  28018",Puente de Vallecas,Carne
586,Kebab Turca,60,3.8,1.4,25‚Äì35,Kebab,‚Ç¨,"Calle De Carde√±osa 42, 28053",Puente de Vallecas,Kebab
587,Mac2Pic2,60,3.8,1.4,25‚Äì35,SouthAmerica,‚Ç¨,"Av. De La Albufera, 226, 28018",Puente de Vallecas,SouthAmerica
588,Ateshgah Albufera,60,3.8,1.4,25‚Äì35,Mediterr√°nea,‚Ç¨,"Avenida Pablo Neruda, 96 , 28018",Puente de Vallecas,Mediterr√°nea
589,Superbestia,60,3.8,1.4,25‚Äì35,Pizza,‚Ç¨,"Paseo Molino, 7, 28045",Puente de Vallecas,Pizza
590,Pizzeria Roberto,33,4.2,1.4,25‚Äì35,Pizza,‚Ç¨,"Avenida De Palomeras 150 , 28018",Puente de Vallecas,Pizza
591,Merecumbe,100,4.3,1.4,25‚Äì35,SouthAmerica,‚Ç¨,"Calle De Ferroviarios 98,  28026",Puente de Vallecas,SouthAmerica
592,Mr Patata,60,3.8,1.4,25‚Äì35,Pollo,‚Ç¨,"Calle De Lituania 6,  28030",Puente de Vallecas,Pollo
593,Drag√≥n,60,3.8,1.4,25‚Äì35,Pizza,‚Ç¨,"Calle De Embajadores, 12 ,  28045",Puente de Vallecas,Pizza
594,TUTTO PASTA!,26,2.8,2.6,40‚Äì60,Pizza,‚Ç¨,"Av. De La Albufera, 226, 28018",Moratalaz,Pizza
595,Papa John's,200,4.4,1.4,25‚Äì35,Pizza,‚Ç¨,"Calle Del Pico De La Maliciosa 6,  28038",Moratalaz,Pizza
596,Streat Lab,50,4.6,2.49,50‚Äì70,Pollo,‚Ç¨,"Av. De La Albufera, 91, 28053",Moratalaz,Pollo
597,Pizz-a-porter,60,3.8,0.9,35‚Äì45,Pizza,‚Ç¨,"Calle De La Alianza 33,  28041",Moratalaz,Pizza
598,Chinawokexpress,200,4.2,4.25,30‚Äì50,China,‚Ç¨,"Calle Del Pico De La Maliciosa 6,  28038",Moratalaz,China
599,Streat Lab,50,4.6,1.9,40‚Äì50,Pollo,‚Ç¨,"Calle Felipe Fraile 5,  28038",Moratalaz,Pollo
600,On Rush,14,4.8,2.4,45‚Äì55,Burritos,‚Ç¨,"Av. De La Albufera, 91, 28053",Moratalaz,Burritos
601,Pizz-a-porter,60,3.8,1.9,45‚Äì55,Pizza,‚Ç¨,"Calle De Berastegui 24,  28017",Moratalaz,Pizza
602,Perla del Pacifico,30,4.3,2.4,40‚Äì50,SouthAmerica,‚Ç¨‚Ç¨‚Ç¨,"Avenida De La Albufera, 40,  28038",Moratalaz,SouthAmerica
603,El Sabroso Albufera,30,3.9,2.4,25‚Äì35,Comida r√°pida,‚Ç¨,"Calle Manuel Machado, 6, 28030",Moratalaz,Comida r√°pida
604,McDonald's,200,4.2,1.9,30‚Äì40,Hamburguesa,‚Ç¨,"Calle Del Pico De La Maliciosa 6,  28038",Moratalaz,Hamburguesa
605,Bur Burger,50,4.4,1.9,40‚Äì50,Hamburguesa,‚Ç¨,"Calle Azulejo 2,  28028",Moratalaz,Hamburguesa
606,Empanadas BAIRES,60,3.8,2.9,45‚Äì55,Empanada,‚Ç¨,"Calle Esteban Collantes, 31,  28017",Moratalaz,Empanada
607,Croqueteria Focos,60,3.8,2.9,35‚Äì45,Mediterr√°nea,‚Ç¨,"Calle De Gonzalo De Berceo 63,  28017",Moratalaz,Mediterr√°nea
608,Asador Perla del Pacifico Ascao,39,4.6,2.4,40‚Äì50,Carne,‚Ç¨,"Av. De La Albufera, 20, 28053",Moratalaz,Carne
609,Popeyes,187,4.1,1.99,20‚Äì40,Pollo,‚Ç¨,"Avenida De La Albufera 119,  28038",Moratalaz,Pollo
610,Kebab Rayo,117,3.8,1.9,35‚Äì45,Kebab,‚Ç¨,"Paseo Del Marqu√©s De Zafra 38, 28028",Moratalaz,Kebab
611,DIVE`S FOOD,60,3.8,2.4,45‚Äì55,Hamburguesa,‚Ç¨,"Calle De Juli√°n Camarillo 47,  28037",Moratalaz,Hamburguesa
612,Pic & Nic,200,4.5,3.4,30‚Äì40,SouthAmerica,‚Ç¨,"Calle De Benjam√≠n Palencia, 32,  28038",Moratalaz,SouthAmerica
613,Poke Ukelele,68,4.2,3.4,45‚Äì65,Poke,‚Ç¨,"Av. De Moratalaz, 137, 28030",Moratalaz,Poke
614,Kebab moratalaz,60,3.8,1.4,30‚Äì40,Kebab,‚Ç¨,"Av. Del Mediterr√°neo, 30, 28009",Moratalaz,Kebab
615,Mahalo Poke,60,3.8,2.5,30‚Äì50,Poke,‚Ç¨‚Ç¨,"Av. Del Marqu√©s De Corbera, 40, 28017",Moratalaz,Poke
616,Bar el casta√±o,60,3.8,2.4,35‚Äì45,Mediterr√°nea,‚Ç¨,"Calle Del Camino De Los Vinateros, 22, 28030",Moratalaz,Mediterr√°nea
617,Ankara Doner Kebab,38,4.3,1.9,30‚Äì40,Kebab,‚Ç¨,"Avenida Del Monte Igueldo 36,  28053",Moratalaz,Kebab
618,Istanbul Kebab Madrid,60,3.8,2.4,40‚Äì50,Kebab,‚Ç¨,"Calle De Benadalid 6,  28018",Moratalaz,Kebab
619,Star Kebab Pollo Asado,14,4.1,2.4,35‚Äì45,Pollo,‚Ç¨,"Av Del Monte Igueldo, 36, 28053",Moratalaz,Pollo
620,Kebab Vallecano,12,4.0,2.4,40‚Äì50,Kebab,‚Ç¨,"Calle De Ezequiel Solana, 52, 28017",Moratalaz,Kebab
621,Da Yuan,200,4.4,2.4,40‚Äì50,Comida r√°pida,‚Ç¨,C/ Felipe Fraile 5 28038,Moratalaz,Comida r√°pida
622,Pizzamarket,30,4.8,2.4,40‚Äì50,Pizza,‚Ç¨,"Calle De Ricardo Ortiz, 20, 28017",Moratalaz,Pizza
623,Tennessee BBQ,77,4.8,2.4,40‚Äì50,Pizza,‚Ç¨,"Calle De Zabaleta 1, 28002",Moratalaz,Pizza
624,Napoli Gang by Bel Mondo,200,4.6,2.4,40‚Äì50,Pizza,‚Ç¨,"Av. Del Mediterr√°neo, 21, 28008",Moratalaz,Pizza
625,Twin Pizza Mediterr√°neo,17,4.2,2.4,40‚Äì50,India,‚Ç¨,"Calle Francisco Villaespesa, 6, 28017",Moratalaz,India
626,Mother india,37,4.3,2.4,40‚Äì50,China,‚Ç¨,"Avenida Pablo Neruda 108,  28018",Moratalaz,China
627,Panda Sushi,133,4.4,2.4,40‚Äì50,Asi√°tica,‚Ç¨,"Calle Del Vizconde De Matamala 5,  28028",Moratalaz,Ensaladas
628,Cl√°sico Argentino üá¶üá∑,41,4.5,2.4,40‚Äì50,Empanada,‚Ç¨‚Ç¨,"Calle De Arias Montano, 42, 28007",Moratalaz,Empanada
629,Acqua in Bocca,36,4.3,2.4,40‚Äì50,Comida r√°pida,‚Ç¨,"Calle Buen Gobernador, 6,  28027",Moratalaz,Comida r√°pida
630,Happy Burger,90,4.3,2.4,40‚Äì50,Hamburguesa,‚Ç¨,"Calle Campo De La Paloma 32,  28018",Moratalaz,Hamburguesa
631,Arepa Mix,38,3.9,2.4,40‚Äì50,SouthAmerica,‚Ç¨,"Calle Felipe Fraile 5,  28038",Moratalaz,SouthAmerica
632,THE SCHNITZEL BOSS,60,3.8,2.4,40‚Äì50,SouthAmerica,‚Ç¨,"Calle Del Pico De La Maliciosa 6,  28038",Moratalaz,SouthAmerica
633,Frida Burritos,47,4.5,2.4,40‚Äì50,Burritos,‚Ç¨,"Calle De Gandhi 71, 28017",Moratalaz,Burritos
634,Veg&Bite,12,4.9,2.4,40‚Äì50,Dulce,‚Ç¨,"Calle Felipe Fraile 5,  28038",Moratalaz,Dulce
635,Ceviches Marakaza,60,3.8,2.4,40‚Äì50,SouthAmerica,‚Ç¨,"Calle Del Vizconde De Matamala 5,  28028",Moratalaz,SouthAmerica
636,Sushi Not Sorry,60,3.8,2.4,40‚Äì50,Asi√°tica,‚Ç¨,"Calle De Maiquez 50,  28009",Moratalaz,Asi√°tica
637,Nagasaki Sushi Retiro,60,3.8,2.4,40‚Äì50,China,‚Ç¨,"Calle Del Puerto Canfranc, 42, 28038",Moratalaz,China
638,Comida Fusi√≥n,19,3.7,2.4,40‚Äì50,Gourmet,‚Ç¨‚Ç¨‚Ç¨,"Avenida De Pe√±a Prieta 22,  28038",Moratalaz,Gourmet
639,SUKAO FOOD FUSION,60,3.8,2.5,40‚Äì60,Asi√°tica,‚Ç¨‚Ç¨‚Ç¨,"Zabaleta 1,  28002",Moratalaz,Asi√°tica
640,Nola Smoke,199,4.2,2.5,40‚Äì60,Comida r√°pida,‚Ç¨,"Calle De La Cruz Del Sur 5,  28007",Moratalaz,Comida r√°pida
641,BURRITOS & TACOS,86,3.5,2.5,40‚Äì60,Burritos,‚Ç¨,"Avenida Pe√±a Prieta 50,  28038",Moratalaz,Burritos
642,Asador Delicasa,14,4.0,2.5,40‚Äì60,Carne,‚Ç¨,"Fuente Carrantona 24, 28030",Moratalaz,Carne
643,TGB,174,3.9,2.5,40‚Äì60,Hamburguesa,‚Ç¨,"Avenida Uni√≥n Europea 5,  28850",Moratalaz,Hamburguesa
644,√Ågora Torrej√≥n,60,3.8,2.5,40‚Äì60,Asi√°tica,‚Ç¨,"Avenida De Buenos Aires 63,  28018",Moratalaz,Asi√°tica
645,Kebab Turca,60,3.8,2.5,40‚Äì60,Kebab,‚Ç¨,"Av. De La Albufera, 226, 28018",Moratalaz,Kebab
646,Ateshgah Albufera,60,3.8,2.5,40‚Äì60,Mediterr√°nea,‚Ç¨,"Avenida Pablo Neruda, 96 , 28018",Moratalaz,Mediterr√°nea
647,Superbestia,60,3.8,2.5,40‚Äì60,Pizza,‚Ç¨,"Calle De Embajadores, 12 ,  28045",Moratalaz,Pizza
648,TUTTO PASTA!,26,2.8,2.5,40‚Äì60,Pizza,‚Ç¨,"Alcalde Luis De Marichala 3, 28030",Ciudad Lineal,Pizza
649,Papa John's,127,4.1,1.4,35‚Äì45,Pizza,‚Ç¨,"Calle Azulejo 2,  28028",Ciudad Lineal,Pizza
650,Pizzer√≠a Argentina El Tr√©bol,60,3.8,2.9,45‚Äì55,Pizza,‚Ç¨,"Calle De La Alianza 33,  28041",Ciudad Lineal,Pizza
651,Chinawokexpress,200,4.2,4.25,30‚Äì50,China,‚Ç¨,"Calle Lopez de Hoyos 15, 28006",Ciudad Lineal,China
652,El Burrito Borracho,60,2.7,2.9,40‚Äì50,Burritos,‚Ç¨,"Calle Azulejo 2,  28028",Ciudad Lineal,Burritos
653,Pizzer√≠a Argentina El Tr√©bol,60,2.7,1.9,40‚Äì50,Pizza,‚Ç¨,"Calle De Berastegui 24,  28017",Ciudad Lineal,Pizza
654,Perla del Pacifico,30,4.3,1.4,35‚Äì45,SouthAmerica,‚Ç¨‚Ç¨‚Ç¨,"Calle De La Alianza 33,  28041",Ciudad Lineal,SouthAmerica
655,Chinawokexpress,200,4.2,4.25,30‚Äì50,China,‚Ç¨,"Plaza Bami, 26, 28017",Ciudad Lineal,China
656,El Burrito Borracho,60,2.7,1.4,30‚Äì40,Burritos,‚Ç¨,"Calle De Jos√© Ortega Y Gasset 94, 28006",Ciudad Lineal,Burritos
657,Empanadas Malv√≥n,48,4.9,1.9,25‚Äì35,Empanada,‚Ç¨,"Calle Azulejo 2,  28028",Ciudad Lineal,Empanada
658,Empanadas BAIRES,60,2.7,1.9,40‚Äì50,Empanada,‚Ç¨,"L√≥pez De Hoyos , 153, 28224",Ciudad Lineal,Empanada
659,Popeyes,200,4.4,1.9,35‚Äì45,Pollo,‚Ç¨,"Alcala 191, 28006",Ciudad Lineal,Pollo
660,Pastamore,98,4.6,2.4,30‚Äì40,Pizza,‚Ç¨,"Calle Esteban Collantes, 31,  28017",Ciudad Lineal,Pizza
661,Croqueteria Focos,60,2.7,1.4,25‚Äì35,Mediterr√°nea,‚Ç¨,"Calle Del Pr√≠ncipe De Vergara, 210, 28002",Ciudad Lineal,Mediterr√°nea
662,Home Burger Bar,198,4.1,2.4,35‚Äì45,Hamburguesa,‚Ç¨,"Calle De La Virgen De La Fuencisla, 19,  28027",Ciudad Lineal,Hamburguesa
663,HyH Kebab Fried Chicken,23,3.6,1.0,40‚Äì60,Pollo,‚Ç¨,"Calle Mateo Garc√≠a, 13, 28017",Ciudad Lineal,Pollo
664,Pollos Gourmet,22,2.7,1.4,25‚Äì35,Pollo,‚Ç¨,"Calle De Azcona 36,  28028",Ciudad Lineal,Pollo
665,Arepish,186,4.6,1.9,30‚Äì40,SouthAmerica,‚Ç¨,"Calle De Cronos, 6, 28037",Ciudad Lineal,SouthAmerica
666,Ichibanya,40,4.0,1.9,40‚Äì60,Comida r√°pida,‚Ç¨,"Calle De Gonzalo De Berceo 63,  28017",Ciudad Lineal,Comida r√°pida
667,Asador Perla del Pacifico Ascao,39,4.6,1.9,30‚Äì40,Carne,‚Ç¨,"Calle De Juli√°n Camarillo 47,  28037",Ciudad Lineal,Carne
668,Pic & Nic,200,4.5,2.4,25‚Äì35,SouthAmerica,‚Ç¨,"Paseo Del Marqu√©s De Zafra 38, 28028",Ciudad Lineal,SouthAmerica
669,DIVE`S FOOD,22,2.7,1.9,40‚Äì50,Hamburguesa,‚Ç¨,"Calle De Las Naciones 5,  28006",Ciudad Lineal,Hamburguesa
670,PaellaGood,22,2.7,2.4,45‚Äì55,Mediterr√°nea,‚Ç¨‚Ç¨,"Calle De Alcal√°, 339, 28027",Ciudad Lineal,SouthAmerica
671,Pa Picar,22,2.7,0.9,20‚Äì30,SouthAmerica,‚Ç¨,"Calle Del Gral. Pardi√±as, 32, 28001",Ciudad Lineal,SouthAmerica
672,Rude Burger,36,4.8,2.9,40‚Äì50,Hamburguesa,‚Ç¨‚Ç¨,"Calle Lopez de Hoyos 15, 28006",Ciudad Lineal,Hamburguesa
673,100 % Sano,22,2.7,2.9,35‚Äì45,Ensaladas,‚Ç¨‚Ç¨,"Calle De San Romualdo, 22, 28037",Ciudad Lineal,Ensaladas
674,McDonald's,200,4.2,2.4,20‚Äì30,Hamburguesa,‚Ç¨,"Calle Del Marqu√©s De Mond√©jar, 4,  28028",Ciudad Lineal,Hamburguesa
675,Thai Zafra,38,4.6,1.9,25‚Äì35,Tienda,‚Ç¨,"Calle De Mar√≠a De Molina, 44, 28006",Ciudad Lineal,Tienda
676,Flame,22,2.7,2.4,45‚Äì55,Hamburguesa,‚Ç¨,"Calle Conde De Penalver 35,  28006",Ciudad Lineal,Hamburguesa
677,Cor & Cor,35,4.3,2.4,50‚Äì60,Dulce,‚Ç¨,"Calle De Maldonado, 51, 28006",Ciudad Lineal,Dulce
678,Tiendas 7x24,140,4.8,2.4,30‚Äì40,Tienda,‚Ç¨,"Calle De M√©jico 20,  28028",Ciudad Lineal,Tienda
679,Restaurante Chino Diamante,100,4.0,1.9,35‚Äì45,China,‚Ç¨,"Calle De Emilio Gastesi Fern√°ndez 12, 28027",Ciudad Lineal,China
680,Tienduki,22,2.7,2.99,5‚Äì25,Tienda,‚Ç¨,"Calle Del Dr. Esquerdo, 10, 28028",Ciudad Lineal,Tienda
681,Empanadas Pampas,22,2.7,2.4,35‚Äì45,Empanada,‚Ç¨,"Calle Ferreter√≠a, 3, 28037",Ciudad Lineal,Empanada
682,Make doner,15,3.9,2.4,50‚Äì60,Dulce,‚Ç¨,"Calle Zabaleta 1,  28002",Ciudad Lineal,Dulce
683,CHUCK CHUCK CHICKEN,22,2.7,2.4,40‚Äì50,Pollo,‚Ç¨,"Calle De Mota Del Cuervo, 76, 28043",Ciudad Lineal,Pollo
684,El Nuevo Yantar,22,2.7,3.9,45‚Äì55,Dulce,‚Ç¨,"C/ Alcala 232, 28017",Ciudad Lineal,Dulce
685,Tim Hortons,36,4.9,1.4,25‚Äì35,Ensaladas,‚Ç¨,"Calle De Arturo Soria, 189, 28043",Ciudad Lineal,Ensaladas
686,Pasteleria Saul,27,4.2,2.4,25‚Äì35,Dulce,‚Ç¨,"Plaza Sagrado Coraz√≥n De Jes√∫s, 2, 28002",Ciudad Lineal,Dulce
687,Foster's Hollywood,65,4.2,2.4,40‚Äì50,Hamburguesa,‚Ç¨‚Ç¨,"Calle De Silvano, 77, 28043",Ciudad Lineal,Hamburguesa
688,Kebab Bosforos,80,4.5,2.9,40‚Äì50,Kebab,‚Ç¨,"Av. Del Marqu√©s De Corbera, 40, 28017",Ciudad Lineal,Kebab
689,Bar el casta√±o,22,2.7,1.9,30‚Äì40,Mediterr√°nea,‚Ç¨,"Calle De Hermosilla, 91, 28001",Ciudad Lineal,Mediterr√°nea
690,Esmirna Doner Kebap,48,4.7,2.4,35‚Äì45,Kebab,‚Ç¨,"Calle Zabaleta 1,  28002",Ciudad Lineal,Kebab
691,Golat Helados,22,2.7,2.4,35‚Äì45,Dulce,‚Ç¨,"Calle Zabaleta 1,  28002",Ciudad Lineal,Dulce
692,Frambons,22,2.7,2.4,35‚Äì45,Empanada,‚Ç¨,"Av. Del Mediterr√°neo, 30, 28009",Ciudad Lineal,Empanada
693,Mahalo Poke,22,2.7,2.5,30‚Äì50,Poke,‚Ç¨‚Ç¨,"Calle De Cartagena, 131, 28002",Ciudad Lineal,Poke
694,Doner kebap efes,23,4.7,2.4,25‚Äì35,Kebab,‚Ç¨,"Calle De L√≥pez De Hoyos, 139, 28002",Ciudad Lineal,Kebab
695,Doner kebap efes,30,4.6,1.9,30‚Äì40,Kebab,‚Ç¨,"Calle De Alcal√° 205, 28028",Ciudad Lineal,Kebab
696,100 Montaditos,22,2.7,1.9,35‚Äì45,Mediterr√°nea,‚Ç¨,"Calle Del Conde De Pe√±alver 43,   28006",Ciudad Lineal,Mediterr√°nea
697,CHOCOLATES VALOR,12,4.1,2.9,60‚Äì70,Dulce,‚Ç¨,"Calle De Francisco Silvela 63,  28006",Ciudad Lineal,Dulce
698,Sumo Grill,26,4.5,2.9,60‚Äì70,Kebab,‚Ç¨,"Calle De Ezequiel Solana, 52, 28017",Ciudad Lineal,Kebab
699,Da Yuan,200,4.4,2.9,60‚Äì70,Pizza,‚Ç¨,"Calle Del Conde De Pe√±alver, 66, 28006",Ciudad Lineal,Pizza
700,Filippo Pizza,22,2.7,2.9,60‚Äì70,Hamburguesa,‚Ç¨,"Calle De Ricardo Ortiz, 20, 28017",Ciudad Lineal,Hamburguesa
701,Tennessee BBQ,77,4.8,2.9,60‚Äì70,Hamburguesa,‚Ç¨,"Calle Lopez de Hoyos 15, 28006",Ciudad Lineal,Hamburguesa